timestamp,email,login_time,session_active,user_cpu,user_mem,user_disk,emails_sent
2025-08-13 12:21:22,alice@test.com,2025-08-13 11:43:22,True,11.02,16.72,59.87,3
2025-08-13 12:21:22,bob@test.com,,False,0.0,0.0,0.0,0
2025-08-13 12:21:22,hanilee@test.com,2025-08-13 12:15:22,True,26.62,29.18,78.18,4
2025-08-13 12:21:22,tim@test.com,2025-08-13 11:33:22,True,34.52,10.57,36.05,1
2025-08-13 12:21:22,fran@test.com,,False,0.0,0.0,0.0,0
2025-08-13 12:21:22,delen@test.com,,False,0.0,0.0,0.0,0
2025-08-13 12:21:22,sera@test.com,2025-08-13 11:21:22,True,43.67,16.83,23.32,1
2025-08-13 12:21:22,jack@test.com,,False,0.0,0.0,0.0,0
2025-08-13 12:21:24,alice@test.com,2025-08-13 11:43:22,True,9.76,15.28,61.94,1
2025-08-13 12:21:24,bob@test.com,2025-08-13 12:19:24,True,54.92,45.72,72.47,6
2025-08-13 12:21:24,hanilee@test.com,2025-08-13 12:15:22,True,20.92,33.06,76.37,2
2025-08-13 12:21:24,tim@test.com,2025-08-13 11:33:22,True,32.49,10.99,38.49,0
2025-08-13 12:21:24,fran@test.com,,False,0.0,0.0,0.0,0
2025-08-13 12:21:24,delen@test.com,2025-08-13 10:51:24,True,53.86,12.59,49.4,3
2025-08-13 12:21:24,sera@test.com,2025-08-13 11:21:22,True,45.98,17.26,24.56,1
2025-08-13 12:21:24,jack@test.com,2025-08-13 10:48:24,True,23.54,17.43,11.26,0
2025-08-13 12:21:26,alice@test.com,2025-08-13 11:43:22,True,7.28,22.87,64.89,3
2025-08-13 12:21:26,bob@test.com,2025-08-13 12:19:24,True,61.25,49.26,70.09,6
2025-08-13 12:21:26,hanilee@test.com,2025-08-13 12:15:22,True,25.48,33.06,77.18,4
2025-08-13 12:21:26,tim@test.com,2025-08-13 11:33:22,True,34.98,16.34,39.16,1
2025-08-13 12:21:26,fran@test.com,2025-08-13 12:13:26,True,46.76,11.91,54.44,2
2025-08-13 12:21:26,delen@test.com,2025-08-13 10:51:24,True,53.06,15.34,46.52,2
2025-08-13 12:21:26,sera@test.com,2025-08-13 11:21:22,True,47.51,18.31,24.89,0
2025-08-13 12:21:26,jack@test.com,2025-08-13 10:48:24,True,18.65,17.1,8.93,0
2025-08-13 12:21:28,alice@test.com,2025-08-13 11:43:22,True,3.17,21.48,64.96,2
2025-08-13 12:21:28,bob@test.com,2025-08-13 12:19:24,True,62.83,41.51,69.52,5
2025-08-13 12:21:28,hanilee@test.com,2025-08-13 12:15:22,True,20.54,30.72,76.34,3
2025-08-13 12:21:28,tim@test.com,2025-08-13 11:33:22,True,34.88,15.45,39.04,0
2025-08-13 12:21:28,fran@test.com,2025-08-13 12:13:26,True,39.74,14.38,48.65,4
2025-08-13 12:21:28,delen@test.com,2025-08-13 10:51:24,True,48.8,6.81,49.85,3
2025-08-13 12:21:28,sera@test.com,2025-08-13 11:21:22,True,50.45,15.86,25.87,0
2025-08-13 12:21:28,jack@test.com,2025-08-13 10:48:24,True,23.01,19.04,11.02,2
2025-08-13 12:21:30,alice@test.com,2025-08-13 11:43:22,True,12.42,18.37,64.85,1
2025-08-13 12:21:30,bob@test.com,2025-08-13 12:19:24,True,58.91,42.53,73.61,6
2025-08-13 12:21:30,hanilee@test.com,2025-08-13 12:15:22,True,31.18,30.82,73.62,1
2025-08-13 12:21:30,tim@test.com,2025-08-13 11:33:22,True,29.47,14.14,39.94,1
2025-08-13 12:21:30,fran@test.com,2025-08-13 12:13:26,True,47.77,15.21,50.07,3
2025-08-13 12:21:30,delen@test.com,2025-08-13 10:51:24,True,48.55,13.39,46.49,3
2025-08-13 12:21:30,sera@test.com,2025-08-13 11:21:22,True,49.92,16.3,23.41,2
2025-08-13 12:21:30,jack@test.com,2025-08-13 10:48:24,True,16.26,16.93,9.09,0
2025-08-13 12:21:32,alice@test.com,2025-08-13 11:43:22,True,12.65,20.12,64.62,2
2025-08-13 12:21:32,bob@test.com,2025-08-13 12:19:24,True,60.32,53.28,72.71,6
2025-08-13 12:21:32,hanilee@test.com,2025-08-13 12:15:22,True,27.99,32.7,74.73,3
2025-08-13 12:21:32,tim@test.com,2025-08-13 11:33:22,True,36.6,12.39,41.33,0
2025-08-13 12:21:32,fran@test.com,2025-08-13 12:13:26,True,40.35,14.89,49.62,2
2025-08-13 12:21:32,delen@test.com,2025-08-13 10:51:24,True,49.25,15.71,48.96,4
2025-08-13 12:21:32,sera@test.com,2025-08-13 11:21:22,True,54.05,21.86,25.1,2
2025-08-13 12:21:32,jack@test.com,2025-08-13 10:48:24,True,13.0,15.2,12.24,2
2025-08-13 12:21:34,alice@test.com,2025-08-13 11:43:22,True,7.61,17.79,64.28,2
2025-08-13 12:21:34,bob@test.com,2025-08-13 12:19:24,True,61.61,44.16,72.82,4
2025-08-13 12:21:34,hanilee@test.com,2025-08-13 12:15:22,True,25.06,30.22,76.51,2
2025-08-13 12:21:34,tim@test.com,2025-08-13 11:33:22,True,40.53,11.21,39.24,1
2025-08-13 12:21:34,fran@test.com,2025-08-13 12:13:26,True,40.28,11.1,48.65,2
2025-08-13 12:21:34,delen@test.com,2025-08-13 10:51:24,True,57.04,16.25,50.63,5
2025-08-13 12:21:34,sera@test.com,2025-08-13 11:21:22,True,49.31,14.21,26.35,2
2025-08-13 12:21:34,jack@test.com,2025-08-13 10:48:24,True,17.73,14.66,8.99,1
2025-08-13 12:21:36,alice@test.com,2025-08-13 11:43:22,True,12.58,19.16,64.33,1
2025-08-13 12:21:36,bob@test.com,2025-08-13 12:19:24,True,60.89,49.95,70.33,3
2025-08-13 12:21:36,hanilee@test.com,2025-08-13 12:15:22,True,22.78,26.85,77.62,4
2025-08-13 12:21:36,tim@test.com,2025-08-13 11:33:22,True,40.09,12.42,37.47,2
2025-08-13 12:21:36,fran@test.com,2025-08-13 12:13:26,True,45.05,8.22,48.41,2
2025-08-13 12:21:36,delen@test.com,2025-08-13 10:51:24,True,55.04,19.38,48.09,4
2025-08-13 12:21:36,sera@test.com,2025-08-13 11:21:22,True,45.77,15.46,21.65,2
2025-08-13 12:21:36,jack@test.com,2025-08-13 10:48:24,True,20.5,21.72,9.23,1
2025-08-13 12:21:38,alice@test.com,2025-08-13 11:43:22,True,12.82,18.48,59.07,3
2025-08-13 12:21:38,bob@test.com,2025-08-13 12:19:24,True,53.87,43.09,67.62,5
2025-08-13 12:21:38,hanilee@test.com,2025-08-13 12:15:22,True,21.4,24.23,77.62,1
2025-08-13 12:21:38,tim@test.com,2025-08-13 11:33:22,True,36.26,13.56,36.76,1
2025-08-13 12:21:38,fran@test.com,2025-08-13 12:13:26,True,47.4,16.42,52.62,3
2025-08-13 12:21:38,delen@test.com,2025-08-13 10:51:24,True,49.02,15.54,51.03,4
2025-08-13 12:21:38,sera@test.com,2025-08-13 11:21:22,True,46.92,16.87,25.71,2
2025-08-13 12:21:38,jack@test.com,2025-08-13 10:48:24,True,23.54,13.57,8.53,0
2025-08-13 12:21:40,alice@test.com,2025-08-13 11:43:22,True,8.22,17.16,63.6,3
2025-08-13 12:21:40,bob@test.com,2025-08-13 12:19:24,True,62.48,47.21,70.37,6
2025-08-13 12:21:40,hanilee@test.com,2025-08-13 12:15:22,True,18.03,35.69,78.67,3
2025-08-13 12:21:40,tim@test.com,2025-08-13 11:33:22,True,33.31,7.62,39.23,1
2025-08-13 12:21:40,fran@test.com,2025-08-13 12:13:26,True,46.54,10.3,47.43,3
2025-08-13 12:21:40,delen@test.com,2025-08-13 10:51:24,True,58.12,14.55,52.31,3
2025-08-13 12:21:40,sera@test.com,2025-08-13 11:21:22,True,48.51,13.04,26.39,2
2025-08-13 12:21:40,jack@test.com,2025-08-13 10:48:24,True,15.6,15.19,9.06,0
2025-08-13 12:21:42,alice@test.com,2025-08-13 11:43:22,True,12.0,14.9,61.22,0
2025-08-13 12:21:42,bob@test.com,2025-08-13 12:19:24,True,62.3,40.11,71.3,7
2025-08-13 12:21:42,hanilee@test.com,2025-08-13 12:15:22,True,24.7,38.27,76.5,3
2025-08-13 12:21:42,tim@test.com,2025-08-13 11:33:22,True,30.78,13.75,41.42,2
2025-08-13 12:21:42,fran@test.com,2025-08-13 12:13:26,True,45.32,13.11,45.93,3
2025-08-13 12:21:42,delen@test.com,2025-08-13 10:51:24,True,52.01,16.41,47.43,3
2025-08-13 12:21:42,sera@test.com,2025-08-13 11:21:22,True,46.07,18.79,23.98,1
2025-08-13 12:21:42,jack@test.com,2025-08-13 10:48:24,True,21.25,14.23,7.61,1
2025-08-13 12:21:44,alice@test.com,2025-08-13 11:43:22,True,13.14,16.3,58.98,2
2025-08-13 12:21:44,bob@test.com,2025-08-13 12:19:24,True,64.84,41.71,70.8,4
2025-08-13 12:21:44,hanilee@test.com,2025-08-13 12:15:22,True,28.34,32.28,78.99,1
2025-08-13 12:21:44,tim@test.com,2025-08-13 11:33:22,True,32.2,13.37,42.98,2
2025-08-13 12:21:44,fran@test.com,2025-08-13 12:13:26,True,45.29,13.96,54.34,3
2025-08-13 12:21:44,delen@test.com,2025-08-13 10:51:24,True,53.31,11.52,49.73,6
2025-08-13 12:21:44,sera@test.com,2025-08-13 11:21:22,True,51.77,16.22,25.71,3
2025-08-13 12:21:44,jack@test.com,2025-08-13 10:48:24,True,19.42,13.41,10.85,0
2025-08-13 12:21:46,alice@test.com,2025-08-13 11:43:22,True,12.88,17.9,65.44,2
2025-08-13 12:21:46,bob@test.com,2025-08-13 12:19:24,True,64.64,40.12,68.99,6
2025-08-13 12:21:46,hanilee@test.com,2025-08-13 12:15:22,True,22.52,31.16,75.17,2
2025-08-13 12:21:46,tim@test.com,2025-08-13 11:33:22,True,29.94,14.4,41.53,2
2025-08-13 12:21:46,fran@test.com,2025-08-13 12:13:26,True,47.12,10.33,50.87,1
2025-08-13 12:21:46,delen@test.com,2025-08-13 10:51:24,True,61.64,14.72,48.45,5
2025-08-13 12:21:46,sera@test.com,2025-08-13 11:21:22,True,48.87,11.96,23.97,1
2025-08-13 12:21:46,jack@test.com,2025-08-13 10:48:24,True,19.33,16.32,9.69,1
2025-08-13 12:21:48,alice@test.com,2025-08-13 11:43:22,True,8.45,15.78,61.13,1
2025-08-13 12:21:48,bob@test.com,2025-08-13 12:19:24,True,60.84,46.63,70.89,6
2025-08-13 12:21:48,hanilee@test.com,2025-08-13 12:15:22,True,27.32,27.14,77.8,3
2025-08-13 12:21:48,tim@test.com,2025-08-13 11:33:22,True,33.82,7.41,40.59,2
2025-08-13 12:21:48,fran@test.com,2025-08-13 12:13:26,True,49.77,13.68,49.5,3
2025-08-13 12:21:48,delen@test.com,2025-08-13 10:51:24,True,56.48,19.64,50.71,2
2025-08-13 12:21:48,sera@test.com,2025-08-13 11:21:22,True,47.86,15.39,29.87,1
2025-08-13 12:21:48,jack@test.com,2025-08-13 10:48:24,True,20.39,16.72,8.86,0
2025-08-13 12:21:50,alice@test.com,2025-08-13 11:43:22,True,1.89,15.83,64.69,1
2025-08-13 12:21:50,bob@test.com,2025-08-13 12:19:24,True,59.45,47.63,66.76,6
2025-08-13 12:21:50,hanilee@test.com,2025-08-13 12:15:22,True,25.27,26.85,76.21,0
2025-08-13 12:21:50,tim@test.com,2025-08-13 11:33:22,True,38.29,13.47,38.5,2
2025-08-13 12:21:50,fran@test.com,2025-08-13 12:13:26,True,48.96,13.82,50.8,3
2025-08-13 12:21:50,delen@test.com,2025-08-13 10:51:24,True,61.87,15.8,53.9,3
2025-08-13 12:21:50,sera@test.com,2025-08-13 11:21:22,True,45.84,18.24,25.16,2
2025-08-13 12:21:50,jack@test.com,2025-08-13 10:48:24,True,19.5,16.54,10.19,0
2025-08-13 12:21:52,alice@test.com,2025-08-13 11:43:22,True,7.25,19.8,65.17,3
2025-08-13 12:21:52,bob@test.com,2025-08-13 12:19:24,True,59.77,39.96,71.92,6
2025-08-13 12:21:52,hanilee@test.com,2025-08-13 12:15:22,True,20.41,32.23,74.5,3
2025-08-13 12:21:52,tim@test.com,2025-08-13 11:33:22,True,34.13,10.35,41.0,1
2025-08-13 12:21:52,fran@test.com,2025-08-13 12:13:26,True,45.86,9.75,53.0,2
2025-08-13 12:21:52,delen@test.com,2025-08-13 10:51:24,True,55.27,17.83,50.62,2
2025-08-13 12:21:52,sera@test.com,2025-08-13 11:21:22,True,57.29,16.48,23.72,2
2025-08-13 12:21:52,jack@test.com,2025-08-13 10:48:24,True,19.43,25.72,7.23,0
2025-08-13 12:21:54,alice@test.com,2025-08-13 11:43:22,True,7.86,16.94,64.36,1
2025-08-13 12:21:54,bob@test.com,2025-08-13 12:19:24,True,63.32,46.83,72.9,6
2025-08-13 12:21:54,hanilee@test.com,2025-08-13 12:15:22,True,25.9,31.69,80.58,3
2025-08-13 12:21:54,tim@test.com,2025-08-13 11:33:22,True,38.29,15.33,38.57,3
2025-08-13 12:21:54,fran@test.com,2025-08-13 12:13:26,True,46.13,17.76,51.24,2
2025-08-13 12:21:54,delen@test.com,2025-08-13 10:51:24,True,53.8,12.73,50.23,3
2025-08-13 12:21:54,sera@test.com,2025-08-13 11:21:22,True,51.37,9.45,27.3,0
2025-08-13 12:21:54,jack@test.com,2025-08-13 10:48:24,True,21.04,13.85,8.29,1
2025-08-13 12:21:56,alice@test.com,2025-08-13 11:43:22,True,12.46,20.72,61.97,1
2025-08-13 12:21:56,bob@test.com,2025-08-13 12:19:24,True,58.71,45.87,72.17,5
2025-08-13 12:21:56,hanilee@test.com,2025-08-13 12:15:22,True,29.58,30.07,76.17,3
2025-08-13 12:21:56,tim@test.com,2025-08-13 11:33:22,True,35.21,11.82,39.29,2
2025-08-13 12:21:56,fran@test.com,2025-08-13 12:13:26,True,47.27,17.11,50.89,3
2025-08-13 12:21:56,delen@test.com,2025-08-13 10:51:24,True,52.83,13.61,50.91,5
2025-08-13 12:21:56,sera@test.com,2025-08-13 11:21:22,True,44.78,19.82,24.49,0
2025-08-13 12:21:56,jack@test.com,2025-08-13 10:48:24,True,15.73,14.55,9.35,3
2025-08-13 12:21:58,alice@test.com,2025-08-13 11:43:22,True,13.91,17.49,59.06,2
2025-08-13 12:21:58,bob@test.com,2025-08-13 12:19:24,True,59.51,51.42,68.98,6
2025-08-13 12:21:58,hanilee@test.com,2025-08-13 12:15:22,True,25.7,34.96,77.83,1
2025-08-13 12:21:58,tim@test.com,2025-08-13 11:33:22,True,34.3,12.25,40.65,1
2025-08-13 12:21:58,fran@test.com,2025-08-13 12:13:26,True,44.43,14.19,50.45,3
2025-08-13 12:21:58,delen@test.com,2025-08-13 10:51:24,True,50.92,19.02,49.61,2
2025-08-13 12:21:58,sera@test.com,2025-08-13 11:21:22,True,47.17,14.36,27.48,0
2025-08-13 12:21:58,jack@test.com,2025-08-13 10:48:24,True,22.49,14.97,15.19,0
2025-08-13 12:22:00,alice@test.com,2025-08-13 11:43:22,True,10.19,18.16,64.01,0
2025-08-13 12:22:00,bob@test.com,2025-08-13 12:19:24,True,58.78,41.2,66.89,5
2025-08-13 12:22:00,hanilee@test.com,2025-08-13 12:15:22,True,22.24,31.39,76.94,2
2025-08-13 12:22:00,tim@test.com,2025-08-13 11:33:22,True,36.36,10.31,40.6,2
2025-08-13 12:22:00,fran@test.com,2025-08-13 12:13:26,True,45.66,14.56,48.79,1
2025-08-13 12:22:00,delen@test.com,2025-08-13 10:51:24,True,59.32,16.2,53.47,2
2025-08-13 12:22:00,sera@test.com,2025-08-13 11:21:22,True,44.69,18.24,25.83,0
2025-08-13 12:22:00,jack@test.com,2025-08-13 10:48:24,True,18.2,15.6,11.21,0
2025-08-13 12:22:02,alice@test.com,2025-08-13 11:43:22,True,6.62,20.4,65.05,1
2025-08-13 12:22:02,bob@test.com,2025-08-13 12:19:24,True,60.08,46.26,70.16,5
2025-08-13 12:22:02,hanilee@test.com,2025-08-13 12:15:22,True,23.72,30.32,77.55,1
2025-08-13 12:22:02,tim@test.com,2025-08-13 11:33:22,True,32.74,10.24,38.73,2
2025-08-13 12:22:02,fran@test.com,2025-08-13 12:13:26,True,45.64,10.27,52.82,3
2025-08-13 12:22:02,delen@test.com,2025-08-13 10:51:24,True,51.99,12.16,46.6,3
2025-08-13 12:22:02,sera@test.com,2025-08-13 11:21:22,True,57.42,20.53,23.57,3
2025-08-13 12:22:02,jack@test.com,2025-08-13 10:48:24,True,18.42,16.94,9.26,1
2025-08-13 12:22:04,alice@test.com,2025-08-13 11:43:22,True,6.56,20.37,58.87,2
2025-08-13 12:22:04,bob@test.com,2025-08-13 12:19:24,True,64.17,49.84,70.85,6
2025-08-13 12:22:04,hanilee@test.com,2025-08-13 12:15:22,True,28.89,28.14,78.07,1
2025-08-13 12:22:04,tim@test.com,2025-08-13 11:33:22,True,34.57,12.24,39.39,2
2025-08-13 12:22:04,fran@test.com,2025-08-13 12:13:26,True,44.5,7.31,53.96,3
2025-08-13 12:22:04,delen@test.com,2025-08-13 10:51:24,True,52.41,18.7,52.45,2
2025-08-13 12:22:04,sera@test.com,2025-08-13 11:21:22,True,48.61,11.29,23.3,2
2025-08-13 12:22:04,jack@test.com,2025-08-13 10:48:24,True,22.04,16.24,10.3,3
2025-08-13 12:22:06,alice@test.com,2025-08-13 11:43:22,True,12.7,11.56,62.36,0
2025-08-13 12:22:06,bob@test.com,2025-08-13 12:19:24,True,59.05,41.62,69.18,6
2025-08-13 12:22:06,hanilee@test.com,2025-08-13 12:15:22,True,24.63,24.21,76.7,3
2025-08-13 12:22:06,tim@test.com,2025-08-13 11:33:22,True,28.9,13.19,44.03,1
2025-08-13 12:22:06,fran@test.com,2025-08-13 12:13:26,True,44.56,17.91,48.44,3
2025-08-13 12:22:06,delen@test.com,2025-08-13 10:51:24,True,59.68,16.43,49.71,5
2025-08-13 12:22:06,sera@test.com,2025-08-13 11:21:22,True,52.76,16.82,24.33,3
2025-08-13 12:22:06,jack@test.com,2025-08-13 10:48:24,True,23.52,20.98,10.68,1
2025-08-13 12:22:08,alice@test.com,2025-08-13 11:43:22,True,9.28,20.12,62.81,1
2025-08-13 12:22:08,bob@test.com,2025-08-13 12:19:24,True,59.06,47.96,69.76,6
2025-08-13 12:22:08,hanilee@test.com,2025-08-13 12:15:22,True,24.65,29.11,77.77,2
2025-08-13 12:22:08,tim@test.com,2025-08-13 11:33:22,True,37.96,12.51,37.43,1
2025-08-13 12:22:08,fran@test.com,2025-08-13 12:13:26,True,46.96,15.14,47.41,2
2025-08-13 12:22:08,delen@test.com,2025-08-13 10:51:24,True,56.27,16.78,48.13,4
2025-08-13 12:22:08,sera@test.com,2025-08-13 11:21:22,True,52.18,14.81,28.96,1
2025-08-13 12:22:08,jack@test.com,2025-08-13 10:48:24,True,17.97,16.19,11.29,0
2025-08-13 12:22:10,alice@test.com,2025-08-13 11:43:22,True,8.02,15.16,63.89,0
2025-08-13 12:22:10,bob@test.com,2025-08-13 12:19:24,True,61.55,40.16,70.3,7
2025-08-13 12:22:10,hanilee@test.com,2025-08-13 12:15:22,True,24.82,32.06,78.94,2
2025-08-13 12:22:10,tim@test.com,2025-08-13 11:33:22,True,36.31,9.94,39.25,0
2025-08-13 12:22:10,fran@test.com,2025-08-13 12:13:26,True,47.05,12.29,51.05,2
2025-08-13 12:22:10,delen@test.com,2025-08-13 10:51:24,True,55.59,11.67,51.48,3
2025-08-13 12:22:10,sera@test.com,2025-08-13 11:21:22,True,51.77,18.43,28.22,1
2025-08-13 12:22:10,jack@test.com,2025-08-13 10:48:24,True,20.33,18.23,12.24,0
2025-08-13 12:22:12,alice@test.com,2025-08-13 11:43:22,True,4.8,18.35,62.02,3
2025-08-13 12:22:12,bob@test.com,2025-08-13 12:19:24,True,58.46,48.58,72.07,5
2025-08-13 12:22:12,hanilee@test.com,2025-08-13 12:15:22,True,24.0,28.43,77.53,1
2025-08-13 12:22:12,tim@test.com,2025-08-13 11:33:22,True,35.05,11.28,39.37,2
2025-08-13 12:22:12,fran@test.com,2025-08-13 12:13:26,True,44.66,22.86,48.11,2
2025-08-13 12:22:12,delen@test.com,2025-08-13 10:51:24,True,56.73,14.94,49.86,3
2025-08-13 12:22:12,sera@test.com,2025-08-13 11:21:22,True,50.95,12.14,24.81,1
2025-08-13 12:22:12,jack@test.com,2025-08-13 10:48:24,True,20.29,16.7,10.28,1
2025-08-13 12:22:14,alice@test.com,2025-08-13 11:43:22,True,9.34,21.05,61.5,2
2025-08-13 12:22:14,bob@test.com,2025-08-13 12:19:24,True,56.49,43.41,64.84,8
2025-08-13 12:22:14,hanilee@test.com,2025-08-13 12:15:22,True,24.48,29.5,76.63,2
2025-08-13 12:22:14,tim@test.com,2025-08-13 11:33:22,True,30.39,8.24,41.43,1
2025-08-13 12:22:14,fran@test.com,2025-08-13 12:13:26,True,40.43,16.81,48.43,4
2025-08-13 12:22:14,delen@test.com,2025-08-13 10:51:24,True,56.31,22.82,54.71,4
2025-08-13 12:22:14,sera@test.com,2025-08-13 11:21:22,True,52.85,15.97,24.22,2
2025-08-13 12:22:14,jack@test.com,2025-08-13 10:48:24,True,20.63,20.56,10.97,1
2025-08-13 12:22:16,alice@test.com,2025-08-13 11:43:22,True,9.44,20.77,60.91,1
2025-08-13 12:22:16,bob@test.com,2025-08-13 12:19:24,True,59.79,41.59,66.9,6
2025-08-13 12:22:16,hanilee@test.com,2025-08-13 12:15:22,True,30.06,30.01,76.23,3
2025-08-13 12:22:16,tim@test.com,2025-08-13 11:33:22,True,35.91,13.15,40.44,1
2025-08-13 12:22:16,fran@test.com,2025-08-13 12:13:26,True,45.64,10.85,48.23,2
2025-08-13 12:22:16,delen@test.com,2025-08-13 10:51:24,True,52.54,12.23,52.23,4
2025-08-13 12:22:16,sera@test.com,2025-08-13 11:21:22,True,50.14,12.77,27.09,3
2025-08-13 12:22:16,jack@test.com,2025-08-13 10:48:24,True,13.88,13.63,6.8,0
2025-08-13 12:22:18,alice@test.com,2025-08-13 11:43:22,True,6.16,15.25,61.59,1
2025-08-13 12:22:18,bob@test.com,2025-08-13 12:19:24,True,59.84,45.3,68.21,6
2025-08-13 12:22:18,hanilee@test.com,2025-08-13 12:15:22,True,24.31,28.29,72.95,3
2025-08-13 12:22:18,tim@test.com,2025-08-13 11:33:22,True,31.77,7.21,40.38,4
2025-08-13 12:22:18,fran@test.com,2025-08-13 12:13:26,True,44.84,13.6,51.97,3
2025-08-13 12:22:18,delen@test.com,2025-08-13 10:51:24,True,58.7,14.13,45.97,0
2025-08-13 12:22:18,sera@test.com,2025-08-13 11:21:22,True,50.43,16.08,25.85,0
2025-08-13 12:22:18,jack@test.com,2025-08-13 10:48:24,True,20.51,18.32,10.81,1
2025-08-13 12:22:20,alice@test.com,2025-08-13 11:43:22,True,11.74,17.67,59.45,2
2025-08-13 12:22:20,bob@test.com,2025-08-13 12:19:24,True,57.86,41.38,72.0,5
2025-08-13 12:22:20,hanilee@test.com,2025-08-13 12:15:22,True,23.21,29.26,77.31,2
2025-08-13 12:22:20,tim@test.com,2025-08-13 11:33:22,True,39.58,10.94,40.08,2
2025-08-13 12:22:20,fran@test.com,2025-08-13 12:13:26,True,46.17,15.47,51.58,3
2025-08-13 12:22:20,delen@test.com,2025-08-13 10:51:24,True,56.01,14.72,49.82,5
2025-08-13 12:22:20,sera@test.com,2025-08-13 11:21:22,True,47.04,18.43,26.39,1
2025-08-13 12:22:20,jack@test.com,2025-08-13 10:48:24,True,20.5,16.12,9.65,1
2025-08-13 12:22:22,alice@test.com,2025-08-13 11:43:22,True,1.26,17.92,60.84,0
2025-08-13 12:22:22,bob@test.com,2025-08-13 12:19:24,True,63.79,39.17,71.37,5
2025-08-13 12:22:22,hanilee@test.com,2025-08-13 12:15:22,True,26.01,27.47,75.54,2
2025-08-13 12:22:22,tim@test.com,2025-08-13 11:33:22,True,33.82,9.07,38.94,1
2025-08-13 12:22:22,fran@test.com,2025-08-13 12:13:26,True,47.41,6.89,52.38,2
2025-08-13 12:22:22,delen@test.com,2025-08-13 10:51:24,True,51.23,12.09,50.77,3
2025-08-13 12:22:22,sera@test.com,2025-08-13 11:21:22,True,46.63,16.34,25.41,2
2025-08-13 12:22:22,jack@test.com,2025-08-13 10:48:24,True,18.98,17.45,6.38,1
2025-08-13 12:22:24,alice@test.com,2025-08-13 11:43:22,True,8.86,20.67,63.03,1
2025-08-13 12:22:24,bob@test.com,2025-08-13 12:19:24,True,59.42,46.54,71.68,5
2025-08-13 12:22:24,hanilee@test.com,2025-08-13 12:15:22,True,22.52,31.68,76.54,3
2025-08-13 12:22:24,tim@test.com,2025-08-13 11:33:22,True,35.48,12.66,36.95,2
2025-08-13 12:22:24,fran@test.com,2025-08-13 12:13:26,True,41.21,9.94,45.93,4
2025-08-13 12:22:24,delen@test.com,2025-08-13 10:51:24,True,55.33,16.25,52.26,4
2025-08-13 12:22:24,sera@test.com,2025-08-13 11:21:22,True,44.68,19.28,25.57,2
2025-08-13 12:22:24,jack@test.com,2025-08-13 10:48:24,True,26.16,23.39,8.12,1
2025-08-13 12:22:26,alice@test.com,2025-08-13 11:43:22,True,7.85,25.13,61.5,3
2025-08-13 12:22:26,bob@test.com,2025-08-13 12:19:24,True,59.11,48.86,66.68,7
2025-08-13 12:22:26,hanilee@test.com,2025-08-13 12:15:22,True,27.45,31.89,74.12,3
2025-08-13 12:22:26,tim@test.com,2025-08-13 11:33:22,True,35.04,6.39,41.66,1
2025-08-13 12:22:26,fran@test.com,2025-08-13 12:13:26,True,46.94,14.58,48.25,2
2025-08-13 12:22:26,delen@test.com,2025-08-13 10:51:24,True,58.87,18.06,51.56,2
2025-08-13 12:22:26,sera@test.com,2025-08-13 11:21:22,True,54.75,16.18,24.94,1
2025-08-13 12:22:26,jack@test.com,2025-08-13 10:48:24,True,23.7,18.49,13.16,2
2025-08-13 12:22:28,alice@test.com,2025-08-13 11:43:22,True,7.17,20.08,61.3,2
2025-08-13 12:22:28,bob@test.com,2025-08-13 12:19:24,True,66.64,41.94,70.13,5
2025-08-13 12:22:28,hanilee@test.com,2025-08-13 12:15:22,True,21.74,32.99,77.1,2
2025-08-13 12:22:28,tim@test.com,2025-08-13 11:33:22,True,37.45,15.64,41.72,3
2025-08-13 12:22:28,fran@test.com,2025-08-13 12:13:26,True,44.31,14.46,50.23,3
2025-08-13 12:22:28,delen@test.com,2025-08-13 10:51:24,True,53.58,14.93,52.36,5
2025-08-13 12:22:28,sera@test.com,2025-08-13 11:21:22,True,48.6,17.84,22.55,1
2025-08-13 12:22:28,jack@test.com,2025-08-13 10:48:24,True,21.3,16.34,9.17,0
2025-08-13 12:22:30,alice@test.com,2025-08-13 11:43:22,True,13.49,17.99,63.01,0
2025-08-13 12:22:30,bob@test.com,2025-08-13 12:19:24,True,63.56,46.05,74.76,6
2025-08-13 12:22:30,hanilee@test.com,2025-08-13 12:15:22,True,22.94,23.36,79.12,4
2025-08-13 12:22:30,tim@test.com,2025-08-13 11:33:22,True,37.84,9.89,39.34,1
2025-08-13 12:22:30,fran@test.com,2025-08-13 12:13:26,True,46.93,12.21,50.33,3
2025-08-13 12:22:30,delen@test.com,2025-08-13 10:51:24,True,53.05,17.06,52.3,3
2025-08-13 12:22:30,sera@test.com,2025-08-13 11:21:22,True,50.78,16.33,24.18,0
2025-08-13 12:22:30,jack@test.com,2025-08-13 10:48:24,True,16.95,16.85,13.44,1
2025-08-13 12:22:32,alice@test.com,2025-08-13 11:43:22,True,13.46,23.04,63.24,2
2025-08-13 12:22:32,bob@test.com,2025-08-13 12:19:24,True,62.71,46.15,68.14,6
2025-08-13 12:22:32,hanilee@test.com,2025-08-13 12:15:22,True,26.78,30.55,76.41,3
2025-08-13 12:22:32,tim@test.com,2025-08-13 11:33:22,True,29.53,14.11,38.7,0
2025-08-13 12:22:32,fran@test.com,2025-08-13 12:13:26,True,52.36,12.84,50.06,3
2025-08-13 12:22:32,delen@test.com,2025-08-13 10:51:24,True,56.81,9.17,51.67,3
2025-08-13 12:22:32,sera@test.com,2025-08-13 11:21:22,True,49.83,15.75,24.62,3
2025-08-13 12:22:32,jack@test.com,2025-08-13 10:48:24,True,20.95,19.48,9.68,0
2025-08-13 12:22:34,alice@test.com,2025-08-13 11:43:22,True,9.53,24.62,59.57,1
2025-08-13 12:22:34,bob@test.com,2025-08-13 12:19:24,True,58.1,41.21,70.48,6
2025-08-13 12:22:34,hanilee@test.com,2025-08-13 12:15:22,True,27.84,32.5,76.88,2
2025-08-13 12:22:34,tim@test.com,2025-08-13 11:33:22,True,35.81,11.95,39.38,0
2025-08-13 12:22:34,fran@test.com,2025-08-13 12:13:26,True,47.91,14.3,47.66,4
2025-08-13 12:22:34,delen@test.com,2025-08-13 10:51:24,True,57.85,15.07,50.85,4
2025-08-13 12:22:34,sera@test.com,2025-08-13 11:21:22,True,49.62,16.56,24.82,2
2025-08-13 12:22:34,jack@test.com,2025-08-13 10:48:24,True,16.79,17.22,7.83,1
2025-08-13 12:22:36,alice@test.com,2025-08-13 11:43:22,True,5.08,22.97,59.04,1
2025-08-13 12:22:36,bob@test.com,2025-08-13 12:19:24,True,59.93,41.42,67.38,5
2025-08-13 12:22:36,hanilee@test.com,2025-08-13 12:15:22,True,27.14,32.57,80.15,3
2025-08-13 12:22:36,tim@test.com,2025-08-13 11:33:22,True,30.31,7.28,40.9,3
2025-08-13 12:22:36,fran@test.com,2025-08-13 12:13:26,True,44.75,13.27,46.16,2
2025-08-13 12:22:36,delen@test.com,2025-08-13 10:51:24,True,56.67,16.31,51.21,4
2025-08-13 12:22:36,sera@test.com,2025-08-13 11:21:22,True,49.3,19.11,27.1,1
2025-08-13 12:22:36,jack@test.com,2025-08-13 10:48:24,True,22.17,15.04,11.8,0
2025-08-13 12:22:38,alice@test.com,2025-08-13 11:43:22,True,14.57,19.35,59.75,3
2025-08-13 12:22:38,bob@test.com,2025-08-13 12:19:24,True,60.13,45.01,68.57,4
2025-08-13 12:22:38,hanilee@test.com,2025-08-13 12:15:22,True,24.67,33.48,78.47,4
2025-08-13 12:22:38,tim@test.com,2025-08-13 11:33:22,True,28.06,10.59,38.78,1
2025-08-13 12:22:38,fran@test.com,2025-08-13 12:13:26,True,45.19,11.25,51.0,3
2025-08-13 12:22:38,delen@test.com,2025-08-13 10:51:24,True,54.51,16.86,52.34,5
2025-08-13 12:22:38,sera@test.com,2025-08-13 11:21:22,True,50.92,14.48,28.0,0
2025-08-13 12:22:38,jack@test.com,2025-08-13 10:48:24,True,15.95,15.95,8.62,1
2025-08-13 12:22:40,alice@test.com,2025-08-13 11:43:22,True,11.58,20.27,61.62,1
2025-08-13 12:22:40,bob@test.com,2025-08-13 12:19:24,True,57.99,42.58,68.52,3
2025-08-13 12:22:40,hanilee@test.com,2025-08-13 12:15:22,True,22.43,30.45,80.06,3
2025-08-13 12:22:40,tim@test.com,2025-08-13 11:33:22,True,33.42,11.74,42.3,4
2025-08-13 12:22:40,fran@test.com,2025-08-13 12:13:26,True,39.3,12.79,49.1,4
2025-08-13 12:22:40,delen@test.com,2025-08-13 10:51:24,True,53.89,19.6,51.87,4
2025-08-13 12:22:40,sera@test.com,2025-08-13 11:21:22,True,51.03,17.21,24.22,2
2025-08-13 12:22:40,jack@test.com,2025-08-13 10:48:24,True,24.62,18.07,13.02,0
2025-08-13 12:22:42,alice@test.com,2025-08-13 11:43:22,True,9.98,17.54,61.96,1
2025-08-13 12:22:42,bob@test.com,2025-08-13 12:19:24,True,62.3,42.33,70.61,6
2025-08-13 12:22:42,hanilee@test.com,2025-08-13 12:15:22,True,23.39,27.69,74.71,2
2025-08-13 12:22:42,tim@test.com,2025-08-13 11:33:22,True,35.55,13.55,39.95,2
2025-08-13 12:22:42,fran@test.com,2025-08-13 12:13:26,True,47.82,11.46,51.08,2
2025-08-13 12:22:42,delen@test.com,2025-08-13 10:51:24,True,53.97,14.67,50.05,4
2025-08-13 12:22:42,sera@test.com,2025-08-13 11:21:22,True,49.24,16.54,28.78,2
2025-08-13 12:22:42,jack@test.com,2025-08-13 10:48:24,True,19.9,16.5,14.67,2
2025-08-13 12:22:44,alice@test.com,2025-08-13 11:43:22,True,13.15,18.77,59.59,1
2025-08-13 12:22:44,bob@test.com,2025-08-13 12:19:24,True,58.69,44.13,69.95,6
2025-08-13 12:22:44,hanilee@test.com,2025-08-13 12:15:22,True,30.25,33.91,77.38,3
2025-08-13 12:22:44,tim@test.com,2025-08-13 11:33:22,True,36.8,3.47,39.03,3
2025-08-13 12:22:44,fran@test.com,2025-08-13 12:13:26,True,43.34,13.11,50.74,0
2025-08-13 12:22:44,delen@test.com,2025-08-13 10:51:24,True,53.65,10.76,49.83,3
2025-08-13 12:22:44,sera@test.com,2025-08-13 11:21:22,True,49.07,14.6,25.75,1
2025-08-13 12:22:44,jack@test.com,2025-08-13 10:48:24,True,16.01,17.7,12.4,0
2025-08-13 12:22:46,alice@test.com,2025-08-13 11:43:22,True,13.99,16.24,63.62,0
2025-08-13 12:22:46,bob@test.com,2025-08-13 12:19:24,True,59.13,49.24,69.75,7
2025-08-13 12:22:46,hanilee@test.com,2025-08-13 12:15:22,True,29.32,27.11,77.43,4
2025-08-13 12:22:46,tim@test.com,2025-08-13 11:33:22,True,34.54,9.9,39.74,2
2025-08-13 12:22:46,fran@test.com,2025-08-13 12:13:26,True,46.12,14.25,47.31,3
2025-08-13 12:22:46,delen@test.com,2025-08-13 10:51:24,True,62.95,15.65,51.87,4
2025-08-13 12:22:46,sera@test.com,2025-08-13 11:21:22,True,54.16,12.07,23.28,1
2025-08-13 12:22:46,jack@test.com,2025-08-13 10:48:24,True,19.99,8.56,12.67,1
2025-08-13 12:22:48,alice@test.com,2025-08-13 11:43:22,True,-2.64,23.43,62.61,3
2025-08-13 12:22:48,bob@test.com,2025-08-13 12:19:24,True,60.68,44.59,69.69,5
2025-08-13 12:22:48,hanilee@test.com,2025-08-13 12:15:22,True,28.67,35.74,72.61,1
2025-08-13 12:22:48,tim@test.com,2025-08-13 11:33:22,True,35.41,6.31,38.29,1
2025-08-13 12:22:48,fran@test.com,2025-08-13 12:13:26,True,45.79,15.61,47.99,4
2025-08-13 12:22:48,delen@test.com,2025-08-13 10:51:24,True,51.82,12.27,52.01,3
2025-08-13 12:22:48,sera@test.com,2025-08-13 11:21:22,True,51.72,14.38,26.19,1
2025-08-13 12:22:48,jack@test.com,2025-08-13 10:48:24,True,17.78,18.41,7.19,0
2025-08-13 12:22:50,alice@test.com,2025-08-13 11:43:22,True,15.22,23.87,59.3,1
2025-08-13 12:22:50,bob@test.com,2025-08-13 12:19:24,True,60.54,44.09,70.55,6
2025-08-13 12:22:50,hanilee@test.com,2025-08-13 12:15:22,True,25.73,26.21,75.62,1
2025-08-13 12:22:50,tim@test.com,2025-08-13 11:33:22,True,39.51,10.25,40.5,2
2025-08-13 12:22:50,fran@test.com,2025-08-13 12:13:26,True,43.79,12.43,48.64,2
2025-08-13 12:22:50,delen@test.com,2025-08-13 10:51:24,True,54.47,12.94,48.79,5
2025-08-13 12:22:50,sera@test.com,2025-08-13 11:21:22,True,53.67,19.01,26.83,1
2025-08-13 12:22:50,jack@test.com,2025-08-13 10:48:24,True,13.41,15.77,6.76,0
2025-08-13 12:22:52,alice@test.com,2025-08-13 11:43:22,True,12.45,20.59,62.29,0
2025-08-13 12:22:52,bob@test.com,2025-08-13 12:19:24,True,58.87,44.01,73.07,7
2025-08-13 12:22:52,hanilee@test.com,2025-08-13 12:15:22,True,21.5,23.28,70.79,2
2025-08-13 12:22:52,tim@test.com,2025-08-13 11:33:22,True,41.08,10.24,37.2,2
2025-08-13 12:22:52,fran@test.com,2025-08-13 12:13:26,True,46.18,15.77,54.62,2
2025-08-13 12:22:52,delen@test.com,2025-08-13 10:51:24,True,52.38,15.89,49.13,4
2025-08-13 12:22:52,sera@test.com,2025-08-13 11:21:22,True,51.38,22.94,23.22,4
2025-08-13 12:22:52,jack@test.com,2025-08-13 10:48:24,True,26.64,12.17,11.52,2
2025-08-13 12:22:54,alice@test.com,2025-08-13 11:43:22,True,9.86,21.45,64.65,1
2025-08-13 12:22:54,bob@test.com,2025-08-13 12:19:24,True,60.53,47.42,68.31,5
2025-08-13 12:22:54,hanilee@test.com,2025-08-13 12:15:22,True,25.57,28.65,73.29,1
2025-08-13 12:22:54,tim@test.com,2025-08-13 11:33:22,True,31.64,11.51,45.08,0
2025-08-13 12:22:54,fran@test.com,2025-08-13 12:13:26,True,42.97,17.49,50.0,1
2025-08-13 12:22:54,delen@test.com,2025-08-13 10:51:24,True,56.51,15.79,50.79,3
2025-08-13 12:22:54,sera@test.com,2025-08-13 11:21:22,True,45.44,14.51,24.69,2
2025-08-13 12:22:54,jack@test.com,2025-08-13 10:48:24,True,21.99,15.58,12.1,1
2025-08-13 12:22:56,alice@test.com,2025-08-13 11:43:22,True,4.45,17.56,57.55,1
2025-08-13 12:22:56,bob@test.com,2025-08-13 12:19:24,True,64.47,50.13,69.88,7
2025-08-13 12:22:56,hanilee@test.com,2025-08-13 12:15:22,True,19.67,31.72,73.67,3
2025-08-13 12:22:56,tim@test.com,2025-08-13 11:33:22,True,37.95,11.73,38.05,0
2025-08-13 12:22:56,fran@test.com,2025-08-13 12:13:26,True,48.18,15.64,47.18,2
2025-08-13 12:22:56,delen@test.com,2025-08-13 10:51:24,True,56.4,17.41,50.66,5
2025-08-13 12:22:56,sera@test.com,2025-08-13 11:21:22,True,48.83,12.39,26.49,1
2025-08-13 12:22:56,jack@test.com,2025-08-13 10:48:24,True,18.97,19.58,10.28,1
2025-08-13 12:22:58,alice@test.com,2025-08-13 11:43:22,True,10.18,16.49,62.49,2
2025-08-13 12:22:58,bob@test.com,2025-08-13 12:19:24,True,60.28,44.52,67.24,5
2025-08-13 12:22:58,hanilee@test.com,2025-08-13 12:15:22,True,29.29,30.75,76.88,4
2025-08-13 12:22:58,tim@test.com,2025-08-13 11:33:22,True,35.67,12.42,39.01,1
2025-08-13 12:22:58,fran@test.com,2025-08-13 12:13:26,True,38.82,12.19,50.42,2
2025-08-13 12:22:58,delen@test.com,2025-08-13 10:51:24,True,56.74,12.19,50.99,3
2025-08-13 12:22:58,sera@test.com,2025-08-13 11:21:22,True,48.05,15.36,23.68,0
2025-08-13 12:22:58,jack@test.com,2025-08-13 10:48:24,True,18.22,19.63,8.62,2
2025-08-13 12:23:00,alice@test.com,2025-08-13 11:43:22,True,2.7,14.24,61.91,1
2025-08-13 12:23:00,bob@test.com,2025-08-13 12:19:24,True,64.58,44.07,72.25,7
2025-08-13 12:23:00,hanilee@test.com,2025-08-13 12:15:22,True,23.78,26.3,75.68,2
2025-08-13 12:23:00,tim@test.com,2025-08-13 11:33:22,True,37.99,9.32,42.89,2
2025-08-13 12:23:00,fran@test.com,2025-08-13 12:13:26,True,44.91,13.74,50.57,4
2025-08-13 12:23:00,delen@test.com,2025-08-13 10:51:24,True,59.91,11.88,49.69,2
2025-08-13 12:23:00,sera@test.com,2025-08-13 11:21:22,True,44.89,15.09,30.45,1
2025-08-13 12:23:00,jack@test.com,2025-08-13 10:48:24,True,18.97,23.25,9.77,1
2025-08-13 12:23:02,alice@test.com,2025-08-13 11:43:22,True,12.61,14.36,61.67,2
2025-08-13 12:23:02,bob@test.com,2025-08-13 12:19:24,True,59.97,52.76,69.31,7
2025-08-13 12:23:02,hanilee@test.com,2025-08-13 12:15:22,True,24.9,26.07,76.22,1
2025-08-13 12:23:02,tim@test.com,2025-08-13 11:33:22,True,36.75,12.24,41.13,1
2025-08-13 12:23:02,fran@test.com,2025-08-13 12:13:26,True,47.12,16.28,49.8,4
2025-08-13 12:23:02,delen@test.com,2025-08-13 10:51:24,True,58.66,15.53,49.48,3
2025-08-13 12:23:02,sera@test.com,2025-08-13 11:21:22,True,49.07,16.53,25.35,1
2025-08-13 12:23:02,jack@test.com,2025-08-13 10:48:24,True,12.44,15.78,6.28,1
2025-08-13 12:23:04,alice@test.com,2025-08-13 11:43:22,True,8.37,24.03,61.34,1
2025-08-13 12:23:04,bob@test.com,2025-08-13 12:19:24,True,57.77,46.89,68.62,6
2025-08-13 12:23:04,hanilee@test.com,2025-08-13 12:15:22,True,28.15,32.38,76.47,4
2025-08-13 12:23:04,tim@test.com,2025-08-13 11:33:22,True,30.8,14.21,41.22,1
2025-08-13 12:23:04,fran@test.com,2025-08-13 12:13:26,True,47.06,12.65,50.98,2
2025-08-13 12:23:04,delen@test.com,2025-08-13 10:51:24,True,57.16,13.23,53.25,2
2025-08-13 12:23:04,sera@test.com,2025-08-13 11:21:22,True,55.51,17.95,20.98,1
2025-08-13 12:23:04,jack@test.com,2025-08-13 10:48:24,True,19.9,16.89,13.16,0
2025-08-13 12:23:06,alice@test.com,2025-08-13 11:43:22,True,10.11,13.74,58.67,2
2025-08-13 12:23:06,bob@test.com,2025-08-13 12:19:24,True,59.01,46.95,69.1,5
2025-08-13 12:23:06,hanilee@test.com,2025-08-13 12:15:22,True,24.93,33.55,76.5,1
2025-08-13 12:23:06,tim@test.com,2025-08-13 11:33:22,True,34.18,17.03,37.67,1
2025-08-13 12:23:06,fran@test.com,2025-08-13 12:13:26,True,42.34,9.06,49.15,3
2025-08-13 12:23:06,delen@test.com,2025-08-13 10:51:24,True,50.31,12.58,49.53,4
2025-08-13 12:23:06,sera@test.com,2025-08-13 11:21:22,True,45.65,15.99,23.52,2
2025-08-13 12:23:06,jack@test.com,2025-08-13 10:48:24,True,22.59,21.76,8.25,2
2025-08-13 12:23:08,alice@test.com,2025-08-13 11:43:22,True,6.6,17.63,62.82,1
2025-08-13 12:23:08,bob@test.com,2025-08-13 12:19:24,True,57.83,43.6,69.5,5
2025-08-13 12:23:08,hanilee@test.com,2025-08-13 12:15:22,True,27.99,29.59,78.38,2
2025-08-13 12:23:08,tim@test.com,2025-08-13 11:33:22,True,37.49,9.82,39.57,1
2025-08-13 12:23:08,fran@test.com,2025-08-13 12:13:26,True,49.43,11.52,48.09,2
2025-08-13 12:23:08,delen@test.com,2025-08-13 10:51:24,True,52.85,17.71,50.17,4
2025-08-13 12:23:08,sera@test.com,2025-08-13 11:21:22,True,50.16,14.88,25.36,1
2025-08-13 12:23:08,jack@test.com,2025-08-13 10:48:24,True,15.8,21.21,11.54,0
2025-08-13 12:23:10,alice@test.com,2025-08-13 11:43:22,True,11.58,13.04,63.8,0
2025-08-13 12:23:10,bob@test.com,2025-08-13 12:19:24,True,58.84,45.56,70.54,6
2025-08-13 12:23:10,hanilee@test.com,2025-08-13 12:15:22,True,24.96,30.1,76.27,3
2025-08-13 12:23:10,tim@test.com,2025-08-13 11:33:22,True,35.22,15.62,40.69,2
2025-08-13 12:23:10,fran@test.com,2025-08-13 12:13:26,True,49.88,14.64,49.91,2
2025-08-13 12:23:10,delen@test.com,2025-08-13 10:51:24,True,57.72,16.16,47.58,2
2025-08-13 12:23:10,sera@test.com,2025-08-13 11:21:22,True,47.01,15.53,20.95,1
2025-08-13 12:23:10,jack@test.com,2025-08-13 10:48:24,True,20.8,16.84,10.66,0
2025-08-13 12:23:12,alice@test.com,2025-08-13 11:43:22,True,14.48,18.86,57.38,2
2025-08-13 12:23:12,bob@test.com,2025-08-13 12:19:24,True,63.31,44.69,66.58,6
2025-08-13 12:23:12,hanilee@test.com,2025-08-13 12:15:22,True,31.29,31.62,80.3,1
2025-08-13 12:23:12,tim@test.com,2025-08-13 11:33:22,True,39.25,7.92,42.53,0
2025-08-13 12:23:12,fran@test.com,2025-08-13 12:13:26,True,45.82,8.52,52.74,3
2025-08-13 12:23:12,delen@test.com,2025-08-13 10:51:24,True,51.47,18.74,51.54,4
2025-08-13 12:23:12,sera@test.com,2025-08-13 11:21:22,True,50.59,18.07,24.37,1
2025-08-13 12:23:12,jack@test.com,2025-08-13 10:48:24,True,23.0,20.56,10.65,0
2025-08-13 12:23:14,alice@test.com,2025-08-13 11:43:22,True,11.99,19.65,62.11,2
2025-08-13 12:23:14,bob@test.com,2025-08-13 12:19:24,True,60.18,44.87,67.75,8
2025-08-13 12:23:14,hanilee@test.com,2025-08-13 12:15:22,True,26.66,28.91,77.4,2
2025-08-13 12:23:14,tim@test.com,2025-08-13 11:33:22,True,29.29,9.35,38.52,0
2025-08-13 12:23:14,fran@test.com,2025-08-13 12:13:26,True,41.07,4.42,44.7,2
2025-08-13 12:23:14,delen@test.com,2025-08-13 10:51:24,True,57.01,18.74,48.3,2
2025-08-13 12:23:14,sera@test.com,2025-08-13 11:21:22,True,55.97,16.9,23.28,3
2025-08-13 12:23:14,jack@test.com,2025-08-13 10:48:24,True,19.65,17.07,10.47,0
2025-08-13 12:23:16,alice@test.com,2025-08-13 11:43:22,True,5.1,20.42,65.11,1
2025-08-13 12:23:16,bob@test.com,2025-08-13 12:19:24,True,62.86,45.17,71.25,6
2025-08-13 12:23:16,hanilee@test.com,2025-08-13 12:15:22,True,29.4,29.92,75.95,2
2025-08-13 12:23:16,tim@test.com,2025-08-13 11:33:22,True,32.08,11.56,40.68,2
2025-08-13 12:23:16,fran@test.com,2025-08-13 12:13:26,True,44.21,10.18,50.74,3
2025-08-13 12:23:16,delen@test.com,2025-08-13 10:51:24,True,56.95,18.61,51.7,4
2025-08-13 12:23:16,sera@test.com,2025-08-13 11:21:22,True,54.4,14.98,27.97,2
2025-08-13 12:23:16,jack@test.com,2025-08-13 10:48:24,True,18.99,19.16,13.65,0
2025-08-13 12:23:18,alice@test.com,2025-08-13 11:43:22,True,11.89,16.56,63.94,2
2025-08-13 12:23:18,bob@test.com,2025-08-13 12:19:24,True,59.46,46.97,70.71,6
2025-08-13 12:23:18,hanilee@test.com,2025-08-13 12:15:22,True,26.83,32.16,77.75,2
2025-08-13 12:23:18,tim@test.com,2025-08-13 11:33:22,True,36.45,11.44,39.08,1
2025-08-13 12:23:18,fran@test.com,2025-08-13 12:13:26,True,42.34,13.34,48.9,2
2025-08-13 12:23:18,delen@test.com,2025-08-13 10:51:24,True,53.58,14.99,53.05,2
2025-08-13 12:23:18,sera@test.com,2025-08-13 11:21:22,True,45.33,9.95,27.22,3
2025-08-13 12:23:18,jack@test.com,2025-08-13 10:48:24,True,21.28,16.55,12.57,0
2025-08-13 12:23:20,alice@test.com,2025-08-13 11:43:22,True,11.67,18.85,61.44,1
2025-08-13 12:23:20,bob@test.com,2025-08-13 12:19:24,True,56.38,50.19,70.12,6
2025-08-13 12:23:20,hanilee@test.com,2025-08-13 12:15:22,True,22.51,32.66,75.06,3
2025-08-13 12:23:20,tim@test.com,2025-08-13 11:33:22,True,30.27,8.27,40.82,0
2025-08-13 12:23:20,fran@test.com,2025-08-13 12:13:26,True,44.28,13.35,48.81,2
2025-08-13 12:23:20,delen@test.com,2025-08-13 10:51:24,True,53.71,13.33,52.66,4
2025-08-13 12:23:20,sera@test.com,2025-08-13 11:21:22,True,49.58,17.27,25.07,1
2025-08-13 12:23:20,jack@test.com,2025-08-13 10:48:24,True,20.35,18.86,10.83,0
2025-08-13 12:23:22,alice@test.com,2025-08-13 11:43:22,True,8.75,14.35,59.2,1
2025-08-13 12:23:22,bob@test.com,2025-08-13 12:19:24,True,60.78,46.1,71.14,6
2025-08-13 12:23:22,hanilee@test.com,2025-08-13 12:15:22,True,24.72,32.67,76.2,1
2025-08-13 12:23:22,tim@test.com,2025-08-13 11:33:22,True,34.91,11.31,39.63,1
2025-08-13 12:23:22,fran@test.com,2025-08-13 12:13:26,True,42.91,13.33,50.95,0
2025-08-13 12:23:22,delen@test.com,2025-08-13 10:51:24,True,53.9,15.51,47.16,4
2025-08-13 12:23:22,sera@test.com,2025-08-13 11:21:22,True,50.76,13.42,18.59,3
2025-08-13 12:23:22,jack@test.com,2025-08-13 10:48:24,True,20.78,13.98,9.24,1
2025-08-13 12:23:24,alice@test.com,2025-08-13 11:43:22,True,8.44,16.63,61.35,4
2025-08-13 12:23:24,bob@test.com,2025-08-13 12:19:24,True,57.56,45.19,67.6,5
2025-08-13 12:23:24,hanilee@test.com,2025-08-13 12:15:22,True,23.27,29.26,78.71,4
2025-08-13 12:23:24,tim@test.com,2025-08-13 11:33:22,True,35.18,9.17,39.59,1
2025-08-13 12:23:24,fran@test.com,2025-08-13 12:13:26,True,49.11,12.56,48.87,4
2025-08-13 12:23:24,delen@test.com,2025-08-13 10:51:24,True,53.6,17.86,50.05,2
2025-08-13 12:23:24,sera@test.com,2025-08-13 11:21:22,True,51.06,12.21,24.95,1
2025-08-13 12:23:24,jack@test.com,2025-08-13 10:48:24,True,18.88,19.04,9.15,2
2025-08-13 12:23:26,alice@test.com,2025-08-13 11:43:22,True,4.92,23.8,63.15,2
2025-08-13 12:23:26,bob@test.com,2025-08-13 12:19:24,True,60.97,44.97,70.41,7
2025-08-13 12:23:26,hanilee@test.com,2025-08-13 12:15:22,True,26.16,26.44,76.31,3
2025-08-13 12:23:26,tim@test.com,2025-08-13 11:33:22,True,34.31,10.34,44.75,0
2025-08-13 12:23:26,fran@test.com,2025-08-13 12:13:26,True,44.75,14.27,48.7,1
2025-08-13 12:23:26,delen@test.com,2025-08-13 10:51:24,True,55.96,16.25,54.28,5
2025-08-13 12:23:26,sera@test.com,2025-08-13 11:21:22,True,45.97,17.55,23.19,2
2025-08-13 12:23:26,jack@test.com,2025-08-13 10:48:24,True,17.68,21.09,8.61,0
2025-08-13 12:23:28,alice@test.com,2025-08-13 11:43:22,True,10.37,20.15,65.45,0
2025-08-13 12:23:28,bob@test.com,2025-08-13 12:19:24,True,62.21,39.86,72.23,6
2025-08-13 12:23:28,hanilee@test.com,2025-08-13 12:15:22,True,24.37,29.82,78.44,3
2025-08-13 12:23:28,tim@test.com,2025-08-13 11:33:22,True,32.05,10.12,40.99,2
2025-08-13 12:23:28,fran@test.com,2025-08-13 12:13:26,True,47.22,2.84,50.6,2
2025-08-13 12:23:28,delen@test.com,2025-08-13 10:51:24,True,52.66,11.27,50.73,3
2025-08-13 12:23:28,sera@test.com,2025-08-13 11:21:22,True,53.78,17.01,23.84,4
2025-08-13 12:23:28,jack@test.com,2025-08-13 10:48:24,True,23.24,17.03,9.2,0
2025-08-13 12:23:30,alice@test.com,2025-08-13 11:43:22,True,9.72,13.58,63.59,1
2025-08-13 12:23:30,bob@test.com,2025-08-13 12:19:24,True,51.87,42.01,71.03,6
2025-08-13 12:23:30,hanilee@test.com,2025-08-13 12:15:22,True,23.97,33.65,75.41,3
2025-08-13 12:23:30,tim@test.com,2025-08-13 11:33:22,True,39.0,15.14,43.0,2
2025-08-13 12:23:30,fran@test.com,2025-08-13 12:13:26,True,41.95,13.2,48.87,3
2025-08-13 12:23:30,delen@test.com,2025-08-13 10:51:24,True,51.37,11.13,52.42,3
2025-08-13 12:23:30,sera@test.com,2025-08-13 11:21:22,True,50.15,12.69,22.24,1
2025-08-13 12:23:30,jack@test.com,2025-08-13 10:48:24,True,21.66,21.58,11.63,0
2025-08-13 12:23:32,alice@test.com,2025-08-13 11:43:22,True,13.6,14.64,62.82,2
2025-08-13 12:23:32,bob@test.com,2025-08-13 12:19:24,True,62.09,46.55,69.3,6
2025-08-13 12:23:32,hanilee@test.com,2025-08-13 12:15:22,True,23.02,33.41,74.19,2
2025-08-13 12:23:32,tim@test.com,2025-08-13 11:33:22,True,34.73,18.92,36.73,1
2025-08-13 12:23:32,fran@test.com,2025-08-13 12:13:26,True,43.52,12.44,50.31,1
2025-08-13 12:23:32,delen@test.com,2025-08-13 10:51:24,True,59.1,15.01,51.33,4
2025-08-13 12:23:32,sera@test.com,2025-08-13 11:21:22,True,52.02,13.25,25.02,0
2025-08-13 12:23:32,jack@test.com,2025-08-13 10:48:24,True,23.99,15.5,8.98,0
2025-08-13 12:23:34,alice@test.com,2025-08-13 11:43:22,True,8.22,18.77,62.6,2
2025-08-13 12:23:34,bob@test.com,2025-08-13 12:19:24,True,63.09,49.88,69.79,6
2025-08-13 12:23:34,hanilee@test.com,2025-08-13 12:15:22,True,23.59,27.75,78.0,2
2025-08-13 12:23:34,tim@test.com,2025-08-13 11:33:22,True,34.74,6.44,38.84,3
2025-08-13 12:23:34,fran@test.com,2025-08-13 12:13:26,True,45.27,18.3,46.57,4
2025-08-13 12:23:34,delen@test.com,2025-08-13 10:51:24,True,52.82,17.77,54.04,3
2025-08-13 12:23:34,sera@test.com,2025-08-13 11:21:22,True,55.62,16.14,22.87,2
2025-08-13 12:23:34,jack@test.com,2025-08-13 10:48:24,True,21.71,18.37,9.36,0
2025-08-13 12:23:36,alice@test.com,2025-08-13 11:43:22,True,11.63,22.22,61.41,3
2025-08-13 12:23:36,bob@test.com,2025-08-13 12:19:24,True,60.34,46.6,71.8,5
2025-08-13 12:23:36,hanilee@test.com,2025-08-13 12:15:22,True,24.0,31.44,75.22,4
2025-08-13 12:23:36,tim@test.com,2025-08-13 11:33:22,True,34.06,13.62,38.57,2
2025-08-13 12:23:36,fran@test.com,2025-08-13 12:13:26,True,41.47,13.83,50.03,3
2025-08-13 12:23:36,delen@test.com,2025-08-13 10:51:24,True,54.75,10.89,53.03,3
2025-08-13 12:23:36,sera@test.com,2025-08-13 11:21:22,True,55.44,20.43,22.83,2
2025-08-13 12:23:36,jack@test.com,2025-08-13 10:48:24,True,20.63,14.69,8.29,0
2025-08-13 12:23:38,alice@test.com,2025-08-13 11:43:22,True,9.18,25.93,63.31,1
2025-08-13 12:23:38,bob@test.com,2025-08-13 12:19:24,True,60.13,47.55,67.93,6
2025-08-13 12:23:38,hanilee@test.com,2025-08-13 12:15:22,True,23.24,35.42,80.58,2
2025-08-13 12:23:38,tim@test.com,2025-08-13 11:33:22,True,38.41,14.76,40.42,1
2025-08-13 12:23:38,fran@test.com,2025-08-13 12:13:26,True,39.85,14.75,51.63,4
2025-08-13 12:23:38,delen@test.com,2025-08-13 10:51:24,True,53.69,12.55,50.11,2
2025-08-13 12:23:38,sera@test.com,2025-08-13 11:21:22,True,50.76,21.79,22.77,2
2025-08-13 12:23:38,jack@test.com,2025-08-13 10:48:24,True,21.42,17.17,9.02,0
2025-08-13 12:23:40,alice@test.com,2025-08-13 11:43:22,True,8.15,18.15,61.79,0
2025-08-13 12:23:40,bob@test.com,2025-08-13 12:19:24,True,58.94,49.92,69.4,6
2025-08-13 12:23:40,hanilee@test.com,2025-08-13 12:15:22,True,21.03,32.28,80.35,2
2025-08-13 12:23:40,tim@test.com,2025-08-13 11:33:22,True,35.34,14.26,42.04,0
2025-08-13 12:23:40,fran@test.com,2025-08-13 12:13:26,True,48.14,12.91,49.68,3
2025-08-13 12:23:40,delen@test.com,2025-08-13 10:51:24,True,56.09,16.6,49.44,4
2025-08-13 12:23:40,sera@test.com,2025-08-13 11:21:22,True,54.08,24.88,21.71,1
2025-08-13 12:23:40,jack@test.com,2025-08-13 10:48:24,True,21.42,11.47,9.61,0
2025-08-13 12:23:42,alice@test.com,2025-08-13 11:43:22,True,13.35,22.84,58.97,0
2025-08-13 12:23:42,bob@test.com,2025-08-13 12:19:24,True,64.56,39.64,71.79,5
2025-08-13 12:23:42,hanilee@test.com,2025-08-13 12:15:22,True,27.42,27.61,81.38,3
2025-08-13 12:23:42,tim@test.com,2025-08-13 11:33:22,True,33.57,9.23,44.77,2
2025-08-13 12:23:42,fran@test.com,2025-08-13 12:13:26,True,48.12,14.41,48.3,2
2025-08-13 12:23:42,delen@test.com,2025-08-13 10:51:24,True,54.27,21.33,49.74,4
2025-08-13 12:23:42,sera@test.com,2025-08-13 11:21:22,True,54.54,12.97,27.16,1
2025-08-13 12:23:42,jack@test.com,2025-08-13 10:48:24,True,21.84,15.75,6.78,0
2025-08-13 12:23:44,alice@test.com,2025-08-13 11:43:22,True,7.67,17.09,63.59,2
2025-08-13 12:23:44,bob@test.com,2025-08-13 12:19:24,True,57.29,49.08,73.28,7
2025-08-13 12:23:44,hanilee@test.com,2025-08-13 12:15:22,True,20.06,29.06,76.44,2
2025-08-13 12:23:44,tim@test.com,2025-08-13 11:33:22,True,34.2,13.07,40.44,1
2025-08-13 12:23:44,fran@test.com,2025-08-13 12:13:26,True,40.4,13.11,49.04,3
2025-08-13 12:23:44,delen@test.com,2025-08-13 10:51:24,True,54.48,10.01,47.61,4
2025-08-13 12:23:44,sera@test.com,2025-08-13 11:21:22,True,51.37,16.88,23.78,1
2025-08-13 12:23:44,jack@test.com,2025-08-13 10:48:24,True,16.87,15.69,8.24,1
2025-08-13 12:23:46,alice@test.com,2025-08-13 11:43:22,True,10.6,20.65,64.21,1
2025-08-13 12:23:46,bob@test.com,2025-08-13 12:19:24,True,57.47,49.54,73.21,7
2025-08-13 12:23:46,hanilee@test.com,2025-08-13 12:15:22,True,29.63,33.62,78.26,0
2025-08-13 12:23:46,tim@test.com,2025-08-13 11:33:22,True,36.42,10.36,39.53,4
2025-08-13 12:23:46,fran@test.com,2025-08-13 12:13:26,True,47.21,13.67,50.19,4
2025-08-13 12:23:46,delen@test.com,2025-08-13 10:51:24,True,55.6,15.67,49.82,4
2025-08-13 12:23:46,sera@test.com,2025-08-13 11:21:22,True,53.6,20.44,26.42,1
2025-08-13 12:23:46,jack@test.com,2025-08-13 10:48:24,True,25.65,19.64,10.02,1
2025-08-13 12:23:48,alice@test.com,2025-08-13 11:43:22,True,11.1,18.52,65.43,2
2025-08-13 12:23:48,bob@test.com,2025-08-13 12:19:24,True,60.71,50.56,68.67,3
2025-08-13 12:23:48,hanilee@test.com,2025-08-13 12:15:22,True,25.85,31.32,75.29,4
2025-08-13 12:23:48,tim@test.com,2025-08-13 11:33:22,True,35.69,14.56,39.67,2
2025-08-13 12:23:48,fran@test.com,2025-08-13 12:13:26,True,39.64,17.8,50.22,3
2025-08-13 12:23:48,delen@test.com,2025-08-13 10:51:24,True,56.18,18.53,50.67,2
2025-08-13 12:23:48,sera@test.com,2025-08-13 11:21:22,True,47.53,16.07,29.74,0
2025-08-13 12:23:48,jack@test.com,2025-08-13 10:48:24,True,24.74,13.39,9.81,2
2025-08-13 12:23:50,alice@test.com,2025-08-13 11:43:22,True,9.33,24.53,62.64,2
2025-08-13 12:23:50,bob@test.com,2025-08-13 12:19:24,True,62.55,44.87,72.79,6
2025-08-13 12:23:50,hanilee@test.com,2025-08-13 12:15:22,True,25.92,32.89,74.64,3
2025-08-13 12:23:50,tim@test.com,2025-08-13 11:33:22,True,35.09,10.9,42.6,1
2025-08-13 12:23:50,fran@test.com,2025-08-13 12:13:26,True,43.96,13.08,46.02,2
2025-08-13 12:23:50,delen@test.com,2025-08-13 10:51:24,True,53.85,14.7,49.1,2
2025-08-13 12:23:50,sera@test.com,2025-08-13 11:21:22,True,49.39,18.77,21.31,1
2025-08-13 12:23:50,jack@test.com,2025-08-13 10:48:24,True,24.75,20.06,8.22,1
2025-08-13 12:23:52,alice@test.com,2025-08-13 11:43:22,True,12.82,17.1,62.51,1
2025-08-13 12:23:52,bob@test.com,2025-08-13 12:19:24,True,55.72,40.18,71.87,5
2025-08-13 12:23:52,hanilee@test.com,2025-08-13 12:15:22,True,23.0,26.44,78.2,4
2025-08-13 12:23:52,tim@test.com,2025-08-13 11:33:22,True,33.93,8.18,38.81,1
2025-08-13 12:23:52,fran@test.com,2025-08-13 12:13:26,True,42.66,10.73,49.27,1
2025-08-13 12:23:52,delen@test.com,2025-08-13 10:51:24,True,53.89,19.85,53.53,3
2025-08-13 12:23:52,sera@test.com,2025-08-13 11:21:22,True,49.76,17.71,22.59,1
2025-08-13 12:23:52,jack@test.com,2025-08-13 10:48:24,True,18.76,9.97,13.0,1
2025-08-13 12:23:54,alice@test.com,2025-08-13 11:43:22,True,11.54,23.55,62.34,0
2025-08-13 12:23:54,bob@test.com,2025-08-13 12:19:24,True,57.44,46.11,73.56,6
2025-08-13 12:23:54,hanilee@test.com,2025-08-13 12:15:22,True,26.94,30.2,74.22,1
2025-08-13 12:23:54,tim@test.com,2025-08-13 11:33:22,True,34.75,11.68,41.26,1
2025-08-13 12:23:54,fran@test.com,2025-08-13 12:13:26,True,44.84,11.65,50.89,3
2025-08-13 12:23:54,delen@test.com,2025-08-13 10:51:24,True,49.8,15.39,50.11,4
2025-08-13 12:23:54,sera@test.com,2025-08-13 11:21:22,True,45.57,12.03,26.74,2
2025-08-13 12:23:54,jack@test.com,2025-08-13 10:48:24,True,22.15,17.22,11.91,1
2025-08-13 12:23:56,alice@test.com,2025-08-13 11:43:22,True,7.35,24.59,59.88,4
2025-08-13 12:23:56,bob@test.com,2025-08-13 12:19:24,True,55.63,45.79,67.24,6
2025-08-13 12:23:56,hanilee@test.com,2025-08-13 12:15:22,True,23.11,35.42,77.65,2
2025-08-13 12:23:56,tim@test.com,2025-08-13 11:33:22,True,35.13,15.5,38.89,1
2025-08-13 12:23:56,fran@test.com,2025-08-13 12:13:26,True,45.12,13.74,51.35,2
2025-08-13 12:23:56,delen@test.com,2025-08-13 10:51:24,True,54.06,13.87,49.19,4
2025-08-13 12:23:56,sera@test.com,2025-08-13 11:21:22,True,50.65,15.51,27.81,3
2025-08-13 12:23:56,jack@test.com,2025-08-13 10:48:24,True,20.39,21.27,8.63,0
2025-08-13 12:23:58,alice@test.com,2025-08-13 11:43:22,True,8.33,16.91,66.02,0
2025-08-13 12:23:58,bob@test.com,2025-08-13 12:19:24,True,58.6,42.57,69.73,6
2025-08-13 12:23:58,hanilee@test.com,2025-08-13 12:15:22,True,24.08,32.05,80.18,2
2025-08-13 12:23:58,tim@test.com,2025-08-13 11:33:22,True,34.74,14.31,41.53,2
2025-08-13 12:23:58,fran@test.com,2025-08-13 12:13:26,True,46.69,14.94,49.18,2
2025-08-13 12:23:58,delen@test.com,2025-08-13 10:51:24,True,54.55,18.17,50.61,4
2025-08-13 12:23:58,sera@test.com,2025-08-13 11:21:22,True,50.04,12.36,19.78,4
2025-08-13 12:23:58,jack@test.com,2025-08-13 10:48:24,True,19.42,15.56,8.32,0
2025-08-13 12:24:00,alice@test.com,2025-08-13 11:43:22,True,9.14,23.1,61.64,1
2025-08-13 12:24:00,bob@test.com,2025-08-13 12:19:24,True,62.55,45.24,64.72,6
2025-08-13 12:24:00,hanilee@test.com,2025-08-13 12:15:22,True,30.89,31.86,78.21,3
2025-08-13 12:24:00,tim@test.com,2025-08-13 11:33:22,True,33.73,11.28,40.21,2
2025-08-13 12:24:00,fran@test.com,2025-08-13 12:13:26,True,50.64,14.56,51.76,2
2025-08-13 12:24:00,delen@test.com,2025-08-13 10:51:24,True,47.96,14.07,52.95,3
2025-08-13 12:24:00,sera@test.com,2025-08-13 11:21:22,True,47.15,22.25,20.13,2
2025-08-13 12:24:00,jack@test.com,2025-08-13 10:48:24,True,16.32,18.57,11.7,1
2025-08-13 12:24:02,alice@test.com,2025-08-13 11:43:22,True,11.55,18.5,63.35,3
2025-08-13 12:24:02,bob@test.com,2025-08-13 12:19:24,True,65.23,47.36,66.89,6
2025-08-13 12:24:02,hanilee@test.com,2025-08-13 12:15:22,True,25.18,29.77,78.88,3
2025-08-13 12:24:02,tim@test.com,2025-08-13 11:33:22,True,30.69,13.73,38.6,2
2025-08-13 12:24:02,fran@test.com,2025-08-13 12:13:26,True,45.15,11.18,50.18,2
2025-08-13 12:24:02,delen@test.com,2025-08-13 10:51:24,True,54.97,16.72,48.86,3
2025-08-13 12:24:02,sera@test.com,2025-08-13 11:21:22,True,48.17,15.72,25.33,3
2025-08-13 12:24:02,jack@test.com,2025-08-13 10:48:24,True,18.29,19.34,10.36,0
2025-08-13 12:24:04,alice@test.com,2025-08-13 11:43:22,True,7.52,22.07,60.43,3
2025-08-13 12:24:04,bob@test.com,2025-08-13 12:19:24,True,55.23,45.78,69.38,5
2025-08-13 12:24:04,hanilee@test.com,2025-08-13 12:15:22,True,25.65,31.95,76.93,1
2025-08-13 12:24:04,tim@test.com,2025-08-13 11:33:22,True,32.55,9.73,42.71,2
2025-08-13 12:24:04,fran@test.com,2025-08-13 12:13:26,True,42.26,16.05,50.28,2
2025-08-13 12:24:04,delen@test.com,2025-08-13 10:51:24,True,55.14,17.93,51.49,5
2025-08-13 12:24:04,sera@test.com,2025-08-13 11:21:22,True,48.66,18.0,23.97,2
2025-08-13 12:24:04,jack@test.com,2025-08-13 10:48:24,True,19.89,15.86,6.85,1
2025-08-13 12:24:06,alice@test.com,2025-08-13 11:43:22,True,6.12,17.69,60.97,2
2025-08-13 12:24:06,bob@test.com,2025-08-13 12:19:24,True,58.75,41.44,66.93,7
2025-08-13 12:24:06,hanilee@test.com,2025-08-13 12:15:22,True,27.24,32.58,77.74,1
2025-08-13 12:24:06,tim@test.com,2025-08-13 11:33:22,True,33.14,8.34,38.29,0
2025-08-13 12:24:06,fran@test.com,2025-08-13 12:13:26,True,42.84,9.5,51.95,2
2025-08-13 12:24:06,delen@test.com,2025-08-13 10:51:24,True,53.9,14.08,51.63,2
2025-08-13 12:24:06,sera@test.com,2025-08-13 11:21:22,True,49.96,17.99,20.82,1
2025-08-13 12:24:06,jack@test.com,2025-08-13 10:48:24,True,19.17,21.58,10.14,2
2025-08-13 12:24:08,alice@test.com,2025-08-13 11:43:22,True,14.49,18.29,60.82,2
2025-08-13 12:24:08,bob@test.com,2025-08-13 12:19:24,True,61.68,47.83,69.87,5
2025-08-13 12:24:08,hanilee@test.com,2025-08-13 12:15:22,True,25.38,31.21,74.32,2
2025-08-13 12:24:08,tim@test.com,2025-08-13 11:33:22,True,29.77,12.0,41.64,1
2025-08-13 12:24:08,fran@test.com,2025-08-13 12:13:26,True,45.27,9.99,49.84,2
2025-08-13 12:24:08,delen@test.com,2025-08-13 10:51:24,True,58.18,11.34,51.55,5
2025-08-13 12:24:08,sera@test.com,2025-08-13 11:21:22,True,53.02,8.84,24.2,2
2025-08-13 12:24:08,jack@test.com,2025-08-13 10:48:24,True,21.43,18.89,10.02,3
2025-08-13 12:24:10,alice@test.com,2025-08-13 11:43:22,True,2.72,20.06,60.11,3
2025-08-13 12:24:10,bob@test.com,2025-08-13 12:19:24,True,65.73,47.58,69.51,3
2025-08-13 12:24:10,hanilee@test.com,2025-08-13 12:15:22,True,32.02,27.36,78.16,1
2025-08-13 12:24:10,tim@test.com,2025-08-13 11:33:22,True,38.27,13.35,39.21,2
2025-08-13 12:24:10,fran@test.com,2025-08-13 12:13:26,True,45.28,20.15,48.75,4
2025-08-13 12:24:10,delen@test.com,2025-08-13 10:51:24,True,50.99,18.1,51.07,3
2025-08-13 12:24:10,sera@test.com,2025-08-13 11:21:22,True,52.01,22.15,24.92,1
2025-08-13 12:24:10,jack@test.com,2025-08-13 10:48:24,True,17.76,19.01,7.01,0
2025-08-13 12:24:12,alice@test.com,2025-08-13 11:43:22,True,7.93,19.38,62.66,3
2025-08-13 12:24:12,bob@test.com,2025-08-13 12:19:24,True,55.4,44.77,69.17,6
2025-08-13 12:24:12,hanilee@test.com,2025-08-13 12:15:22,True,26.0,28.06,74.27,2
2025-08-13 12:24:12,tim@test.com,2025-08-13 11:33:22,True,38.96,12.19,43.07,1
2025-08-13 12:24:12,fran@test.com,2025-08-13 12:13:26,True,44.29,12.28,44.77,2
2025-08-13 12:24:12,delen@test.com,2025-08-13 10:51:24,True,56.15,17.2,53.11,4
2025-08-13 12:24:12,sera@test.com,2025-08-13 11:21:22,True,49.22,9.05,21.65,0
2025-08-13 12:24:12,jack@test.com,2025-08-13 10:48:24,True,18.48,18.93,10.13,0
2025-08-13 12:24:14,alice@test.com,2025-08-13 11:43:22,True,11.67,23.23,63.64,1
2025-08-13 12:24:14,bob@test.com,2025-08-13 12:19:24,True,58.26,48.33,72.29,6
2025-08-13 12:24:14,hanilee@test.com,2025-08-13 12:15:22,True,32.47,28.38,76.99,2
2025-08-13 12:24:14,tim@test.com,2025-08-13 11:33:22,True,35.57,9.93,40.17,2
2025-08-13 12:24:14,fran@test.com,2025-08-13 12:13:26,True,46.55,18.51,49.48,4
2025-08-13 12:24:14,delen@test.com,2025-08-13 10:51:24,True,55.97,20.34,51.41,2
2025-08-13 12:24:14,sera@test.com,2025-08-13 11:21:22,True,53.1,13.33,20.16,3
2025-08-13 12:24:14,jack@test.com,2025-08-13 10:48:24,True,21.52,19.21,7.38,2
2025-08-13 12:24:16,alice@test.com,2025-08-13 11:43:22,True,2.6,18.3,60.27,1
2025-08-13 12:24:16,bob@test.com,2025-08-13 12:19:24,True,54.88,48.87,70.04,6
2025-08-13 12:24:16,hanilee@test.com,2025-08-13 12:15:22,True,26.6,30.88,78.78,3
2025-08-13 12:24:16,tim@test.com,2025-08-13 11:33:22,True,36.32,18.53,40.39,0
2025-08-13 12:24:16,fran@test.com,2025-08-13 12:13:26,True,44.65,17.15,48.96,3
2025-08-13 12:24:16,delen@test.com,2025-08-13 10:51:24,True,56.73,9.07,47.85,2
2025-08-13 12:24:16,sera@test.com,2025-08-13 11:21:22,True,48.14,11.82,21.9,4
2025-08-13 12:24:16,jack@test.com,2025-08-13 10:48:24,True,22.06,12.97,9.43,2
2025-08-13 12:24:18,alice@test.com,2025-08-13 11:43:22,True,6.83,16.81,63.13,0
2025-08-13 12:24:18,bob@test.com,2025-08-13 12:19:24,True,61.46,45.79,71.73,6
2025-08-13 12:24:18,hanilee@test.com,2025-08-13 12:15:22,True,26.73,30.1,76.62,2
2025-08-13 12:24:18,tim@test.com,2025-08-13 11:33:22,True,36.28,12.7,39.37,2
2025-08-13 12:24:18,fran@test.com,2025-08-13 12:13:26,True,47.51,14.88,52.36,3
2025-08-13 12:24:18,delen@test.com,2025-08-13 10:51:24,True,53.31,12.67,47.8,4
2025-08-13 12:24:18,sera@test.com,2025-08-13 11:21:22,True,56.2,17.17,24.02,2
2025-08-13 12:24:18,jack@test.com,2025-08-13 10:48:24,True,20.26,21.67,11.17,0
2025-08-13 12:24:20,alice@test.com,2025-08-13 11:43:22,True,9.58,17.17,61.57,1
2025-08-13 12:24:20,bob@test.com,2025-08-13 12:19:24,True,60.5,46.16,72.92,7
2025-08-13 12:24:20,hanilee@test.com,2025-08-13 12:15:22,True,31.15,33.09,78.63,1
2025-08-13 12:24:20,tim@test.com,2025-08-13 11:33:22,True,37.2,9.28,40.2,2
2025-08-13 12:24:20,fran@test.com,2025-08-13 12:13:26,True,44.92,16.13,49.27,1
2025-08-13 12:24:20,delen@test.com,2025-08-13 10:51:24,True,54.11,16.12,50.69,3
2025-08-13 12:24:20,sera@test.com,2025-08-13 11:21:22,True,48.7,16.34,24.48,2
2025-08-13 12:24:20,jack@test.com,2025-08-13 10:48:24,True,22.22,15.14,11.54,1
2025-08-13 12:24:22,alice@test.com,2025-08-13 11:43:22,True,8.86,20.82,60.32,1
2025-08-13 12:24:22,bob@test.com,2025-08-13 12:19:24,True,60.54,42.94,69.27,6
2025-08-13 12:24:22,hanilee@test.com,2025-08-13 12:15:22,True,28.25,31.75,76.07,3
2025-08-13 12:24:22,tim@test.com,2025-08-13 11:33:22,True,35.37,14.16,40.23,3
2025-08-13 12:24:22,fran@test.com,2025-08-13 12:13:26,True,46.88,10.64,49.75,4
2025-08-13 12:24:22,delen@test.com,2025-08-13 10:51:24,True,55.0,16.31,51.88,4
2025-08-13 12:24:22,sera@test.com,2025-08-13 11:21:22,True,52.12,18.06,27.3,1
2025-08-13 12:24:22,jack@test.com,2025-08-13 10:48:24,True,20.78,18.35,12.05,2
2025-08-13 12:24:24,alice@test.com,2025-08-13 11:43:22,True,13.35,15.33,61.38,0
2025-08-13 12:24:24,bob@test.com,2025-08-13 12:19:24,True,60.64,46.29,68.38,6
2025-08-13 12:24:24,hanilee@test.com,2025-08-13 12:15:22,True,26.94,32.4,77.52,3
2025-08-13 12:24:24,tim@test.com,2025-08-13 11:33:22,True,39.07,9.63,40.07,4
2025-08-13 12:24:24,fran@test.com,2025-08-13 12:13:26,True,41.22,11.01,50.12,4
2025-08-13 12:24:24,delen@test.com,2025-08-13 10:51:24,True,56.4,17.97,49.09,3
2025-08-13 12:24:24,sera@test.com,2025-08-13 11:21:22,True,47.46,12.0,23.81,0
2025-08-13 12:24:24,jack@test.com,2025-08-13 10:48:24,True,21.37,11.89,8.02,0
2025-08-13 12:24:26,alice@test.com,2025-08-13 11:43:22,True,10.29,20.36,64.5,1
2025-08-13 12:24:26,bob@test.com,2025-08-13 12:19:24,True,67.41,45.8,73.28,7
2025-08-13 12:24:26,hanilee@test.com,2025-08-13 12:15:22,True,23.75,25.91,78.09,1
2025-08-13 12:24:26,tim@test.com,2025-08-13 11:33:22,True,37.73,12.23,41.46,1
2025-08-13 12:24:26,fran@test.com,2025-08-13 12:13:26,True,42.85,15.75,50.35,1
2025-08-13 12:24:26,delen@test.com,2025-08-13 10:51:24,True,56.82,11.21,50.24,4
2025-08-13 12:24:26,sera@test.com,2025-08-13 11:21:22,True,46.75,16.02,26.27,2
2025-08-13 12:24:26,jack@test.com,2025-08-13 10:48:24,True,21.45,14.26,10.35,0
2025-08-13 12:24:28,alice@test.com,2025-08-13 11:43:22,True,8.98,26.24,61.96,0
2025-08-13 12:24:28,bob@test.com,2025-08-13 12:19:24,True,57.3,46.85,65.73,7
2025-08-13 12:24:28,hanilee@test.com,2025-08-13 12:15:22,True,28.37,26.66,74.55,1
2025-08-13 12:24:28,tim@test.com,2025-08-13 11:33:22,True,29.21,12.94,39.08,2
2025-08-13 12:24:28,fran@test.com,2025-08-13 12:13:26,True,45.53,15.87,49.61,3
2025-08-13 12:24:28,delen@test.com,2025-08-13 10:51:24,True,55.7,10.45,48.88,3
2025-08-13 12:24:28,sera@test.com,2025-08-13 11:21:22,True,46.67,22.24,25.35,1
2025-08-13 12:24:28,jack@test.com,2025-08-13 10:48:24,True,18.21,17.03,6.74,1
2025-08-13 12:24:30,alice@test.com,2025-08-13 11:43:22,True,7.22,17.87,64.23,1
2025-08-13 12:24:30,bob@test.com,2025-08-13 12:19:24,True,66.25,46.63,73.36,5
2025-08-13 12:24:30,hanilee@test.com,2025-08-13 12:15:22,True,28.76,31.48,75.5,3
2025-08-13 12:24:30,tim@test.com,2025-08-13 11:33:22,True,38.65,10.42,38.71,1
2025-08-13 12:24:30,fran@test.com,2025-08-13 12:13:26,True,46.22,18.12,46.33,3
2025-08-13 12:24:30,delen@test.com,2025-08-13 10:51:24,True,55.72,16.09,49.57,5
2025-08-13 12:24:30,sera@test.com,2025-08-13 11:21:22,True,53.96,16.49,27.83,3
2025-08-13 12:24:30,jack@test.com,2025-08-13 10:48:24,True,18.72,17.94,8.47,0
2025-08-13 12:24:32,alice@test.com,2025-08-13 11:43:22,True,9.34,14.37,60.72,1
2025-08-13 12:24:32,bob@test.com,2025-08-13 12:19:24,True,59.96,36.41,68.57,4
2025-08-13 12:24:32,hanilee@test.com,2025-08-13 12:15:22,True,21.31,30.62,77.4,2
2025-08-13 12:24:32,tim@test.com,2025-08-13 11:33:22,True,32.63,6.09,40.6,2
2025-08-13 12:24:32,fran@test.com,2025-08-13 12:13:26,True,47.19,12.98,52.03,3
2025-08-13 12:24:32,delen@test.com,2025-08-13 10:51:24,True,58.49,20.18,49.11,4
2025-08-13 12:24:32,sera@test.com,2025-08-13 11:21:22,True,50.97,19.86,23.47,0
2025-08-13 12:24:32,jack@test.com,2025-08-13 10:48:24,True,18.46,15.54,7.84,1
2025-08-13 12:24:34,alice@test.com,2025-08-13 11:43:22,True,7.7,22.21,65.85,1
2025-08-13 12:24:34,bob@test.com,2025-08-13 12:19:24,True,57.07,37.03,66.62,7
2025-08-13 12:24:34,hanilee@test.com,2025-08-13 12:15:22,True,23.11,29.45,77.38,2
2025-08-13 12:24:34,tim@test.com,2025-08-13 11:33:22,True,36.24,15.51,39.4,4
2025-08-13 12:24:34,fran@test.com,2025-08-13 12:13:26,True,41.57,14.05,47.66,4
2025-08-13 12:24:34,delen@test.com,2025-08-13 10:51:24,True,53.81,20.42,50.19,4
2025-08-13 12:24:34,sera@test.com,2025-08-13 11:21:22,True,50.71,14.32,25.48,3
2025-08-13 12:24:34,jack@test.com,2025-08-13 10:48:24,True,20.37,9.72,8.44,0
2025-08-13 12:24:36,alice@test.com,2025-08-13 11:43:22,True,10.38,19.75,64.31,0
2025-08-13 12:24:36,bob@test.com,2025-08-13 12:19:24,True,57.68,46.19,68.49,6
2025-08-13 12:24:36,hanilee@test.com,2025-08-13 12:15:22,True,26.63,31.34,78.01,3
2025-08-13 12:24:36,tim@test.com,2025-08-13 11:33:22,True,31.63,11.01,40.8,3
2025-08-13 12:24:36,fran@test.com,2025-08-13 12:13:26,True,47.56,16.93,52.37,1
2025-08-13 12:24:36,delen@test.com,2025-08-13 10:51:24,True,51.38,10.55,46.57,5
2025-08-13 12:24:36,sera@test.com,2025-08-13 11:21:22,True,46.72,10.74,25.54,0
2025-08-13 12:24:36,jack@test.com,2025-08-13 10:48:24,True,23.64,15.95,6.77,0
2025-08-13 12:24:38,alice@test.com,2025-08-13 11:43:22,True,7.83,17.5,61.84,3
2025-08-13 12:24:38,bob@test.com,2025-08-13 12:19:24,True,58.19,45.42,72.26,7
2025-08-13 12:24:38,hanilee@test.com,2025-08-13 12:15:22,True,23.5,28.6,79.36,0
2025-08-13 12:24:38,tim@test.com,2025-08-13 11:33:22,True,32.26,14.22,41.15,3
2025-08-13 12:24:38,fran@test.com,2025-08-13 12:13:26,True,49.87,20.17,48.37,4
2025-08-13 12:24:38,delen@test.com,2025-08-13 10:51:24,True,55.7,19.8,49.73,3
2025-08-13 12:24:38,sera@test.com,2025-08-13 11:21:22,True,48.7,15.57,25.71,3
2025-08-13 12:24:38,jack@test.com,2025-08-13 10:48:24,True,21.95,18.4,8.66,0
2025-08-13 12:24:40,alice@test.com,2025-08-13 11:43:22,True,9.04,18.8,59.72,1
2025-08-13 12:24:40,bob@test.com,2025-08-13 12:19:24,True,58.92,49.77,69.97,4
2025-08-13 12:24:40,hanilee@test.com,2025-08-13 12:15:22,True,25.13,31.03,77.31,1
2025-08-13 12:24:40,tim@test.com,2025-08-13 11:33:22,True,37.01,10.11,40.52,3
2025-08-13 12:24:40,fran@test.com,2025-08-13 12:13:26,True,47.3,14.82,53.02,2
2025-08-13 12:24:40,delen@test.com,2025-08-13 10:51:24,True,57.44,11.37,50.08,2
2025-08-13 12:24:40,sera@test.com,2025-08-13 11:21:22,True,51.24,17.76,23.73,3
2025-08-13 12:24:40,jack@test.com,2025-08-13 10:48:24,True,16.37,17.75,11.31,0
2025-08-13 12:24:42,alice@test.com,2025-08-13 11:43:22,True,15.31,18.01,59.06,1
2025-08-13 12:24:42,bob@test.com,2025-08-13 12:19:24,True,58.06,44.32,69.61,4
2025-08-13 12:24:42,hanilee@test.com,2025-08-13 12:15:22,True,20.16,30.66,77.92,3
2025-08-13 12:24:42,tim@test.com,2025-08-13 11:33:22,True,33.23,11.9,37.51,1
2025-08-13 12:24:42,fran@test.com,2025-08-13 12:13:26,True,39.6,15.78,48.27,3
2025-08-13 12:24:42,delen@test.com,2025-08-13 10:51:24,True,58.27,19.46,51.49,1
2025-08-13 12:24:42,sera@test.com,2025-08-13 11:21:22,True,41.89,10.18,25.06,2
2025-08-13 12:24:42,jack@test.com,2025-08-13 10:48:24,True,19.52,19.99,10.36,0
2025-08-13 12:24:44,alice@test.com,2025-08-13 11:43:22,True,6.13,16.86,57.26,2
2025-08-13 12:24:44,bob@test.com,2025-08-13 12:19:24,True,61.97,47.62,70.26,6
2025-08-13 12:24:44,hanilee@test.com,2025-08-13 12:15:22,True,27.54,28.32,76.93,1
2025-08-13 12:24:44,tim@test.com,2025-08-13 11:33:22,True,29.48,16.92,41.61,1
2025-08-13 12:24:44,fran@test.com,2025-08-13 12:13:26,True,39.22,16.85,48.98,4
2025-08-13 12:24:44,delen@test.com,2025-08-13 10:51:24,True,57.16,16.25,48.6,2
2025-08-13 12:24:44,sera@test.com,2025-08-13 11:21:22,True,51.14,18.55,22.78,1
2025-08-13 12:24:44,jack@test.com,2025-08-13 10:48:24,True,20.05,19.83,10.68,1
2025-08-13 12:24:46,alice@test.com,2025-08-13 11:43:22,True,13.48,22.76,60.3,1
2025-08-13 12:24:46,bob@test.com,2025-08-13 12:19:24,True,64.58,49.2,70.99,4
2025-08-13 12:24:46,hanilee@test.com,2025-08-13 12:15:22,True,21.77,31.76,78.0,2
2025-08-13 12:24:46,tim@test.com,2025-08-13 11:33:22,True,33.81,16.08,41.85,1
2025-08-13 12:24:46,fran@test.com,2025-08-13 12:13:26,True,41.81,20.78,49.95,2
2025-08-13 12:24:46,delen@test.com,2025-08-13 10:51:24,True,56.1,14.28,51.88,3
2025-08-13 12:24:46,sera@test.com,2025-08-13 11:21:22,True,48.83,9.37,24.64,2
2025-08-13 12:24:46,jack@test.com,2025-08-13 10:48:24,True,19.46,5.76,11.89,1
2025-08-13 12:24:48,alice@test.com,2025-08-13 11:43:22,True,13.39,17.97,60.39,0
2025-08-13 12:24:48,bob@test.com,2025-08-13 12:19:24,True,65.69,48.31,70.27,5
2025-08-13 12:24:48,hanilee@test.com,2025-08-13 12:15:22,True,27.22,30.08,77.9,3
2025-08-13 12:24:48,tim@test.com,2025-08-13 11:33:22,True,34.61,10.14,42.33,1
2025-08-13 12:24:48,fran@test.com,2025-08-13 12:13:26,True,48.61,9.87,49.04,3
2025-08-13 12:24:48,delen@test.com,2025-08-13 10:51:24,True,55.9,16.98,47.92,4
2025-08-13 12:24:48,sera@test.com,2025-08-13 11:21:22,True,48.51,13.08,22.18,1
2025-08-13 12:24:48,jack@test.com,2025-08-13 10:48:24,True,19.8,14.68,10.87,0
2025-08-13 12:24:50,alice@test.com,2025-08-13 11:43:22,True,11.0,18.23,57.2,1
2025-08-13 12:24:50,bob@test.com,2025-08-13 12:19:24,True,57.07,48.32,68.94,7
2025-08-13 12:24:50,hanilee@test.com,2025-08-13 12:15:22,True,28.09,28.53,77.86,3
2025-08-13 12:24:50,tim@test.com,2025-08-13 11:33:22,True,33.25,9.79,44.33,2
2025-08-13 12:24:50,fran@test.com,2025-08-13 12:13:26,True,46.69,16.06,43.62,2
2025-08-13 12:24:50,delen@test.com,2025-08-13 10:51:24,True,59.89,11.51,50.9,2
2025-08-13 12:24:50,sera@test.com,2025-08-13 11:21:22,True,53.64,16.87,26.66,2
2025-08-13 12:24:50,jack@test.com,2025-08-13 10:48:24,True,26.16,16.59,11.3,1
2025-08-13 12:24:52,alice@test.com,2025-08-13 11:43:22,True,11.03,21.28,64.07,2
2025-08-13 12:24:52,bob@test.com,2025-08-13 12:19:24,True,54.22,46.81,70.63,4
2025-08-13 12:24:52,hanilee@test.com,2025-08-13 12:15:22,True,28.34,28.96,78.67,3
2025-08-13 12:24:52,tim@test.com,2025-08-13 11:33:22,True,36.23,14.06,39.08,1
2025-08-13 12:24:52,fran@test.com,2025-08-13 12:13:26,True,52.09,11.48,53.33,3
2025-08-13 12:24:52,delen@test.com,2025-08-13 10:51:24,True,61.21,14.14,50.57,2
2025-08-13 12:24:52,sera@test.com,2025-08-13 11:21:22,True,45.9,11.5,27.39,0
2025-08-13 12:24:52,jack@test.com,2025-08-13 10:48:24,True,21.51,14.06,8.56,2
2025-08-13 12:24:54,alice@test.com,2025-08-13 11:43:22,True,10.33,25.31,61.54,2
2025-08-13 12:24:54,bob@test.com,2025-08-13 12:19:24,True,58.0,48.24,69.94,6
2025-08-13 12:24:54,hanilee@test.com,2025-08-13 12:15:22,True,29.24,26.89,77.06,1
2025-08-13 12:24:54,tim@test.com,2025-08-13 11:33:22,True,38.2,15.05,40.99,2
2025-08-13 12:24:54,fran@test.com,2025-08-13 12:13:26,True,48.41,11.11,50.32,3
2025-08-13 12:24:54,delen@test.com,2025-08-13 10:51:24,True,60.67,18.07,52.26,2
2025-08-13 12:24:54,sera@test.com,2025-08-13 11:21:22,True,47.35,17.17,25.04,1
2025-08-13 12:24:54,jack@test.com,2025-08-13 10:48:24,True,21.56,17.73,8.35,2
2025-08-13 12:24:56,alice@test.com,2025-08-13 11:43:22,True,16.23,21.09,60.52,1
2025-08-13 12:24:56,bob@test.com,2025-08-13 12:19:24,True,60.3,44.1,73.28,6
2025-08-13 12:24:56,hanilee@test.com,2025-08-13 12:15:22,True,29.21,25.92,78.45,3
2025-08-13 12:24:56,tim@test.com,2025-08-13 11:33:22,True,29.95,10.71,42.19,1
2025-08-13 12:24:56,fran@test.com,2025-08-13 12:13:26,True,40.36,9.18,52.95,2
2025-08-13 12:24:56,delen@test.com,2025-08-13 10:51:24,True,53.25,19.22,50.75,4
2025-08-13 12:24:56,sera@test.com,2025-08-13 11:21:22,True,48.79,19.15,31.24,0
2025-08-13 12:24:56,jack@test.com,2025-08-13 10:48:24,True,15.74,16.99,6.95,3
2025-08-13 12:24:58,alice@test.com,2025-08-13 11:43:22,True,8.5,21.63,62.96,2
2025-08-13 12:24:58,bob@test.com,2025-08-13 12:19:24,True,56.97,40.5,68.22,5
2025-08-13 12:24:58,hanilee@test.com,2025-08-13 12:15:22,True,24.51,33.76,73.79,2
2025-08-13 12:24:58,tim@test.com,2025-08-13 11:33:22,True,30.95,12.6,40.62,1
2025-08-13 12:24:58,fran@test.com,2025-08-13 12:13:26,True,43.0,12.77,48.59,1
2025-08-13 12:24:58,delen@test.com,2025-08-13 10:51:24,True,53.12,14.54,50.42,3
2025-08-13 12:24:58,sera@test.com,2025-08-13 11:21:22,True,49.82,18.99,29.2,2
2025-08-13 12:24:58,jack@test.com,2025-08-13 10:48:24,True,13.41,15.88,13.81,0
2025-08-13 12:25:00,alice@test.com,2025-08-13 11:43:22,True,8.26,20.85,63.7,0
2025-08-13 12:25:00,bob@test.com,2025-08-13 12:19:24,True,64.33,42.92,71.4,7
2025-08-13 12:25:00,hanilee@test.com,2025-08-13 12:15:22,True,24.08,27.56,76.22,2
2025-08-13 12:25:00,tim@test.com,2025-08-13 11:33:22,True,35.59,11.72,39.33,3
2025-08-13 12:25:00,fran@test.com,2025-08-13 12:13:26,True,52.5,18.12,52.48,3
2025-08-13 12:25:00,delen@test.com,2025-08-13 10:51:24,True,55.84,18.78,50.04,5
2025-08-13 12:25:00,sera@test.com,2025-08-13 11:21:22,True,53.96,17.17,25.99,2
2025-08-13 12:25:00,jack@test.com,2025-08-13 10:48:24,True,20.08,14.62,11.38,1
2025-08-13 12:25:02,alice@test.com,2025-08-13 11:43:22,True,19.01,19.28,62.05,1
2025-08-13 12:25:02,bob@test.com,2025-08-13 12:19:24,True,59.27,47.58,65.95,5
2025-08-13 12:25:02,hanilee@test.com,2025-08-13 12:15:22,True,27.3,29.16,78.17,2
2025-08-13 12:25:02,tim@test.com,2025-08-13 11:33:22,True,31.94,12.41,42.67,2
2025-08-13 12:25:02,fran@test.com,2025-08-13 12:13:26,True,46.4,14.8,49.18,2
2025-08-13 12:25:02,delen@test.com,2025-08-13 10:51:24,True,50.69,17.34,50.46,3
2025-08-13 12:25:02,sera@test.com,2025-08-13 11:21:22,True,52.75,13.42,27.05,1
2025-08-13 12:25:02,jack@test.com,2025-08-13 10:48:24,True,20.83,18.46,6.8,0
2025-08-13 12:25:04,alice@test.com,2025-08-13 11:43:22,True,15.7,22.12,61.82,0
2025-08-13 12:25:04,bob@test.com,2025-08-13 12:19:24,True,55.22,44.72,71.72,6
2025-08-13 12:25:04,hanilee@test.com,2025-08-13 12:15:22,True,23.26,33.56,79.16,3
2025-08-13 12:25:04,tim@test.com,2025-08-13 11:33:22,True,29.3,9.42,42.46,1
2025-08-13 12:25:04,fran@test.com,2025-08-13 12:13:26,True,42.15,9.64,49.75,2
2025-08-13 12:25:04,delen@test.com,2025-08-13 10:51:24,True,56.74,15.87,49.74,5
2025-08-13 12:25:04,sera@test.com,2025-08-13 11:21:22,True,46.68,16.97,23.28,1
2025-08-13 12:25:04,jack@test.com,2025-08-13 10:48:24,True,15.7,20.64,13.2,0
2025-08-13 12:25:06,alice@test.com,2025-08-13 11:43:22,True,7.33,22.24,62.64,0
2025-08-13 12:25:06,bob@test.com,2025-08-13 12:19:24,True,57.93,47.29,71.02,5
2025-08-13 12:25:06,hanilee@test.com,2025-08-13 12:15:22,True,28.9,29.3,79.03,4
2025-08-13 12:25:06,tim@test.com,2025-08-13 11:33:22,True,36.6,13.61,36.04,0
2025-08-13 12:25:06,fran@test.com,2025-08-13 12:13:26,True,44.28,10.97,49.97,1
2025-08-13 12:25:06,delen@test.com,2025-08-13 10:51:24,True,57.68,13.72,51.14,3
2025-08-13 12:25:06,sera@test.com,2025-08-13 11:21:22,True,51.45,12.51,24.34,0
2025-08-13 12:25:06,jack@test.com,2025-08-13 10:48:24,True,14.44,18.23,9.43,0
2025-08-13 12:25:08,alice@test.com,2025-08-13 11:43:22,True,13.98,21.65,59.52,1
2025-08-13 12:25:08,bob@test.com,2025-08-13 12:19:24,True,59.57,49.62,71.72,5
2025-08-13 12:25:08,hanilee@test.com,2025-08-13 12:15:22,True,25.69,29.89,80.72,2
2025-08-13 12:25:08,tim@test.com,2025-08-13 11:33:22,True,39.79,12.31,42.41,2
2025-08-13 12:25:08,fran@test.com,2025-08-13 12:13:26,True,45.14,15.01,49.59,1
2025-08-13 12:25:08,delen@test.com,2025-08-13 10:51:24,True,51.29,23.24,49.99,3
2025-08-13 12:25:08,sera@test.com,2025-08-13 11:21:22,True,50.7,8.81,22.96,1
2025-08-13 12:25:08,jack@test.com,2025-08-13 10:48:24,True,22.54,12.95,8.78,2
2025-08-13 12:25:10,alice@test.com,2025-08-13 11:43:22,True,7.95,17.97,60.59,1
2025-08-13 12:25:10,bob@test.com,2025-08-13 12:19:24,True,55.02,44.06,72.91,5
2025-08-13 12:25:10,hanilee@test.com,2025-08-13 12:15:22,True,23.06,31.09,74.76,2
2025-08-13 12:25:10,tim@test.com,2025-08-13 11:33:22,True,40.17,10.21,37.98,0
2025-08-13 12:25:10,fran@test.com,2025-08-13 12:13:26,True,44.48,16.67,47.91,4
2025-08-13 12:25:10,delen@test.com,2025-08-13 10:51:24,True,53.48,17.65,51.3,3
2025-08-13 12:25:10,sera@test.com,2025-08-13 11:21:22,True,52.75,12.4,26.21,1
2025-08-13 12:25:10,jack@test.com,2025-08-13 10:48:24,True,15.61,20.42,7.51,0
2025-08-13 12:25:12,alice@test.com,2025-08-13 11:43:22,True,9.6,20.17,60.55,1
2025-08-13 12:25:12,bob@test.com,2025-08-13 12:19:24,True,60.9,41.33,73.63,6
2025-08-13 12:25:12,hanilee@test.com,2025-08-13 12:15:22,True,26.26,32.83,75.62,3
2025-08-13 12:25:12,tim@test.com,2025-08-13 11:33:22,True,31.66,15.41,40.54,2
2025-08-13 12:25:12,fran@test.com,2025-08-13 12:13:26,True,41.23,17.34,52.11,2
2025-08-13 12:25:12,delen@test.com,2025-08-13 10:51:24,True,58.22,14.78,49.15,5
2025-08-13 12:25:12,sera@test.com,2025-08-13 11:21:22,True,45.05,9.81,26.28,2
2025-08-13 12:25:12,jack@test.com,2025-08-13 10:48:24,True,24.28,12.9,5.67,0
2025-08-13 12:25:14,alice@test.com,2025-08-13 11:43:22,True,13.62,14.22,63.66,1
2025-08-13 12:25:14,bob@test.com,2025-08-13 12:19:24,True,62.67,47.3,70.58,4
2025-08-13 12:25:14,hanilee@test.com,2025-08-13 12:15:22,True,28.48,28.88,79.1,1
2025-08-13 12:25:14,tim@test.com,2025-08-13 11:33:22,True,35.15,13.71,42.34,0
2025-08-13 12:25:14,fran@test.com,2025-08-13 12:13:26,True,48.5,13.05,51.73,2
2025-08-13 12:25:14,delen@test.com,2025-08-13 10:51:24,True,56.22,15.23,52.31,7
2025-08-13 12:25:14,sera@test.com,2025-08-13 11:21:22,True,48.95,15.93,24.09,2
2025-08-13 12:25:14,jack@test.com,2025-08-13 10:48:24,True,23.51,18.48,9.33,0
2025-08-13 12:25:16,alice@test.com,2025-08-13 11:43:22,True,9.13,21.42,60.77,1
2025-08-13 12:25:16,bob@test.com,2025-08-13 12:19:24,True,62.63,43.26,71.2,6
2025-08-13 12:25:16,hanilee@test.com,2025-08-13 12:15:22,True,28.78,36.19,79.13,3
2025-08-13 12:25:16,tim@test.com,2025-08-13 11:33:22,True,27.73,15.43,40.83,2
2025-08-13 12:25:16,fran@test.com,2025-08-13 12:13:26,True,44.92,17.22,53.06,3
2025-08-13 12:25:16,delen@test.com,2025-08-13 10:51:24,True,56.32,16.8,51.77,3
2025-08-13 12:25:16,sera@test.com,2025-08-13 11:21:22,True,48.02,10.77,25.56,1
2025-08-13 12:25:16,jack@test.com,2025-08-13 10:48:24,True,23.36,19.65,12.96,1
2025-08-13 12:25:18,alice@test.com,2025-08-13 11:43:22,True,6.69,16.86,66.58,0
2025-08-13 12:25:18,bob@test.com,2025-08-13 12:19:24,True,62.9,45.66,69.22,5
2025-08-13 12:25:18,hanilee@test.com,2025-08-13 12:15:22,True,23.18,33.24,73.98,3
2025-08-13 12:25:18,tim@test.com,2025-08-13 11:33:22,True,39.93,11.2,40.55,1
2025-08-13 12:25:18,fran@test.com,2025-08-13 12:13:26,True,42.13,19.78,47.25,1
2025-08-13 12:25:18,delen@test.com,2025-08-13 10:51:24,True,50.51,20.19,48.62,3
2025-08-13 12:25:18,sera@test.com,2025-08-13 11:21:22,True,46.2,17.59,25.51,0
2025-08-13 12:25:18,jack@test.com,2025-08-13 10:48:24,True,19.48,16.0,9.19,1
2025-08-13 12:25:20,alice@test.com,2025-08-13 11:43:22,True,11.96,19.53,63.96,3
2025-08-13 12:25:20,bob@test.com,2025-08-13 12:19:24,True,63.53,47.43,67.72,7
2025-08-13 12:25:20,hanilee@test.com,2025-08-13 12:15:22,True,26.04,31.85,76.98,3
2025-08-13 12:25:20,tim@test.com,2025-08-13 11:33:22,True,34.75,11.71,38.85,2
2025-08-13 12:25:20,fran@test.com,2025-08-13 12:13:26,True,46.7,16.52,46.99,3
2025-08-13 12:25:20,delen@test.com,2025-08-13 10:51:24,True,56.38,17.38,49.57,2
2025-08-13 12:25:20,sera@test.com,2025-08-13 11:21:22,True,43.38,19.87,22.21,2
2025-08-13 12:25:20,jack@test.com,2025-08-13 10:48:24,True,20.57,15.4,9.36,0
2025-08-13 12:25:22,alice@test.com,2025-08-13 11:43:22,True,8.44,20.21,62.57,0
2025-08-13 12:25:22,bob@test.com,2025-08-13 12:19:24,True,61.43,42.62,71.1,6
2025-08-13 12:25:22,hanilee@test.com,2025-08-13 12:15:22,True,25.83,27.15,79.59,5
2025-08-13 12:25:22,tim@test.com,2025-08-13 11:33:22,True,37.58,13.16,42.11,2
2025-08-13 12:25:22,fran@test.com,2025-08-13 12:13:26,True,46.2,12.63,51.41,3
2025-08-13 12:25:22,delen@test.com,2025-08-13 10:51:24,True,52.33,14.4,50.92,4
2025-08-13 12:25:22,sera@test.com,2025-08-13 11:21:22,True,51.13,21.21,25.06,0
2025-08-13 12:25:22,jack@test.com,2025-08-13 10:48:24,True,16.83,17.87,10.08,2
2025-08-13 12:25:24,alice@test.com,2025-08-13 11:43:22,True,8.77,22.99,59.29,1
2025-08-13 12:25:24,bob@test.com,2025-08-13 12:19:24,True,59.12,47.52,69.03,6
2025-08-13 12:25:24,hanilee@test.com,2025-08-13 12:15:22,True,22.44,33.04,76.72,4
2025-08-13 12:25:24,tim@test.com,2025-08-13 11:33:22,True,38.0,17.54,39.34,1
2025-08-13 12:25:24,fran@test.com,2025-08-13 12:13:26,True,40.43,18.5,54.46,5
2025-08-13 12:25:24,delen@test.com,2025-08-13 10:51:24,True,58.28,18.86,51.94,4
2025-08-13 12:25:24,sera@test.com,2025-08-13 11:21:22,True,50.54,11.84,27.29,1
2025-08-13 12:25:24,jack@test.com,2025-08-13 10:48:24,True,21.36,21.01,9.62,0
2025-08-13 12:25:26,alice@test.com,2025-08-13 11:43:22,True,11.45,17.92,60.64,1
2025-08-13 12:25:26,bob@test.com,2025-08-13 12:19:24,True,59.55,49.08,70.61,8
2025-08-13 12:25:26,hanilee@test.com,2025-08-13 12:15:22,True,24.46,27.62,73.42,3
2025-08-13 12:25:26,tim@test.com,2025-08-13 11:33:22,True,38.57,8.76,40.17,2
2025-08-13 12:25:26,fran@test.com,2025-08-13 12:13:26,True,46.25,13.92,49.64,4
2025-08-13 12:25:26,delen@test.com,2025-08-13 10:51:24,True,57.41,15.28,46.1,4
2025-08-13 12:25:26,sera@test.com,2025-08-13 11:21:22,True,48.93,16.67,24.76,1
2025-08-13 12:25:26,jack@test.com,2025-08-13 10:48:24,True,23.75,21.17,10.26,0
2025-08-13 12:25:28,alice@test.com,2025-08-13 11:43:22,True,12.27,19.73,60.66,2
2025-08-13 12:25:28,bob@test.com,2025-08-13 12:19:24,True,64.69,47.16,72.65,6
2025-08-13 12:25:28,hanilee@test.com,2025-08-13 12:15:22,True,28.13,30.45,76.28,3
2025-08-13 12:25:28,tim@test.com,2025-08-13 11:33:22,True,32.16,14.85,40.71,3
2025-08-13 12:25:28,fran@test.com,2025-08-13 12:13:26,True,44.38,13.56,48.96,2
2025-08-13 12:25:28,delen@test.com,2025-08-13 10:51:24,True,48.94,15.49,49.58,5
2025-08-13 12:25:28,sera@test.com,2025-08-13 11:21:22,True,49.34,17.52,24.9,1
2025-08-13 12:25:28,jack@test.com,2025-08-13 10:48:24,True,19.03,13.95,7.86,0
2025-08-13 12:25:30,alice@test.com,2025-08-13 11:43:22,True,9.26,18.15,65.38,1
2025-08-13 12:25:30,bob@test.com,2025-08-13 12:19:24,True,60.64,45.35,68.31,6
2025-08-13 12:25:30,hanilee@test.com,2025-08-13 12:15:22,True,27.45,29.48,76.01,3
2025-08-13 12:25:30,tim@test.com,2025-08-13 11:33:22,True,35.42,14.35,41.44,2
2025-08-13 12:25:30,fran@test.com,2025-08-13 12:13:26,True,46.47,15.16,48.89,4
2025-08-13 12:25:30,delen@test.com,2025-08-13 10:51:24,True,54.15,15.09,47.79,4
2025-08-13 12:25:30,sera@test.com,2025-08-13 11:21:22,True,53.53,12.07,26.66,1
2025-08-13 12:25:30,jack@test.com,2025-08-13 10:48:24,True,21.49,20.41,8.46,0
2025-08-13 12:25:32,alice@test.com,2025-08-13 11:43:22,True,10.6,16.57,63.72,1
2025-08-13 12:25:32,bob@test.com,2025-08-13 12:19:24,True,61.17,47.15,69.43,4
2025-08-13 12:25:32,hanilee@test.com,2025-08-13 12:15:22,True,24.42,29.43,77.97,1
2025-08-13 12:25:32,tim@test.com,2025-08-13 11:33:22,True,35.25,15.88,38.41,1
2025-08-13 12:25:32,fran@test.com,2025-08-13 12:13:26,True,43.62,12.58,51.05,3
2025-08-13 12:25:32,delen@test.com,2025-08-13 10:51:24,True,62.03,13.97,48.28,5
2025-08-13 12:25:32,sera@test.com,2025-08-13 11:21:22,True,47.61,16.11,24.82,1
2025-08-13 12:25:32,jack@test.com,2025-08-13 10:48:24,True,19.97,16.44,9.67,0
2025-08-13 12:25:34,alice@test.com,2025-08-13 11:43:22,True,10.12,24.05,62.48,3
2025-08-13 12:25:34,bob@test.com,2025-08-13 12:19:24,True,58.05,46.89,68.29,6
2025-08-13 12:25:34,hanilee@test.com,2025-08-13 12:15:22,True,25.01,27.88,74.6,4
2025-08-13 12:25:34,tim@test.com,2025-08-13 11:33:22,True,33.67,15.01,37.35,1
2025-08-13 12:25:34,fran@test.com,2025-08-13 12:13:26,True,47.59,12.2,46.88,3
2025-08-13 12:25:34,delen@test.com,2025-08-13 10:51:24,True,56.41,13.66,50.2,4
2025-08-13 12:25:34,sera@test.com,2025-08-13 11:21:22,True,48.2,15.03,22.61,2
2025-08-13 12:25:34,jack@test.com,2025-08-13 10:48:24,True,15.18,17.24,12.68,0
2025-08-13 12:25:36,alice@test.com,2025-08-13 11:43:22,True,9.57,20.0,60.94,1
2025-08-13 12:25:36,bob@test.com,2025-08-13 12:19:24,True,60.01,49.62,67.81,5
2025-08-13 12:25:36,hanilee@test.com,2025-08-13 12:15:22,True,28.27,31.56,77.41,3
2025-08-13 12:25:36,tim@test.com,2025-08-13 11:33:22,True,32.46,12.97,37.74,1
2025-08-13 12:25:36,fran@test.com,2025-08-13 12:13:26,True,53.1,12.06,52.77,2
2025-08-13 12:25:36,delen@test.com,2025-08-13 10:51:24,True,54.87,17.1,52.56,2
2025-08-13 12:25:36,sera@test.com,2025-08-13 11:21:22,True,48.78,13.74,23.58,0
2025-08-13 12:25:36,jack@test.com,2025-08-13 10:48:24,True,19.09,16.65,8.35,0
2025-08-13 12:25:38,alice@test.com,2025-08-13 11:43:22,True,9.61,22.47,61.34,1
2025-08-13 12:25:38,bob@test.com,2025-08-13 12:19:24,True,61.31,48.01,67.62,6
2025-08-13 12:25:38,hanilee@test.com,2025-08-13 12:15:22,True,23.86,25.02,78.02,3
2025-08-13 12:25:38,tim@test.com,2025-08-13 11:33:22,True,35.55,8.12,43.66,2
2025-08-13 12:25:38,fran@test.com,2025-08-13 12:13:26,True,48.31,15.62,52.96,0
2025-08-13 12:25:38,delen@test.com,2025-08-13 10:51:24,True,57.65,16.62,52.02,3
2025-08-13 12:25:38,sera@test.com,2025-08-13 11:21:22,True,46.35,18.26,23.93,1
2025-08-13 12:25:38,jack@test.com,2025-08-13 10:48:24,True,18.26,17.14,11.51,0
2025-08-13 12:25:40,alice@test.com,2025-08-13 11:43:22,True,11.61,20.13,63.41,1
2025-08-13 12:25:40,bob@test.com,2025-08-13 12:19:24,True,59.09,46.73,69.57,7
2025-08-13 12:25:40,hanilee@test.com,2025-08-13 12:15:22,True,23.19,26.51,77.4,2
2025-08-13 12:25:40,tim@test.com,2025-08-13 11:33:22,True,40.4,9.89,42.74,1
2025-08-13 12:25:40,fran@test.com,2025-08-13 12:13:26,True,42.21,12.37,47.63,3
2025-08-13 12:25:40,delen@test.com,2025-08-13 10:51:24,True,52.86,8.07,48.94,3
2025-08-13 12:25:40,sera@test.com,2025-08-13 11:21:22,True,50.3,10.34,23.33,3
2025-08-13 12:25:40,jack@test.com,2025-08-13 10:48:24,True,17.99,16.33,9.67,2
2025-08-13 12:25:42,alice@test.com,2025-08-13 11:43:22,True,10.78,19.91,61.85,1
2025-08-13 12:25:42,bob@test.com,2025-08-13 12:19:24,True,63.03,44.07,69.41,8
2025-08-13 12:25:42,hanilee@test.com,2025-08-13 12:15:22,True,23.12,36.53,73.51,3
2025-08-13 12:25:42,tim@test.com,2025-08-13 11:33:22,True,33.46,14.67,39.31,2
2025-08-13 12:25:42,fran@test.com,2025-08-13 12:13:26,True,46.39,15.05,49.04,2
2025-08-13 12:25:42,delen@test.com,2025-08-13 10:51:24,True,53.36,9.47,50.88,4
2025-08-13 12:25:42,sera@test.com,2025-08-13 11:21:22,True,54.43,21.27,26.84,2
2025-08-13 12:25:42,jack@test.com,2025-08-13 10:48:24,True,16.78,17.14,8.95,1
2025-08-13 12:25:44,alice@test.com,2025-08-13 11:43:22,True,13.05,22.39,66.44,2
2025-08-13 12:25:44,bob@test.com,2025-08-13 12:19:24,True,58.52,40.62,71.47,8
2025-08-13 12:25:44,hanilee@test.com,2025-08-13 12:15:22,True,26.99,28.52,80.7,2
2025-08-13 12:25:44,tim@test.com,2025-08-13 11:33:22,True,34.05,5.35,41.29,2
2025-08-13 12:25:44,fran@test.com,2025-08-13 12:13:26,True,41.43,17.52,50.05,3
2025-08-13 12:25:44,delen@test.com,2025-08-13 10:51:24,True,54.72,16.39,47.99,4
2025-08-13 12:25:44,sera@test.com,2025-08-13 11:21:22,True,49.97,15.81,26.23,3
2025-08-13 12:25:44,jack@test.com,2025-08-13 10:48:24,True,19.8,15.75,9.17,3
2025-08-13 12:25:46,alice@test.com,2025-08-13 11:43:22,True,8.18,21.0,62.26,6
2025-08-13 12:25:46,bob@test.com,2025-08-13 12:19:24,True,59.29,44.43,73.64,5
2025-08-13 12:25:46,hanilee@test.com,2025-08-13 12:15:22,True,24.03,33.03,79.94,2
2025-08-13 12:25:46,tim@test.com,2025-08-13 11:33:22,True,31.77,9.34,41.93,3
2025-08-13 12:25:46,fran@test.com,2025-08-13 12:13:26,True,49.59,12.14,50.09,2
2025-08-13 12:25:46,delen@test.com,2025-08-13 10:51:24,True,53.13,11.78,47.24,3
2025-08-13 12:25:46,sera@test.com,2025-08-13 11:21:22,True,46.95,11.04,25.56,1
2025-08-13 12:25:46,jack@test.com,2025-08-13 10:48:24,True,23.11,19.73,15.46,2
2025-08-13 12:25:48,alice@test.com,2025-08-13 11:43:22,True,11.6,21.19,61.27,2
2025-08-13 12:25:48,bob@test.com,2025-08-13 12:19:24,True,56.28,51.09,68.76,5
2025-08-13 12:25:48,hanilee@test.com,2025-08-13 12:15:22,True,26.21,30.06,74.49,1
2025-08-13 12:25:48,tim@test.com,2025-08-13 11:33:22,True,30.23,9.93,41.53,3
2025-08-13 12:25:48,fran@test.com,2025-08-13 12:13:26,True,46.6,14.96,52.9,2
2025-08-13 12:25:48,delen@test.com,2025-08-13 10:51:24,True,56.19,14.47,48.15,4
2025-08-13 12:25:48,sera@test.com,2025-08-13 11:21:22,True,51.09,14.34,27.0,1
2025-08-13 12:25:48,jack@test.com,2025-08-13 10:48:24,True,18.19,17.92,10.6,1
2025-08-13 12:25:50,alice@test.com,2025-08-13 11:43:22,True,12.49,17.24,63.32,1
2025-08-13 12:25:50,bob@test.com,2025-08-13 12:19:24,True,54.99,45.56,66.53,5
2025-08-13 12:25:50,hanilee@test.com,2025-08-13 12:15:22,True,31.13,31.45,74.96,3
2025-08-13 12:25:50,tim@test.com,2025-08-13 11:33:22,True,35.27,9.79,45.02,1
2025-08-13 12:25:50,fran@test.com,2025-08-13 12:13:26,True,45.53,15.42,51.22,2
2025-08-13 12:25:50,delen@test.com,2025-08-13 10:51:24,True,51.07,14.64,49.15,5
2025-08-13 12:25:50,sera@test.com,2025-08-13 11:21:22,True,53.64,13.0,25.03,2
2025-08-13 12:25:50,jack@test.com,2025-08-13 10:48:24,True,20.46,20.46,9.71,0
2025-08-13 12:25:52,alice@test.com,2025-08-13 11:43:22,True,15.78,22.08,64.1,1
2025-08-13 12:25:52,bob@test.com,2025-08-13 12:19:24,True,61.81,49.73,67.68,7
2025-08-13 12:25:52,hanilee@test.com,2025-08-13 12:15:22,True,28.33,36.17,75.64,2
2025-08-13 12:25:52,tim@test.com,2025-08-13 11:33:22,True,36.65,12.0,37.27,1
2025-08-13 12:25:52,fran@test.com,2025-08-13 12:13:26,True,47.84,11.36,50.44,2
2025-08-13 12:25:52,delen@test.com,2025-08-13 10:51:24,True,54.43,16.21,50.36,3
2025-08-13 12:25:52,sera@test.com,2025-08-13 11:21:22,True,53.23,17.53,28.11,2
2025-08-13 12:25:52,jack@test.com,2025-08-13 10:48:24,True,17.94,14.89,10.9,0
2025-08-13 12:25:54,alice@test.com,2025-08-13 11:43:22,True,9.67,22.64,58.98,2
2025-08-13 12:25:54,bob@test.com,2025-08-13 12:19:24,True,60.52,43.3,66.91,4
2025-08-13 12:25:54,hanilee@test.com,2025-08-13 12:15:22,True,23.0,32.39,78.06,2
2025-08-13 12:25:54,tim@test.com,2025-08-13 11:33:22,True,33.97,8.49,37.77,2
2025-08-13 12:25:54,fran@test.com,2025-08-13 12:13:26,True,43.08,14.36,51.43,3
2025-08-13 12:25:54,delen@test.com,2025-08-13 10:51:24,True,51.44,12.53,51.25,3
2025-08-13 12:25:54,sera@test.com,2025-08-13 11:21:22,True,49.82,11.8,28.76,3
2025-08-13 12:25:54,jack@test.com,2025-08-13 10:48:24,True,24.1,11.88,11.59,3
2025-08-13 12:25:56,alice@test.com,2025-08-13 11:43:22,True,13.23,24.0,60.89,3
2025-08-13 12:25:56,bob@test.com,2025-08-13 12:19:24,True,65.78,46.53,69.08,6
2025-08-13 12:25:56,hanilee@test.com,2025-08-13 12:15:22,True,21.28,34.5,77.0,3
2025-08-13 12:25:56,tim@test.com,2025-08-13 11:33:22,True,35.65,18.36,40.74,1
2025-08-13 12:25:56,fran@test.com,2025-08-13 12:13:26,True,41.4,12.83,51.17,3
2025-08-13 12:25:56,delen@test.com,2025-08-13 10:51:24,True,55.0,19.89,52.47,4
2025-08-13 12:25:56,sera@test.com,2025-08-13 11:21:22,True,53.12,22.7,25.79,3
2025-08-13 12:25:56,jack@test.com,2025-08-13 10:48:24,True,20.51,18.33,10.88,0
2025-08-13 12:25:58,alice@test.com,2025-08-13 11:43:22,True,9.62,21.02,62.68,1
2025-08-13 12:25:58,bob@test.com,2025-08-13 12:19:24,True,61.28,40.63,68.72,5
2025-08-13 12:25:58,hanilee@test.com,2025-08-13 12:15:22,True,28.56,32.43,80.82,4
2025-08-13 12:25:58,tim@test.com,2025-08-13 11:33:22,True,32.56,12.11,35.56,1
2025-08-13 12:25:58,fran@test.com,2025-08-13 12:13:26,True,43.29,10.44,54.18,4
2025-08-13 12:25:58,delen@test.com,2025-08-13 10:51:24,True,50.43,18.18,48.84,3
2025-08-13 12:25:58,sera@test.com,2025-08-13 11:21:22,True,48.74,12.12,24.63,1
2025-08-13 12:25:58,jack@test.com,2025-08-13 10:48:24,True,18.07,22.51,12.36,1
2025-08-13 12:26:00,alice@test.com,2025-08-13 11:43:22,True,12.39,17.89,63.24,2
2025-08-13 12:26:00,bob@test.com,2025-08-13 12:19:24,True,57.95,46.08,71.35,4
2025-08-13 12:26:00,hanilee@test.com,2025-08-13 12:15:22,True,23.74,29.06,75.11,3
2025-08-13 12:26:00,tim@test.com,2025-08-13 11:33:22,True,32.51,8.49,40.8,3
2025-08-13 12:26:00,fran@test.com,2025-08-13 12:13:26,True,49.63,18.71,47.44,1
2025-08-13 12:26:00,delen@test.com,2025-08-13 10:51:24,True,56.86,16.3,53.06,5
2025-08-13 12:26:00,sera@test.com,2025-08-13 11:21:22,True,51.38,17.85,24.72,2
2025-08-13 12:26:00,jack@test.com,2025-08-13 10:48:24,True,21.53,16.47,12.77,1
2025-08-13 12:26:02,alice@test.com,2025-08-13 11:43:22,True,12.08,20.68,61.19,2
2025-08-13 12:26:02,bob@test.com,2025-08-13 12:19:24,True,59.21,47.17,67.88,5
2025-08-13 12:26:02,hanilee@test.com,2025-08-13 12:15:22,True,27.64,27.49,77.45,1
2025-08-13 12:26:02,tim@test.com,2025-08-13 11:33:22,True,29.37,8.9,37.46,3
2025-08-13 12:26:02,fran@test.com,2025-08-13 12:13:26,True,49.06,15.4,50.37,3
2025-08-13 12:26:02,delen@test.com,2025-08-13 10:51:24,True,55.85,15.84,49.07,4
2025-08-13 12:26:02,sera@test.com,2025-08-13 11:21:22,True,48.79,14.27,26.32,2
2025-08-13 12:26:02,jack@test.com,2025-08-13 10:48:24,True,22.08,16.8,9.85,0
2025-08-13 12:26:04,alice@test.com,2025-08-13 11:43:22,True,7.76,21.08,64.6,1
2025-08-13 12:26:04,bob@test.com,2025-08-13 12:19:24,True,67.43,48.74,71.02,5
2025-08-13 12:26:04,hanilee@test.com,2025-08-13 12:15:22,True,24.01,28.18,74.67,3
2025-08-13 12:26:04,tim@test.com,2025-08-13 11:33:22,True,35.61,9.36,40.19,1
2025-08-13 12:26:04,fran@test.com,2025-08-13 12:13:26,True,42.62,10.02,49.26,3
2025-08-13 12:26:04,delen@test.com,2025-08-13 10:51:24,True,55.92,18.35,49.56,4
2025-08-13 12:26:04,sera@test.com,2025-08-13 11:21:22,True,53.21,14.6,25.6,2
2025-08-13 12:26:04,jack@test.com,2025-08-13 10:48:24,True,18.69,19.07,7.76,1
2025-08-13 12:26:06,alice@test.com,2025-08-13 11:43:22,True,15.42,23.49,61.46,1
2025-08-13 12:26:06,bob@test.com,2025-08-13 12:19:24,True,55.88,45.91,71.17,4
2025-08-13 12:26:06,hanilee@test.com,2025-08-13 12:15:22,True,26.1,28.12,73.6,2
2025-08-13 12:26:06,tim@test.com,2025-08-13 11:33:22,True,36.44,15.22,36.06,1
2025-08-13 12:26:06,fran@test.com,2025-08-13 12:13:26,True,43.89,13.12,52.29,4
2025-08-13 12:26:06,delen@test.com,2025-08-13 10:51:24,True,57.85,13.5,49.76,4
2025-08-13 12:26:06,sera@test.com,2025-08-13 11:21:22,True,49.48,8.12,27.06,0
2025-08-13 12:26:06,jack@test.com,2025-08-13 10:48:24,True,18.19,24.28,10.55,0
2025-08-13 12:26:08,alice@test.com,2025-08-13 11:43:22,True,11.73,20.08,61.66,1
2025-08-13 12:26:08,bob@test.com,2025-08-13 12:19:24,True,60.52,45.32,66.86,5
2025-08-13 12:26:08,hanilee@test.com,2025-08-13 12:15:22,True,18.94,31.3,78.79,2
2025-08-13 12:26:08,tim@test.com,2025-08-13 11:33:22,True,34.89,3.24,37.6,2
2025-08-13 12:26:08,fran@test.com,2025-08-13 12:13:26,True,45.73,14.41,50.48,2
2025-08-13 12:26:08,delen@test.com,2025-08-13 10:51:24,True,59.16,18.52,50.98,3
2025-08-13 12:26:08,sera@test.com,2025-08-13 11:21:22,True,53.29,18.25,24.82,0
2025-08-13 12:26:08,jack@test.com,2025-08-13 10:48:24,True,21.33,16.6,7.45,0
2025-08-13 12:26:10,alice@test.com,2025-08-13 11:43:22,True,11.14,22.01,59.76,1
2025-08-13 12:26:10,bob@test.com,2025-08-13 12:19:24,True,64.17,42.87,68.2,6
2025-08-13 12:26:10,hanilee@test.com,2025-08-13 12:15:22,True,22.05,30.16,77.75,2
2025-08-13 12:26:10,tim@test.com,2025-08-13 11:33:22,True,30.77,16.17,41.56,1
2025-08-13 12:26:10,fran@test.com,2025-08-13 12:13:26,True,43.12,14.72,47.98,2
2025-08-13 12:26:10,delen@test.com,2025-08-13 10:51:24,True,53.53,19.01,52.84,5
2025-08-13 12:26:10,sera@test.com,2025-08-13 11:21:22,True,47.64,20.96,22.67,2
2025-08-13 12:26:10,jack@test.com,2025-08-13 10:48:24,True,19.37,16.38,8.04,1
2025-08-13 12:26:12,alice@test.com,2025-08-13 11:43:22,True,7.78,19.03,62.61,2
2025-08-13 12:26:12,bob@test.com,2025-08-13 12:19:24,True,58.81,44.98,71.32,6
2025-08-13 12:26:12,hanilee@test.com,2025-08-13 12:15:22,True,20.13,28.93,77.05,3
2025-08-13 12:26:12,tim@test.com,2025-08-13 11:33:22,True,35.09,8.29,37.41,2
2025-08-13 12:26:12,fran@test.com,2025-08-13 12:13:26,True,42.47,13.0,50.99,3
2025-08-13 12:26:12,delen@test.com,2025-08-13 10:51:24,True,54.55,15.84,51.79,3
2025-08-13 12:26:12,sera@test.com,2025-08-13 11:21:22,True,42.92,18.82,27.62,2
2025-08-13 12:26:12,jack@test.com,2025-08-13 10:48:24,True,19.93,17.21,11.68,1
2025-08-13 12:26:14,alice@test.com,2025-08-13 11:43:22,True,8.04,17.35,60.94,0
2025-08-13 12:26:14,bob@test.com,2025-08-13 12:19:24,True,58.11,41.41,75.23,6
2025-08-13 12:26:14,hanilee@test.com,2025-08-13 12:15:22,True,26.4,28.6,75.79,2
2025-08-13 12:26:14,tim@test.com,2025-08-13 11:33:22,True,35.22,14.04,41.96,2
2025-08-13 12:26:14,fran@test.com,2025-08-13 12:13:26,True,42.95,17.39,53.27,3
2025-08-13 12:26:14,delen@test.com,2025-08-13 10:51:24,True,54.44,20.3,53.07,4
2025-08-13 12:26:14,sera@test.com,2025-08-13 11:21:22,True,51.62,18.65,27.3,1
2025-08-13 12:26:14,jack@test.com,2025-08-13 10:48:24,True,22.91,19.63,11.56,0
2025-08-13 12:26:16,alice@test.com,2025-08-13 11:43:22,True,12.36,19.26,62.51,1
2025-08-13 12:26:16,bob@test.com,2025-08-13 12:19:24,True,60.93,43.08,70.83,5
2025-08-13 12:26:16,hanilee@test.com,2025-08-13 12:15:22,True,27.96,27.26,79.25,2
2025-08-13 12:26:16,tim@test.com,2025-08-13 11:33:22,True,42.54,11.76,39.27,0
2025-08-13 12:26:16,fran@test.com,2025-08-13 12:13:26,True,44.84,13.26,48.48,2
2025-08-13 12:26:16,delen@test.com,2025-08-13 10:51:24,True,55.53,18.27,48.29,3
2025-08-13 12:26:16,sera@test.com,2025-08-13 11:21:22,True,49.77,18.45,25.07,1
2025-08-13 12:26:16,jack@test.com,2025-08-13 10:48:24,True,18.63,18.43,13.08,0
2025-08-13 12:26:18,alice@test.com,2025-08-13 11:43:22,True,8.84,26.23,57.04,4
2025-08-13 12:26:18,bob@test.com,2025-08-13 12:19:24,True,60.16,49.46,69.69,6
2025-08-13 12:26:18,hanilee@test.com,2025-08-13 12:15:22,True,25.01,27.7,77.89,2
2025-08-13 12:26:18,tim@test.com,2025-08-13 11:33:22,True,35.79,15.54,39.72,2
2025-08-13 12:26:18,fran@test.com,2025-08-13 12:13:26,True,40.42,14.82,49.6,2
2025-08-13 12:26:18,delen@test.com,2025-08-13 10:51:24,True,56.02,17.81,52.49,2
2025-08-13 12:26:18,sera@test.com,2025-08-13 11:21:22,True,52.72,16.2,24.74,2
2025-08-13 12:26:18,jack@test.com,2025-08-13 10:48:24,True,21.89,20.02,8.41,0
2025-08-13 12:26:20,alice@test.com,2025-08-13 11:43:22,True,13.07,22.46,63.37,0
2025-08-13 12:26:20,bob@test.com,2025-08-13 12:19:24,True,56.34,43.0,71.76,4
2025-08-13 12:26:20,hanilee@test.com,2025-08-13 12:15:22,True,27.45,31.09,72.17,3
2025-08-13 12:26:20,tim@test.com,2025-08-13 11:33:22,True,34.44,7.67,40.88,2
2025-08-13 12:26:20,fran@test.com,2025-08-13 12:13:26,True,48.99,11.53,50.73,2
2025-08-13 12:26:20,delen@test.com,2025-08-13 10:51:24,True,53.31,15.48,49.17,3
2025-08-13 12:26:20,sera@test.com,2025-08-13 11:21:22,True,52.28,16.37,23.29,1
2025-08-13 12:26:20,jack@test.com,2025-08-13 10:48:24,True,19.8,15.03,12.58,1
2025-08-13 12:26:22,alice@test.com,2025-08-13 11:43:22,True,3.63,21.11,59.14,2
2025-08-13 12:26:22,bob@test.com,2025-08-13 12:19:24,True,68.51,48.47,68.58,6
2025-08-13 12:26:22,hanilee@test.com,2025-08-13 12:15:22,True,23.37,27.18,74.49,3
2025-08-13 12:26:22,tim@test.com,2025-08-13 11:33:22,True,36.25,11.97,39.05,1
2025-08-13 12:26:22,fran@test.com,2025-08-13 12:13:26,True,51.78,16.69,47.15,2
2025-08-13 12:26:22,delen@test.com,2025-08-13 10:51:24,True,58.51,13.96,49.74,5
2025-08-13 12:26:22,sera@test.com,2025-08-13 11:21:22,True,48.02,15.78,25.19,1
2025-08-13 12:26:22,jack@test.com,2025-08-13 10:48:24,True,16.85,18.21,9.65,0
2025-08-13 12:26:24,alice@test.com,2025-08-13 11:43:22,True,10.04,22.49,57.29,4
2025-08-13 12:26:24,bob@test.com,2025-08-13 12:19:24,True,57.32,46.33,69.08,7
2025-08-13 12:26:24,hanilee@test.com,2025-08-13 12:15:22,True,28.39,35.18,80.19,2
2025-08-13 12:26:24,tim@test.com,2025-08-13 11:33:22,True,30.49,17.9,44.01,2
2025-08-13 12:26:24,fran@test.com,2025-08-13 12:13:26,True,41.92,13.42,50.14,3
2025-08-13 12:26:24,delen@test.com,2025-08-13 10:51:24,True,58.15,18.99,52.75,5
2025-08-13 12:26:24,sera@test.com,2025-08-13 11:21:22,True,53.23,17.7,23.5,2
2025-08-13 12:26:24,jack@test.com,2025-08-13 10:48:24,True,21.7,15.94,11.28,0
2025-08-13 12:26:26,alice@test.com,2025-08-13 11:43:22,True,8.81,25.04,59.4,2
2025-08-13 12:26:26,bob@test.com,2025-08-13 12:19:24,True,58.48,46.13,69.21,4
2025-08-13 12:26:26,hanilee@test.com,2025-08-13 12:15:22,True,23.59,27.8,74.01,3
2025-08-13 12:26:26,tim@test.com,2025-08-13 11:33:22,True,36.2,13.59,41.75,1
2025-08-13 12:26:26,fran@test.com,2025-08-13 12:13:26,True,47.36,14.9,48.08,3
2025-08-13 12:26:26,delen@test.com,2025-08-13 10:51:24,True,56.18,10.46,47.93,5
2025-08-13 12:26:26,sera@test.com,2025-08-13 11:21:22,True,46.28,9.13,25.51,1
2025-08-13 12:26:26,jack@test.com,2025-08-13 10:48:24,True,17.6,19.2,9.81,0
2025-08-13 12:26:28,alice@test.com,2025-08-13 11:43:22,True,8.18,20.92,60.51,2
2025-08-13 12:26:28,bob@test.com,2025-08-13 12:19:24,True,55.99,43.25,67.78,6
2025-08-13 12:26:28,hanilee@test.com,2025-08-13 12:15:22,True,23.8,30.68,76.0,4
2025-08-13 12:26:28,tim@test.com,2025-08-13 11:33:22,True,35.81,14.72,41.0,1
2025-08-13 12:26:28,fran@test.com,2025-08-13 12:13:26,True,48.75,12.94,52.49,2
2025-08-13 12:26:28,delen@test.com,2025-08-13 10:51:24,True,57.3,8.13,52.73,3
2025-08-13 12:26:28,sera@test.com,2025-08-13 11:21:22,True,47.92,18.35,24.69,1
2025-08-13 12:26:28,jack@test.com,2025-08-13 10:48:24,True,21.59,14.5,9.55,0
2025-08-13 12:26:30,alice@test.com,2025-08-13 11:43:22,True,9.25,15.74,59.86,2
2025-08-13 12:26:30,bob@test.com,2025-08-13 12:19:24,True,55.73,54.85,73.72,6
2025-08-13 12:26:30,hanilee@test.com,2025-08-13 12:15:22,True,27.14,25.28,78.08,1
2025-08-13 12:26:30,tim@test.com,2025-08-13 11:33:22,True,35.05,15.03,39.95,1
2025-08-13 12:26:30,fran@test.com,2025-08-13 12:13:26,True,44.53,14.14,47.5,1
2025-08-13 12:26:30,delen@test.com,2025-08-13 10:51:24,True,57.96,15.82,51.46,4
2025-08-13 12:26:30,sera@test.com,2025-08-13 11:21:22,True,50.01,17.2,22.16,0
2025-08-13 12:26:30,jack@test.com,2025-08-13 10:48:24,True,16.88,12.96,11.95,0
2025-08-13 12:26:32,alice@test.com,2025-08-13 11:43:22,True,12.55,24.33,65.31,1
2025-08-13 12:26:32,bob@test.com,2025-08-13 12:19:24,True,55.91,46.01,71.14,6
2025-08-13 12:26:32,hanilee@test.com,2025-08-13 12:15:22,True,23.93,25.34,76.66,2
2025-08-13 12:26:32,tim@test.com,2025-08-13 11:33:22,True,40.35,16.89,38.91,2
2025-08-13 12:26:32,fran@test.com,2025-08-13 12:13:26,True,44.92,17.67,53.91,3
2025-08-13 12:26:32,delen@test.com,2025-08-13 10:51:24,True,51.78,19.8,47.55,3
2025-08-13 12:26:32,sera@test.com,2025-08-13 11:21:22,True,49.79,22.73,26.87,1
2025-08-13 12:26:32,jack@test.com,2025-08-13 10:48:24,True,18.34,15.75,4.88,0
2025-08-13 12:26:34,alice@test.com,2025-08-13 11:43:22,True,12.47,18.13,63.9,2
2025-08-13 12:26:34,bob@test.com,2025-08-13 12:19:24,True,60.55,46.25,69.04,6
2025-08-13 12:26:34,hanilee@test.com,2025-08-13 12:15:22,True,24.62,28.98,76.5,2
2025-08-13 12:26:34,tim@test.com,2025-08-13 11:33:22,True,38.85,11.66,41.44,1
2025-08-13 12:26:34,fran@test.com,2025-08-13 12:13:26,True,54.3,12.42,46.49,1
2025-08-13 12:26:34,delen@test.com,2025-08-13 10:51:24,True,59.39,12.73,48.73,5
2025-08-13 12:26:34,sera@test.com,2025-08-13 11:21:22,True,54.67,18.2,23.06,2
2025-08-13 12:26:34,jack@test.com,2025-08-13 10:48:24,True,19.35,21.91,6.84,0
2025-08-13 12:26:36,alice@test.com,2025-08-13 11:43:22,True,0.36,16.06,64.37,1
2025-08-13 12:26:36,bob@test.com,2025-08-13 12:19:24,True,59.6,43.34,70.53,6
2025-08-13 12:26:36,hanilee@test.com,2025-08-13 12:15:22,True,24.33,31.47,77.69,0
2025-08-13 12:26:36,tim@test.com,2025-08-13 11:33:22,True,36.76,4.79,39.86,1
2025-08-13 12:26:36,fran@test.com,2025-08-13 12:13:26,True,45.81,13.51,46.35,1
2025-08-13 12:26:36,delen@test.com,2025-08-13 10:51:24,True,57.09,12.44,49.39,3
2025-08-13 12:26:36,sera@test.com,2025-08-13 11:21:22,True,51.03,12.99,24.42,0
2025-08-13 12:26:36,jack@test.com,2025-08-13 10:48:24,True,20.99,16.49,10.1,0
2025-08-13 12:26:38,alice@test.com,2025-08-13 11:43:22,True,7.93,17.68,58.16,1
2025-08-13 12:26:38,bob@test.com,2025-08-13 12:19:24,True,66.7,44.54,71.11,6
2025-08-13 12:26:38,hanilee@test.com,2025-08-13 12:15:22,True,28.33,31.96,76.47,2
2025-08-13 12:26:38,tim@test.com,2025-08-13 11:33:22,True,36.6,10.68,44.45,1
2025-08-13 12:26:38,fran@test.com,2025-08-13 12:13:26,True,40.18,12.73,46.39,4
2025-08-13 12:26:38,delen@test.com,2025-08-13 10:51:24,True,51.86,13.74,52.25,3
2025-08-13 12:26:38,sera@test.com,2025-08-13 11:21:22,True,51.73,15.74,21.63,2
2025-08-13 12:26:38,jack@test.com,2025-08-13 10:48:24,True,21.27,17.99,12.41,0
2025-08-13 12:26:40,alice@test.com,2025-08-13 11:43:22,True,5.26,24.93,60.87,2
2025-08-13 12:26:40,bob@test.com,2025-08-13 12:19:24,True,57.27,44.01,69.33,5
2025-08-13 12:26:40,hanilee@test.com,2025-08-13 12:15:22,True,20.79,30.53,79.04,2
2025-08-13 12:26:40,tim@test.com,2025-08-13 11:33:22,True,34.04,10.66,43.2,1
2025-08-13 12:26:40,fran@test.com,2025-08-13 12:13:26,True,42.64,12.76,51.7,1
2025-08-13 12:26:40,delen@test.com,2025-08-13 10:51:24,True,52.52,14.78,50.22,4
2025-08-13 12:26:40,sera@test.com,2025-08-13 11:21:22,True,56.12,19.3,24.08,2
2025-08-13 12:26:40,jack@test.com,2025-08-13 10:48:24,True,25.86,19.16,9.29,2
2025-08-13 12:26:42,alice@test.com,2025-08-13 11:43:22,True,11.85,17.64,58.91,0
2025-08-13 12:26:42,bob@test.com,2025-08-13 12:19:24,True,56.78,49.53,68.91,5
2025-08-13 12:26:42,hanilee@test.com,2025-08-13 12:15:22,True,22.93,31.53,79.86,4
2025-08-13 12:26:42,tim@test.com,2025-08-13 11:33:22,True,39.65,8.79,38.99,3
2025-08-13 12:26:42,fran@test.com,2025-08-13 12:13:26,True,48.38,11.38,49.22,3
2025-08-13 12:26:42,delen@test.com,2025-08-13 10:51:24,True,58.64,15.69,52.24,3
2025-08-13 12:26:42,sera@test.com,2025-08-13 11:21:22,True,47.28,17.85,22.36,3
2025-08-13 12:26:42,jack@test.com,2025-08-13 10:48:24,True,20.2,17.64,11.35,2
2025-08-13 12:26:44,alice@test.com,2025-08-13 11:43:22,True,15.11,20.59,66.33,0
2025-08-13 12:26:44,bob@test.com,2025-08-13 12:19:24,True,59.21,47.33,70.7,4
2025-08-13 12:26:44,hanilee@test.com,2025-08-13 12:15:22,True,23.03,28.87,80.32,3
2025-08-13 12:26:44,tim@test.com,2025-08-13 11:33:22,True,39.4,13.24,43.6,1
2025-08-13 12:26:44,fran@test.com,2025-08-13 12:13:26,True,38.57,17.48,50.02,2
2025-08-13 12:26:44,delen@test.com,2025-08-13 10:51:24,True,53.7,11.93,49.43,2
2025-08-13 12:26:44,sera@test.com,2025-08-13 11:21:22,True,49.89,13.6,26.24,3
2025-08-13 12:26:44,jack@test.com,2025-08-13 10:48:24,True,19.15,15.14,9.65,1
2025-08-13 12:26:46,alice@test.com,2025-08-13 11:43:22,True,7.26,14.02,60.17,2
2025-08-13 12:26:46,bob@test.com,2025-08-13 12:19:24,True,58.7,41.61,71.03,6
2025-08-13 12:26:46,hanilee@test.com,2025-08-13 12:15:22,True,30.13,33.81,77.2,2
2025-08-13 12:26:46,tim@test.com,2025-08-13 11:33:22,True,32.2,9.11,40.64,1
2025-08-13 12:26:46,fran@test.com,2025-08-13 12:13:26,True,43.86,11.3,49.77,3
2025-08-13 12:26:46,delen@test.com,2025-08-13 10:51:24,True,53.32,10.2,47.72,3
2025-08-13 12:26:46,sera@test.com,2025-08-13 11:21:22,True,51.7,13.37,23.4,0
2025-08-13 12:26:46,jack@test.com,2025-08-13 10:48:24,True,16.89,22.14,10.93,2
2025-08-13 12:26:48,alice@test.com,2025-08-13 11:43:22,True,8.9,24.48,60.34,3
2025-08-13 12:26:48,bob@test.com,2025-08-13 12:19:24,True,65.29,48.92,68.43,5
2025-08-13 12:26:48,hanilee@test.com,2025-08-13 12:15:22,True,22.3,27.19,79.74,3
2025-08-13 12:26:48,tim@test.com,2025-08-13 11:33:22,True,32.38,9.12,39.63,2
2025-08-13 12:26:48,fran@test.com,2025-08-13 12:13:26,True,42.6,13.23,46.93,1
2025-08-13 12:26:48,delen@test.com,2025-08-13 10:51:24,True,48.87,20.09,51.5,3
2025-08-13 12:26:48,sera@test.com,2025-08-13 11:21:22,True,46.24,16.29,27.11,3
2025-08-13 12:26:48,jack@test.com,2025-08-13 10:48:24,True,23.28,13.4,13.09,2
2025-08-13 12:26:50,alice@test.com,2025-08-13 11:43:22,True,8.45,20.77,61.63,1
2025-08-13 12:26:50,bob@test.com,2025-08-13 12:19:24,True,60.71,42.9,65.7,6
2025-08-13 12:26:50,hanilee@test.com,2025-08-13 12:15:22,True,24.19,31.46,73.78,3
2025-08-13 12:26:50,tim@test.com,2025-08-13 11:33:22,True,36.77,10.97,42.56,0
2025-08-13 12:26:50,fran@test.com,2025-08-13 12:13:26,True,49.31,12.99,45.27,3
2025-08-13 12:26:50,delen@test.com,2025-08-13 10:51:24,True,53.7,17.54,47.51,4
2025-08-13 12:26:50,sera@test.com,2025-08-13 11:21:22,True,51.38,15.62,23.24,1
2025-08-13 12:26:50,jack@test.com,2025-08-13 10:48:24,True,14.32,18.7,9.75,2
2025-08-13 12:26:52,alice@test.com,2025-08-13 11:43:22,True,13.07,23.39,61.44,3
2025-08-13 12:26:52,bob@test.com,2025-08-13 12:19:24,True,62.81,40.09,68.79,3
2025-08-13 12:26:52,hanilee@test.com,2025-08-13 12:15:22,True,22.57,28.76,74.76,3
2025-08-13 12:26:52,tim@test.com,2025-08-13 11:33:22,True,41.22,10.72,37.81,2
2025-08-13 12:26:52,fran@test.com,2025-08-13 12:13:26,True,38.12,9.63,52.32,1
2025-08-13 12:26:52,delen@test.com,2025-08-13 10:51:24,True,56.57,16.32,52.24,5
2025-08-13 12:26:52,sera@test.com,2025-08-13 11:21:22,True,50.13,13.44,28.26,3
2025-08-13 12:26:52,jack@test.com,2025-08-13 10:48:24,True,19.39,17.0,10.68,1
2025-08-13 12:26:54,alice@test.com,2025-08-13 11:43:22,True,10.73,25.7,65.77,2
2025-08-13 12:26:54,bob@test.com,2025-08-13 12:19:24,True,60.76,47.69,68.97,6
2025-08-13 12:26:54,hanilee@test.com,2025-08-13 12:15:22,True,23.39,32.9,75.81,2
2025-08-13 12:26:54,tim@test.com,2025-08-13 11:33:22,True,31.71,13.78,38.62,1
2025-08-13 12:26:54,fran@test.com,2025-08-13 12:13:26,True,39.92,13.87,49.54,4
2025-08-13 12:26:54,delen@test.com,2025-08-13 10:51:24,True,58.4,14.88,48.48,5
2025-08-13 12:26:54,sera@test.com,2025-08-13 11:21:22,True,51.11,13.51,24.75,1
2025-08-13 12:26:54,jack@test.com,2025-08-13 10:48:24,True,18.7,14.78,7.93,1
2025-08-13 12:26:56,alice@test.com,2025-08-13 11:43:22,True,4.99,21.51,62.93,2
2025-08-13 12:26:56,bob@test.com,2025-08-13 12:19:24,True,58.8,46.49,72.78,5
2025-08-13 12:26:56,hanilee@test.com,2025-08-13 12:15:22,True,28.37,32.99,78.88,4
2025-08-13 12:26:56,tim@test.com,2025-08-13 11:33:22,True,30.87,14.04,39.14,2
2025-08-13 12:26:56,fran@test.com,2025-08-13 12:13:26,True,48.01,15.1,49.54,2
2025-08-13 12:26:56,delen@test.com,2025-08-13 10:51:24,True,52.28,17.41,48.93,3
2025-08-13 12:26:56,sera@test.com,2025-08-13 11:21:22,True,43.8,18.93,27.28,2
2025-08-13 12:26:56,jack@test.com,2025-08-13 10:48:24,True,20.71,18.05,10.02,0
2025-08-13 12:26:58,alice@test.com,2025-08-13 11:43:22,True,8.37,13.35,64.84,1
2025-08-13 12:26:58,bob@test.com,2025-08-13 12:19:24,True,63.36,47.86,69.17,5
2025-08-13 12:26:58,hanilee@test.com,2025-08-13 12:15:22,True,29.59,35.81,76.18,2
2025-08-13 12:26:58,tim@test.com,2025-08-13 11:33:22,True,32.15,11.75,39.91,1
2025-08-13 12:26:58,fran@test.com,2025-08-13 12:13:26,True,40.56,13.9,50.58,3
2025-08-13 12:26:58,delen@test.com,2025-08-13 10:51:24,True,54.37,12.6,51.82,5
2025-08-13 12:26:58,sera@test.com,2025-08-13 11:21:22,True,43.4,17.55,25.33,0
2025-08-13 12:26:58,jack@test.com,2025-08-13 10:48:24,True,16.88,13.46,9.8,3
2025-08-13 12:27:00,alice@test.com,2025-08-13 11:43:22,True,11.11,20.77,61.06,1
2025-08-13 12:27:00,bob@test.com,2025-08-13 12:19:24,True,58.75,46.03,68.88,6
2025-08-13 12:27:00,hanilee@test.com,2025-08-13 12:15:22,True,26.37,31.12,77.85,2
2025-08-13 12:27:00,tim@test.com,2025-08-13 11:33:22,True,37.53,11.28,38.46,1
2025-08-13 12:27:00,fran@test.com,2025-08-13 12:13:26,True,46.89,14.69,50.06,2
2025-08-13 12:27:00,delen@test.com,2025-08-13 10:51:24,True,52.7,9.62,49.04,5
2025-08-13 12:27:00,sera@test.com,2025-08-13 11:21:22,True,50.62,16.74,23.88,2
2025-08-13 12:27:00,jack@test.com,2025-08-13 10:48:24,True,20.23,13.44,10.14,2
2025-08-13 12:27:02,alice@test.com,2025-08-13 11:43:22,True,9.8,17.46,64.43,1
2025-08-13 12:27:02,bob@test.com,2025-08-13 12:19:24,True,57.45,44.1,68.63,5
2025-08-13 12:27:02,hanilee@test.com,2025-08-13 12:15:22,True,26.03,25.67,75.22,2
2025-08-13 12:27:02,tim@test.com,2025-08-13 11:33:22,True,41.11,10.64,40.81,1
2025-08-13 12:27:02,fran@test.com,2025-08-13 12:13:26,True,44.21,19.68,50.38,2
2025-08-13 12:27:02,delen@test.com,2025-08-13 10:51:24,True,48.14,18.53,49.61,2
2025-08-13 12:27:02,sera@test.com,2025-08-13 11:21:22,True,48.96,16.3,25.5,2
2025-08-13 12:27:02,jack@test.com,2025-08-13 10:48:24,True,21.65,12.14,7.32,1
2025-08-13 12:27:04,alice@test.com,2025-08-13 11:43:22,True,5.75,17.66,62.77,1
2025-08-13 12:27:04,bob@test.com,2025-08-13 12:19:24,True,60.11,47.5,71.23,5
2025-08-13 12:27:04,hanilee@test.com,2025-08-13 12:15:22,True,22.99,30.22,78.76,4
2025-08-13 12:27:04,tim@test.com,2025-08-13 11:33:22,True,34.76,10.55,39.89,2
2025-08-13 12:27:04,fran@test.com,2025-08-13 12:13:26,True,39.84,13.72,52.31,2
2025-08-13 12:27:04,delen@test.com,2025-08-13 10:51:24,True,62.06,13.85,53.66,5
2025-08-13 12:27:04,sera@test.com,2025-08-13 11:21:22,True,45.26,17.29,26.29,1
2025-08-13 12:27:04,jack@test.com,2025-08-13 10:48:24,True,18.73,14.21,8.8,0
2025-08-13 12:27:06,alice@test.com,2025-08-13 11:43:22,True,6.28,17.86,62.32,2
2025-08-13 12:27:06,bob@test.com,2025-08-13 12:19:24,True,61.8,49.06,66.97,4
2025-08-13 12:27:06,hanilee@test.com,2025-08-13 12:15:22,True,26.28,30.29,79.02,1
2025-08-13 12:27:06,tim@test.com,2025-08-13 11:33:22,True,36.39,8.74,38.79,1
2025-08-13 12:27:06,fran@test.com,2025-08-13 12:13:26,True,42.07,16.61,52.07,2
2025-08-13 12:27:06,delen@test.com,2025-08-13 10:51:24,True,56.03,16.4,49.77,5
2025-08-13 12:27:06,sera@test.com,2025-08-13 11:21:22,True,50.7,20.88,24.76,1
2025-08-13 12:27:06,jack@test.com,2025-08-13 10:48:24,True,20.1,12.78,9.15,0
2025-08-13 12:27:08,alice@test.com,2025-08-13 11:43:22,True,9.12,22.9,63.55,1
2025-08-13 12:27:08,bob@test.com,2025-08-13 12:19:24,True,61.59,44.23,70.31,5
2025-08-13 12:27:08,hanilee@test.com,2025-08-13 12:15:22,True,24.73,29.54,74.41,1
2025-08-13 12:27:08,tim@test.com,2025-08-13 11:33:22,True,40.72,15.98,40.87,2
2025-08-13 12:27:08,fran@test.com,2025-08-13 12:13:26,True,44.9,10.08,47.61,1
2025-08-13 12:27:08,delen@test.com,2025-08-13 10:51:24,True,53.49,24.4,50.12,3
2025-08-13 12:27:08,sera@test.com,2025-08-13 11:21:22,True,47.99,15.54,25.5,1
2025-08-13 12:27:08,jack@test.com,2025-08-13 10:48:24,True,20.76,16.28,7.72,0
2025-08-13 12:27:10,alice@test.com,2025-08-13 11:43:22,True,8.52,19.24,64.64,2
2025-08-13 12:27:10,bob@test.com,2025-08-13 12:19:24,True,59.12,44.53,68.72,6
2025-08-13 12:27:10,hanilee@test.com,2025-08-13 12:15:22,True,26.76,26.66,75.47,2
2025-08-13 12:27:10,tim@test.com,2025-08-13 11:33:22,True,33.58,13.56,41.92,0
2025-08-13 12:27:10,fran@test.com,2025-08-13 12:13:26,True,47.17,14.73,45.82,2
2025-08-13 12:27:10,delen@test.com,2025-08-13 10:51:24,True,51.86,13.13,51.79,5
2025-08-13 12:27:10,sera@test.com,2025-08-13 11:21:22,True,49.52,11.72,25.99,3
2025-08-13 12:27:10,jack@test.com,2025-08-13 10:48:24,True,18.31,20.94,7.92,1
2025-08-13 12:27:12,alice@test.com,2025-08-13 11:43:22,True,11.62,12.0,66.03,0
2025-08-13 12:27:12,bob@test.com,2025-08-13 12:19:24,True,62.2,45.55,68.6,6
2025-08-13 12:27:12,hanilee@test.com,2025-08-13 12:15:22,True,26.66,26.77,77.18,1
2025-08-13 12:27:12,tim@test.com,2025-08-13 11:33:22,True,34.43,13.99,40.43,0
2025-08-13 12:27:12,fran@test.com,2025-08-13 12:13:26,True,43.95,15.51,46.47,3
2025-08-13 12:27:12,delen@test.com,2025-08-13 10:51:24,True,62.86,19.85,53.0,5
2025-08-13 12:27:12,sera@test.com,2025-08-13 11:21:22,True,53.71,15.72,24.12,2
2025-08-13 12:27:12,jack@test.com,2025-08-13 10:48:24,True,13.4,13.51,9.14,1
2025-08-13 12:27:14,alice@test.com,2025-08-13 11:43:22,True,8.91,20.33,62.41,1
2025-08-13 12:27:14,bob@test.com,2025-08-13 12:19:24,True,61.29,45.24,70.11,5
2025-08-13 12:27:14,hanilee@test.com,2025-08-13 12:15:22,True,23.93,29.28,78.76,3
2025-08-13 12:27:14,tim@test.com,2025-08-13 11:33:22,True,30.66,11.25,42.84,2
2025-08-13 12:27:14,fran@test.com,2025-08-13 12:13:26,True,42.59,15.32,49.31,2
2025-08-13 12:27:14,delen@test.com,2025-08-13 10:51:24,True,56.19,15.14,50.57,3
2025-08-13 12:27:14,sera@test.com,2025-08-13 11:21:22,True,52.13,20.2,22.46,2
2025-08-13 12:27:14,jack@test.com,2025-08-13 10:48:24,True,21.53,14.96,13.41,1
2025-08-13 12:27:16,alice@test.com,2025-08-13 11:43:22,True,11.93,17.67,60.29,0
2025-08-13 12:27:16,bob@test.com,2025-08-13 12:19:24,True,61.57,47.31,67.76,4
2025-08-13 12:27:16,hanilee@test.com,2025-08-13 12:15:22,True,27.93,29.64,75.02,3
2025-08-13 12:27:16,tim@test.com,2025-08-13 11:33:22,True,35.62,11.06,37.59,0
2025-08-13 12:27:16,fran@test.com,2025-08-13 12:13:26,True,48.51,16.19,47.98,2
2025-08-13 12:27:16,delen@test.com,2025-08-13 10:51:24,True,54.73,15.23,50.22,3
2025-08-13 12:27:16,sera@test.com,2025-08-13 11:21:22,True,51.8,14.25,23.84,1
2025-08-13 12:27:16,jack@test.com,2025-08-13 10:48:24,True,18.34,17.11,9.98,0
2025-08-13 12:27:18,alice@test.com,2025-08-13 11:43:22,True,4.13,13.87,61.27,1
2025-08-13 12:27:18,bob@test.com,2025-08-13 12:19:24,True,61.52,47.63,66.73,6
2025-08-13 12:27:18,hanilee@test.com,2025-08-13 12:15:22,True,26.3,27.53,77.13,4
2025-08-13 12:27:18,tim@test.com,2025-08-13 11:33:22,True,35.39,9.42,42.04,0
2025-08-13 12:27:18,fran@test.com,2025-08-13 12:13:26,True,45.59,15.28,50.52,3
2025-08-13 12:27:18,delen@test.com,2025-08-13 10:51:24,True,57.22,17.11,51.34,4
2025-08-13 12:27:18,sera@test.com,2025-08-13 11:21:22,True,55.08,15.15,26.29,1
2025-08-13 12:27:18,jack@test.com,2025-08-13 10:48:24,True,16.91,18.45,12.2,0
2025-08-13 12:27:20,alice@test.com,2025-08-13 11:43:22,True,8.45,22.35,62.85,0
2025-08-13 12:27:20,bob@test.com,2025-08-13 12:19:24,True,56.17,41.51,67.09,6
2025-08-13 12:27:20,hanilee@test.com,2025-08-13 12:15:22,True,25.39,26.18,74.55,4
2025-08-13 12:27:20,tim@test.com,2025-08-13 11:33:22,True,34.73,5.64,36.07,2
2025-08-13 12:27:20,fran@test.com,2025-08-13 12:13:26,True,48.73,15.73,49.1,3
2025-08-13 12:27:20,delen@test.com,2025-08-13 10:51:24,True,57.58,8.98,51.92,1
2025-08-13 12:27:20,sera@test.com,2025-08-13 11:21:22,True,52.08,16.01,23.04,0
2025-08-13 12:27:20,jack@test.com,2025-08-13 10:48:24,True,16.12,9.81,6.99,3
2025-08-13 12:27:22,alice@test.com,2025-08-13 11:43:22,True,7.16,17.16,63.28,1
2025-08-13 12:27:22,bob@test.com,2025-08-13 12:19:24,True,62.88,44.16,69.25,6
2025-08-13 12:27:22,hanilee@test.com,2025-08-13 12:15:22,True,25.34,28.28,79.4,3
2025-08-13 12:27:22,tim@test.com,2025-08-13 11:33:22,True,29.8,7.76,39.08,3
2025-08-13 12:27:22,fran@test.com,2025-08-13 12:13:26,True,43.52,12.53,47.0,3
2025-08-13 12:27:22,delen@test.com,2025-08-13 10:51:24,True,54.6,23.36,49.74,4
2025-08-13 12:27:22,sera@test.com,2025-08-13 11:21:22,True,52.87,17.37,23.81,0
2025-08-13 12:27:22,jack@test.com,2025-08-13 10:48:24,True,19.33,13.41,10.17,0
2025-08-13 12:27:24,alice@test.com,2025-08-13 11:43:22,True,12.78,18.15,62.92,1
2025-08-13 12:27:24,bob@test.com,2025-08-13 12:19:24,True,62.14,38.5,70.75,6
2025-08-13 12:27:24,hanilee@test.com,2025-08-13 12:15:22,True,21.04,27.06,76.37,2
2025-08-13 12:27:24,tim@test.com,2025-08-13 11:33:22,True,32.14,13.93,39.27,2
2025-08-13 12:27:24,fran@test.com,2025-08-13 12:13:26,True,43.92,17.34,46.5,2
2025-08-13 12:27:24,delen@test.com,2025-08-13 10:51:24,True,55.9,19.43,48.36,5
2025-08-13 12:27:24,sera@test.com,2025-08-13 11:21:22,True,55.95,20.46,25.98,0
2025-08-13 12:27:24,jack@test.com,2025-08-13 10:48:24,True,23.44,17.11,6.86,0
2025-08-13 12:27:26,alice@test.com,2025-08-13 11:43:22,True,9.01,23.45,63.43,2
2025-08-13 12:27:26,bob@test.com,2025-08-13 12:19:24,True,61.06,42.43,73.49,4
2025-08-13 12:27:26,hanilee@test.com,2025-08-13 12:15:22,True,25.12,28.6,77.69,2
2025-08-13 12:27:26,tim@test.com,2025-08-13 11:33:22,True,32.61,4.42,38.51,1
2025-08-13 12:27:26,fran@test.com,2025-08-13 12:13:26,True,43.88,15.77,50.64,2
2025-08-13 12:27:26,delen@test.com,2025-08-13 10:51:24,True,60.11,13.26,48.96,4
2025-08-13 12:27:26,sera@test.com,2025-08-13 11:21:22,True,51.53,19.94,27.48,2
2025-08-13 12:27:26,jack@test.com,2025-08-13 10:48:24,True,24.11,15.45,9.47,1
2025-08-13 12:27:28,alice@test.com,2025-08-13 11:43:22,True,9.21,15.37,61.87,2
2025-08-13 12:27:28,bob@test.com,2025-08-13 12:19:24,True,59.19,49.43,69.85,7
2025-08-13 12:27:28,hanilee@test.com,2025-08-13 12:15:22,True,22.79,28.88,76.45,2
2025-08-13 12:27:28,tim@test.com,2025-08-13 11:33:22,True,34.44,11.11,43.03,2
2025-08-13 12:27:28,fran@test.com,2025-08-13 12:13:26,True,42.18,20.69,53.6,3
2025-08-13 12:27:28,delen@test.com,2025-08-13 10:51:24,True,54.06,17.47,49.74,3
2025-08-13 12:27:28,sera@test.com,2025-08-13 11:21:22,True,54.29,17.04,21.83,3
2025-08-13 12:27:28,jack@test.com,2025-08-13 10:48:24,True,23.92,17.7,10.86,0
2025-08-13 12:27:30,alice@test.com,2025-08-13 11:43:22,True,11.1,13.84,63.93,0
2025-08-13 12:27:30,bob@test.com,2025-08-13 12:19:24,True,57.73,48.45,71.67,7
2025-08-13 12:27:30,hanilee@test.com,2025-08-13 12:15:22,True,22.91,31.2,76.65,3
2025-08-13 12:27:30,tim@test.com,2025-08-13 11:33:22,True,34.35,16.52,44.52,1
2025-08-13 12:27:30,fran@test.com,2025-08-13 12:13:26,True,41.21,12.89,48.25,2
2025-08-13 12:27:30,delen@test.com,2025-08-13 10:51:24,True,51.49,14.27,52.38,4
2025-08-13 12:27:30,sera@test.com,2025-08-13 11:21:22,True,47.51,21.4,25.21,0
2025-08-13 12:27:30,jack@test.com,2025-08-13 10:48:24,True,23.87,9.4,9.76,0
2025-08-13 12:27:32,alice@test.com,2025-08-13 11:43:22,True,10.97,25.2,63.44,1
2025-08-13 12:27:32,bob@test.com,2025-08-13 12:19:24,True,62.2,45.67,69.74,6
2025-08-13 12:27:32,hanilee@test.com,2025-08-13 12:15:22,True,29.92,27.75,76.78,2
2025-08-13 12:27:32,tim@test.com,2025-08-13 11:33:22,True,34.77,14.94,36.54,3
2025-08-13 12:27:32,fran@test.com,2025-08-13 12:13:26,True,45.09,13.8,48.39,3
2025-08-13 12:27:32,delen@test.com,2025-08-13 10:51:24,True,58.84,16.91,48.89,4
2025-08-13 12:27:32,sera@test.com,2025-08-13 11:21:22,True,46.48,20.82,25.44,2
2025-08-13 12:27:32,jack@test.com,2025-08-13 10:48:24,True,19.03,21.43,11.76,1
2025-08-13 12:27:34,alice@test.com,2025-08-13 11:43:22,True,9.89,22.62,61.91,1
2025-08-13 12:27:34,bob@test.com,2025-08-13 12:19:24,True,60.93,48.14,68.8,5
2025-08-13 12:27:34,hanilee@test.com,2025-08-13 12:15:22,True,25.51,32.94,75.73,1
2025-08-13 12:27:34,tim@test.com,2025-08-13 11:33:22,True,39.68,11.63,39.19,1
2025-08-13 12:27:34,fran@test.com,2025-08-13 12:13:26,True,47.18,7.63,52.6,2
2025-08-13 12:27:34,delen@test.com,2025-08-13 10:51:24,True,60.0,14.25,49.04,1
2025-08-13 12:27:34,sera@test.com,2025-08-13 11:21:22,True,49.86,17.37,26.45,1
2025-08-13 12:27:34,jack@test.com,2025-08-13 10:48:24,True,21.01,17.04,11.37,3
2025-08-13 12:27:36,alice@test.com,2025-08-13 11:43:22,True,9.29,19.22,65.27,1
2025-08-13 12:27:36,bob@test.com,2025-08-13 12:19:24,True,56.37,45.64,73.7,6
2025-08-13 12:27:36,hanilee@test.com,2025-08-13 12:15:22,True,32.83,30.38,78.37,3
2025-08-13 12:27:36,tim@test.com,2025-08-13 11:33:22,True,25.38,10.24,38.17,1
2025-08-13 12:27:36,fran@test.com,2025-08-13 12:13:26,True,40.81,16.07,53.4,2
2025-08-13 12:27:36,delen@test.com,2025-08-13 10:51:24,True,53.84,20.71,50.02,3
2025-08-13 12:27:36,sera@test.com,2025-08-13 11:21:22,True,49.59,20.39,23.09,2
2025-08-13 12:27:36,jack@test.com,2025-08-13 10:48:24,True,18.83,10.55,11.49,0
2025-08-13 12:27:38,alice@test.com,2025-08-13 11:43:22,True,14.95,22.62,63.58,2
2025-08-13 12:27:38,bob@test.com,2025-08-13 12:19:24,True,56.92,50.5,65.93,7
2025-08-13 12:27:38,hanilee@test.com,2025-08-13 12:15:22,True,30.8,27.91,76.93,3
2025-08-13 12:27:38,tim@test.com,2025-08-13 11:33:22,True,29.73,9.85,37.7,3
2025-08-13 12:27:38,fran@test.com,2025-08-13 12:13:26,True,41.57,18.84,48.3,2
2025-08-13 12:27:38,delen@test.com,2025-08-13 10:51:24,True,59.07,14.39,48.35,5
2025-08-13 12:27:38,sera@test.com,2025-08-13 11:21:22,True,52.36,18.54,25.84,2
2025-08-13 12:27:38,jack@test.com,2025-08-13 10:48:24,True,20.91,13.9,8.37,0
2025-08-13 12:27:40,alice@test.com,2025-08-13 11:43:22,True,12.54,17.0,64.87,2
2025-08-13 12:27:40,bob@test.com,2025-08-13 12:19:24,True,58.17,47.9,70.41,4
2025-08-13 12:27:40,hanilee@test.com,2025-08-13 12:15:22,True,23.59,34.49,72.44,2
2025-08-13 12:27:40,tim@test.com,2025-08-13 11:33:22,True,35.18,12.57,37.48,0
2025-08-13 12:27:40,fran@test.com,2025-08-13 12:13:26,True,44.11,14.19,50.86,2
2025-08-13 12:27:40,delen@test.com,2025-08-13 10:51:24,True,56.88,19.32,49.69,2
2025-08-13 12:27:40,sera@test.com,2025-08-13 11:21:22,True,47.51,14.2,28.44,3
2025-08-13 12:27:40,jack@test.com,2025-08-13 10:48:24,True,17.63,18.67,10.3,2
2025-08-13 12:27:42,alice@test.com,2025-08-13 11:43:22,True,13.25,21.75,61.36,1
2025-08-13 12:27:42,bob@test.com,2025-08-13 12:19:24,True,55.65,48.72,70.37,6
2025-08-13 12:27:42,hanilee@test.com,2025-08-13 12:15:22,True,23.47,28.5,75.64,2
2025-08-13 12:27:42,tim@test.com,2025-08-13 11:33:22,True,32.0,11.55,40.66,1
2025-08-13 12:27:42,fran@test.com,2025-08-13 12:13:26,True,48.93,13.04,46.78,2
2025-08-13 12:27:42,delen@test.com,2025-08-13 10:51:24,True,52.64,15.64,47.73,5
2025-08-13 12:27:42,sera@test.com,2025-08-13 11:21:22,True,45.81,18.49,27.69,1
2025-08-13 12:27:42,jack@test.com,2025-08-13 10:48:24,True,22.71,12.58,12.42,0
2025-08-13 12:27:44,alice@test.com,2025-08-13 11:43:22,True,5.19,18.8,63.07,2
2025-08-13 12:27:44,bob@test.com,2025-08-13 12:19:24,True,61.86,47.13,72.3,4
2025-08-13 12:27:44,hanilee@test.com,2025-08-13 12:15:22,True,26.53,36.71,79.27,2
2025-08-13 12:27:44,tim@test.com,2025-08-13 11:33:22,True,37.14,16.31,42.24,1
2025-08-13 12:27:44,fran@test.com,2025-08-13 12:13:26,True,49.53,15.96,49.79,3
2025-08-13 12:27:44,delen@test.com,2025-08-13 10:51:24,True,47.48,11.99,46.66,2
2025-08-13 12:27:44,sera@test.com,2025-08-13 11:21:22,True,52.92,16.2,23.84,0
2025-08-13 12:27:44,jack@test.com,2025-08-13 10:48:24,True,18.42,18.77,8.96,1
2025-08-13 12:27:46,alice@test.com,2025-08-13 11:43:22,True,8.9,18.28,60.27,1
2025-08-13 12:27:46,bob@test.com,2025-08-13 12:19:24,True,63.56,50.74,73.33,5
2025-08-13 12:27:46,hanilee@test.com,2025-08-13 12:15:22,True,25.87,29.56,74.51,4
2025-08-13 12:27:46,tim@test.com,2025-08-13 11:33:22,True,37.35,8.02,40.53,2
2025-08-13 12:27:46,fran@test.com,2025-08-13 12:13:26,True,44.32,15.7,50.56,3
2025-08-13 12:27:46,delen@test.com,2025-08-13 10:51:24,True,54.51,18.34,48.86,4
2025-08-13 12:27:46,sera@test.com,2025-08-13 11:21:22,True,43.16,14.57,27.09,2
2025-08-13 12:27:46,jack@test.com,2025-08-13 10:48:24,True,21.4,16.41,10.86,1
2025-08-13 12:27:48,alice@test.com,2025-08-13 11:43:22,True,10.33,24.02,63.68,2
2025-08-13 12:27:48,bob@test.com,2025-08-13 12:19:24,True,61.13,49.2,71.46,3
2025-08-13 12:27:48,hanilee@test.com,2025-08-13 12:15:22,True,27.69,28.86,79.32,2
2025-08-13 12:27:48,tim@test.com,2025-08-13 11:33:22,True,32.91,10.33,40.74,0
2025-08-13 12:27:48,fran@test.com,2025-08-13 12:13:26,True,43.46,9.32,49.25,5
2025-08-13 12:27:48,delen@test.com,2025-08-13 10:51:24,True,54.84,15.58,50.01,3
2025-08-13 12:27:48,sera@test.com,2025-08-13 11:21:22,True,50.49,16.27,24.39,2
2025-08-13 12:27:48,jack@test.com,2025-08-13 10:48:24,True,24.17,13.95,10.71,0
2025-08-13 12:27:50,alice@test.com,2025-08-13 11:43:22,True,9.65,20.62,65.24,2
2025-08-13 12:27:50,bob@test.com,2025-08-13 12:19:24,True,64.08,49.05,71.71,6
2025-08-13 12:27:50,hanilee@test.com,2025-08-13 12:15:22,True,27.68,30.23,77.46,2
2025-08-13 12:27:50,tim@test.com,2025-08-13 11:33:22,True,34.78,12.25,40.88,2
2025-08-13 12:27:50,fran@test.com,2025-08-13 12:13:26,True,47.46,15.21,47.74,2
2025-08-13 12:27:50,delen@test.com,2025-08-13 10:51:24,True,49.89,14.71,51.71,5
2025-08-13 12:27:50,sera@test.com,2025-08-13 11:21:22,True,53.29,21.88,24.5,3
2025-08-13 12:27:50,jack@test.com,2025-08-13 10:48:24,True,16.94,17.73,5.85,0
2025-08-13 12:27:52,alice@test.com,2025-08-13 11:43:22,True,7.65,19.06,64.41,1
2025-08-13 12:27:52,bob@test.com,2025-08-13 12:19:24,True,60.79,42.79,69.99,7
2025-08-13 12:27:52,hanilee@test.com,2025-08-13 12:15:22,True,31.4,30.83,80.05,4
2025-08-13 12:27:52,tim@test.com,2025-08-13 11:33:22,True,32.93,14.72,38.08,2
2025-08-13 12:27:52,fran@test.com,2025-08-13 12:13:26,True,47.34,14.67,48.61,5
2025-08-13 12:27:52,delen@test.com,2025-08-13 10:51:24,True,54.99,10.88,51.32,3
2025-08-13 12:27:52,sera@test.com,2025-08-13 11:21:22,True,55.42,17.97,24.21,1
2025-08-13 12:27:52,jack@test.com,2025-08-13 10:48:24,True,20.63,18.0,9.91,0
2025-08-13 12:27:54,alice@test.com,2025-08-13 11:43:22,True,13.87,20.37,66.77,2
2025-08-13 12:27:54,bob@test.com,2025-08-13 12:19:24,True,59.03,44.93,70.83,6
2025-08-13 12:27:54,hanilee@test.com,2025-08-13 12:15:22,True,23.14,26.48,80.0,3
2025-08-13 12:27:54,tim@test.com,2025-08-13 11:33:22,True,35.06,11.92,41.44,0
2025-08-13 12:27:54,fran@test.com,2025-08-13 12:13:26,True,42.09,19.84,48.71,1
2025-08-13 12:27:54,delen@test.com,2025-08-13 10:51:24,True,56.04,10.27,49.41,4
2025-08-13 12:27:54,sera@test.com,2025-08-13 11:21:22,True,53.26,19.46,25.24,2
2025-08-13 12:27:54,jack@test.com,2025-08-13 10:48:24,True,20.5,15.16,6.96,2
2025-08-13 12:27:56,alice@test.com,2025-08-13 11:43:22,True,12.13,19.02,59.01,3
2025-08-13 12:27:56,bob@test.com,2025-08-13 12:19:24,True,58.13,48.04,73.15,6
2025-08-13 12:27:56,hanilee@test.com,2025-08-13 12:15:22,True,23.15,27.05,77.55,5
2025-08-13 12:27:56,tim@test.com,2025-08-13 11:33:22,True,33.12,7.81,39.06,1
2025-08-13 12:27:56,fran@test.com,2025-08-13 12:13:26,True,49.92,11.67,48.73,3
2025-08-13 12:27:56,delen@test.com,2025-08-13 10:51:24,True,54.44,14.82,54.18,4
2025-08-13 12:27:56,sera@test.com,2025-08-13 11:21:22,True,47.49,15.26,20.25,1
2025-08-13 12:27:56,jack@test.com,2025-08-13 10:48:24,True,16.43,16.62,11.63,2
2025-08-13 12:27:58,alice@test.com,2025-08-13 11:43:22,True,10.49,24.95,58.59,0
2025-08-13 12:27:58,bob@test.com,2025-08-13 12:19:24,True,55.49,40.72,69.3,5
2025-08-13 12:27:58,hanilee@test.com,2025-08-13 12:15:22,True,20.54,28.22,76.43,3
2025-08-13 12:27:58,tim@test.com,2025-08-13 11:33:22,True,33.55,12.0,42.14,1
2025-08-13 12:27:58,fran@test.com,2025-08-13 12:13:26,True,40.88,17.19,49.33,2
2025-08-13 12:27:58,delen@test.com,2025-08-13 10:51:24,True,57.22,13.24,51.74,3
2025-08-13 12:27:58,sera@test.com,2025-08-13 11:21:22,True,47.16,17.42,21.93,2
2025-08-13 12:27:58,jack@test.com,2025-08-13 10:48:24,True,18.5,16.25,7.98,0
2025-08-13 12:28:00,alice@test.com,2025-08-13 11:43:22,True,8.31,17.53,61.39,0
2025-08-13 12:28:00,bob@test.com,2025-08-13 12:19:24,True,57.29,40.18,67.21,6
2025-08-13 12:28:00,hanilee@test.com,2025-08-13 12:15:22,True,20.87,28.52,73.14,2
2025-08-13 12:28:00,tim@test.com,2025-08-13 11:33:22,True,36.19,14.33,39.93,0
2025-08-13 12:28:00,fran@test.com,2025-08-13 12:13:26,True,43.4,14.78,47.95,3
2025-08-13 12:28:00,delen@test.com,2025-08-13 10:51:24,True,55.93,14.08,49.98,3
2025-08-13 12:28:00,sera@test.com,2025-08-13 11:21:22,True,49.24,18.77,23.84,1
2025-08-13 12:28:00,jack@test.com,2025-08-13 10:48:24,True,16.43,18.93,9.34,0
2025-08-13 12:28:02,alice@test.com,2025-08-13 11:43:22,True,10.5,23.76,63.3,1
2025-08-13 12:28:02,bob@test.com,2025-08-13 12:19:24,True,61.01,44.6,70.62,5
2025-08-13 12:28:02,hanilee@test.com,2025-08-13 12:15:22,True,20.37,29.96,74.58,2
2025-08-13 12:28:02,tim@test.com,2025-08-13 11:33:22,True,32.91,9.49,39.25,2
2025-08-13 12:28:02,fran@test.com,2025-08-13 12:13:26,True,44.38,11.99,46.77,1
2025-08-13 12:28:02,delen@test.com,2025-08-13 10:51:24,True,59.84,14.87,49.56,3
2025-08-13 12:28:02,sera@test.com,2025-08-13 11:21:22,True,45.34,16.03,24.63,0
2025-08-13 12:28:02,jack@test.com,2025-08-13 10:48:24,True,23.6,15.59,9.61,1
2025-08-13 12:28:04,alice@test.com,2025-08-13 11:43:22,True,8.39,19.97,64.7,3
2025-08-13 12:28:04,bob@test.com,2025-08-13 12:19:24,True,57.49,48.46,69.67,6
2025-08-13 12:28:04,hanilee@test.com,2025-08-13 12:15:22,True,21.39,29.15,74.24,1
2025-08-13 12:28:04,tim@test.com,2025-08-13 11:33:22,True,39.63,13.74,41.55,2
2025-08-13 12:28:04,fran@test.com,2025-08-13 12:13:26,True,47.44,12.17,48.53,2
2025-08-13 12:28:04,delen@test.com,2025-08-13 10:51:24,True,53.88,16.58,52.59,3
2025-08-13 12:28:04,sera@test.com,2025-08-13 11:21:22,True,49.69,19.81,27.56,0
2025-08-13 12:28:04,jack@test.com,2025-08-13 10:48:24,True,24.67,15.73,12.16,0
2025-08-13 12:28:06,alice@test.com,2025-08-13 11:43:22,True,8.46,19.44,62.3,1
2025-08-13 12:28:06,bob@test.com,2025-08-13 12:19:24,True,61.27,42.91,72.56,6
2025-08-13 12:28:06,hanilee@test.com,2025-08-13 12:15:22,True,24.09,28.5,73.31,1
2025-08-13 12:28:06,tim@test.com,2025-08-13 11:33:22,True,35.92,12.97,44.15,2
2025-08-13 12:28:06,fran@test.com,2025-08-13 12:13:26,True,48.11,13.89,52.73,2
2025-08-13 12:28:06,delen@test.com,2025-08-13 10:51:24,True,54.27,17.79,45.7,5
2025-08-13 12:28:06,sera@test.com,2025-08-13 11:21:22,True,52.94,11.17,25.1,0
2025-08-13 12:28:06,jack@test.com,2025-08-13 10:48:24,True,22.23,18.24,10.14,0
2025-08-13 12:28:08,alice@test.com,2025-08-13 11:43:22,True,4.43,18.58,60.24,3
2025-08-13 12:28:08,bob@test.com,2025-08-13 12:19:24,True,56.65,49.47,69.47,6
2025-08-13 12:28:08,hanilee@test.com,2025-08-13 12:15:22,True,28.32,26.48,77.8,2
2025-08-13 12:28:08,tim@test.com,2025-08-13 11:33:22,True,34.53,12.43,38.14,3
2025-08-13 12:28:08,fran@test.com,2025-08-13 12:13:26,True,50.17,10.71,49.46,2
2025-08-13 12:28:08,delen@test.com,2025-08-13 10:51:24,True,52.2,14.31,48.63,3
2025-08-13 12:28:08,sera@test.com,2025-08-13 11:21:22,True,52.81,13.99,22.44,1
2025-08-13 12:28:08,jack@test.com,2025-08-13 10:48:24,True,19.54,15.07,11.04,1
2025-08-13 12:28:10,alice@test.com,2025-08-13 11:43:22,True,9.82,22.52,62.1,3
2025-08-13 12:28:10,bob@test.com,2025-08-13 12:19:24,True,61.77,44.56,67.99,6
2025-08-13 12:28:10,hanilee@test.com,2025-08-13 12:15:22,True,21.77,31.23,77.95,2
2025-08-13 12:28:10,tim@test.com,2025-08-13 11:33:22,True,33.81,15.83,42.81,3
2025-08-13 12:28:10,fran@test.com,2025-08-13 12:13:26,True,42.2,16.28,49.82,3
2025-08-13 12:28:10,delen@test.com,2025-08-13 10:51:24,True,58.77,9.24,45.69,4
2025-08-13 12:28:10,sera@test.com,2025-08-13 11:21:22,True,49.31,11.58,27.96,1
2025-08-13 12:28:10,jack@test.com,2025-08-13 10:48:24,True,24.49,14.29,11.41,1
2025-08-13 12:28:12,alice@test.com,2025-08-13 11:43:22,True,7.21,27.21,59.3,2
2025-08-13 12:28:12,bob@test.com,2025-08-13 12:19:24,True,60.46,44.5,71.52,6
2025-08-13 12:28:12,hanilee@test.com,2025-08-13 12:15:22,True,24.23,25.25,76.55,2
2025-08-13 12:28:12,tim@test.com,2025-08-13 11:33:22,True,35.3,16.37,43.85,1
2025-08-13 12:28:12,fran@test.com,2025-08-13 12:13:26,True,50.77,12.13,50.16,2
2025-08-13 12:28:12,delen@test.com,2025-08-13 10:51:24,True,56.07,11.87,51.97,1
2025-08-13 12:28:12,sera@test.com,2025-08-13 11:21:22,True,49.65,19.74,27.63,1
2025-08-13 12:28:12,jack@test.com,2025-08-13 10:48:24,True,23.17,17.77,7.14,0
2025-08-13 12:28:14,alice@test.com,2025-08-13 11:43:22,True,10.27,17.65,64.76,1
2025-08-13 12:28:14,bob@test.com,2025-08-13 12:19:24,True,57.6,39.79,73.35,4
2025-08-13 12:28:14,hanilee@test.com,2025-08-13 12:15:22,True,26.95,31.71,80.59,2
2025-08-13 12:28:14,tim@test.com,2025-08-13 11:33:22,True,34.62,15.96,45.08,1
2025-08-13 12:28:14,fran@test.com,2025-08-13 12:13:26,True,43.76,13.81,49.61,2
2025-08-13 12:28:14,delen@test.com,2025-08-13 10:51:24,True,54.57,13.33,50.08,4
2025-08-13 12:28:14,sera@test.com,2025-08-13 11:21:22,True,51.77,17.09,21.02,3
2025-08-13 12:28:14,jack@test.com,2025-08-13 10:48:24,True,26.0,12.04,8.28,1
2025-08-13 12:28:16,alice@test.com,2025-08-13 11:43:22,True,6.84,15.52,63.46,1
2025-08-13 12:28:16,bob@test.com,2025-08-13 12:19:24,True,58.61,45.44,71.52,6
2025-08-13 12:28:16,hanilee@test.com,2025-08-13 12:15:22,True,25.24,26.71,81.94,3
2025-08-13 12:28:16,tim@test.com,2025-08-13 11:33:22,True,31.43,9.05,38.01,1
2025-08-13 12:28:16,fran@test.com,2025-08-13 12:13:26,True,43.87,11.56,52.93,1
2025-08-13 12:28:16,delen@test.com,2025-08-13 10:51:24,True,56.01,11.28,46.23,4
2025-08-13 12:28:16,sera@test.com,2025-08-13 11:21:22,True,51.45,15.31,23.8,2
2025-08-13 12:28:16,jack@test.com,2025-08-13 10:48:24,True,24.08,19.22,10.99,1
2025-08-13 12:28:18,alice@test.com,2025-08-13 11:43:22,True,10.98,18.16,61.38,2
2025-08-13 12:28:18,bob@test.com,2025-08-13 12:19:24,True,60.39,42.15,69.38,4
2025-08-13 12:28:18,hanilee@test.com,2025-08-13 12:15:22,True,22.33,28.31,75.86,4
2025-08-13 12:28:18,tim@test.com,2025-08-13 11:33:22,True,38.21,8.04,36.73,1
2025-08-13 12:28:18,fran@test.com,2025-08-13 12:13:26,True,46.11,10.09,49.88,3
2025-08-13 12:28:18,delen@test.com,2025-08-13 10:51:24,True,56.9,18.52,50.85,2
2025-08-13 12:28:18,sera@test.com,2025-08-13 11:21:22,True,52.6,12.25,19.93,0
2025-08-13 12:28:18,jack@test.com,2025-08-13 10:48:24,True,22.0,12.26,9.74,0
2025-08-13 12:28:20,alice@test.com,2025-08-13 11:43:22,True,14.89,22.15,59.1,2
2025-08-13 12:28:20,bob@test.com,2025-08-13 12:19:24,True,61.13,40.71,71.02,6
2025-08-13 12:28:20,hanilee@test.com,2025-08-13 12:15:22,True,24.18,30.95,78.91,5
2025-08-13 12:28:20,tim@test.com,2025-08-13 11:33:22,True,32.01,11.39,41.71,0
2025-08-13 12:28:20,fran@test.com,2025-08-13 12:13:26,True,50.49,14.48,47.84,3
2025-08-13 12:28:20,delen@test.com,2025-08-13 10:51:24,True,64.83,21.52,49.83,5
2025-08-13 12:28:20,sera@test.com,2025-08-13 11:21:22,True,48.33,13.45,25.69,2
2025-08-13 12:28:20,jack@test.com,2025-08-13 10:48:24,True,23.16,12.76,8.62,0
2025-08-13 12:28:22,alice@test.com,2025-08-13 11:43:22,True,9.39,16.8,61.84,2
2025-08-13 12:28:22,bob@test.com,2025-08-13 12:19:24,True,58.54,44.13,67.59,5
2025-08-13 12:28:22,hanilee@test.com,2025-08-13 12:15:22,True,18.11,30.4,74.96,1
2025-08-13 12:28:22,tim@test.com,2025-08-13 11:33:22,True,33.69,16.71,39.96,1
2025-08-13 12:28:22,fran@test.com,2025-08-13 12:13:26,True,46.3,17.99,49.94,1
2025-08-13 12:28:22,delen@test.com,2025-08-13 10:51:24,True,55.49,21.18,52.03,2
2025-08-13 12:28:22,sera@test.com,2025-08-13 11:21:22,True,47.88,10.32,25.66,2
2025-08-13 12:28:22,jack@test.com,2025-08-13 10:48:24,True,23.37,16.44,10.88,0
2025-08-13 12:28:24,alice@test.com,2025-08-13 11:43:22,True,11.54,17.08,62.25,3
2025-08-13 12:28:24,bob@test.com,2025-08-13 12:19:24,True,57.13,47.18,72.73,4
2025-08-13 12:28:24,hanilee@test.com,2025-08-13 12:15:22,True,27.44,30.71,79.61,3
2025-08-13 12:28:24,tim@test.com,2025-08-13 11:33:22,True,31.84,13.52,39.73,0
2025-08-13 12:28:24,fran@test.com,2025-08-13 12:13:26,True,46.73,16.48,51.66,4
2025-08-13 12:28:24,delen@test.com,2025-08-13 10:51:24,True,52.0,13.32,48.24,5
2025-08-13 12:28:24,sera@test.com,2025-08-13 11:21:22,True,48.77,12.81,26.93,2
2025-08-13 12:28:24,jack@test.com,2025-08-13 10:48:24,True,16.25,17.09,9.16,0
2025-08-13 12:28:26,alice@test.com,2025-08-13 11:43:22,True,12.14,22.95,59.13,0
2025-08-13 12:28:26,bob@test.com,2025-08-13 12:19:24,True,53.54,44.14,72.29,4
2025-08-13 12:28:26,hanilee@test.com,2025-08-13 12:15:22,True,24.16,28.73,79.03,3
2025-08-13 12:28:26,tim@test.com,2025-08-13 11:33:22,True,36.32,14.79,42.32,1
2025-08-13 12:28:26,fran@test.com,2025-08-13 12:13:26,True,44.68,19.38,51.03,1
2025-08-13 12:28:26,delen@test.com,2025-08-13 10:51:24,True,58.94,14.32,48.84,4
2025-08-13 12:28:26,sera@test.com,2025-08-13 11:21:22,True,50.53,15.24,23.6,3
2025-08-13 12:28:26,jack@test.com,2025-08-13 10:48:24,True,19.12,18.37,7.82,0
2025-08-13 12:28:28,alice@test.com,2025-08-13 11:43:22,True,14.36,14.86,62.63,0
2025-08-13 12:28:28,bob@test.com,2025-08-13 12:19:24,True,60.43,41.47,70.45,6
2025-08-13 12:28:28,hanilee@test.com,2025-08-13 12:15:22,True,25.43,28.51,76.13,0
2025-08-13 12:28:28,tim@test.com,2025-08-13 11:33:22,True,36.72,12.9,37.16,1
2025-08-13 12:28:28,fran@test.com,2025-08-13 12:13:26,True,46.22,18.48,52.34,3
2025-08-13 12:28:28,delen@test.com,2025-08-13 10:51:24,True,54.31,16.15,47.38,2
2025-08-13 12:28:28,sera@test.com,2025-08-13 11:21:22,True,50.14,16.79,24.1,2
2025-08-13 12:28:28,jack@test.com,2025-08-13 10:48:24,True,19.85,17.71,10.99,2
2025-08-13 12:28:30,alice@test.com,2025-08-13 11:43:22,True,12.84,19.69,62.13,1
2025-08-13 12:28:30,bob@test.com,2025-08-13 12:19:24,True,55.54,42.63,68.85,6
2025-08-13 12:28:30,hanilee@test.com,2025-08-13 12:15:22,True,28.51,33.61,80.01,4
2025-08-13 12:28:30,tim@test.com,2025-08-13 11:33:22,True,34.38,6.93,42.99,2
2025-08-13 12:28:30,fran@test.com,2025-08-13 12:13:26,True,45.26,14.63,47.38,2
2025-08-13 12:28:30,delen@test.com,2025-08-13 10:51:24,True,56.01,16.44,49.84,4
2025-08-13 12:28:30,sera@test.com,2025-08-13 11:21:22,True,50.44,18.85,20.81,1
2025-08-13 12:28:30,jack@test.com,2025-08-13 10:48:24,True,20.32,10.93,8.2,2
2025-08-13 12:28:32,alice@test.com,2025-08-13 11:43:22,True,4.24,24.59,62.83,2
2025-08-13 12:28:32,bob@test.com,2025-08-13 12:19:24,True,60.6,43.44,70.44,5
2025-08-13 12:28:32,hanilee@test.com,2025-08-13 12:15:22,True,24.26,29.13,72.87,3
2025-08-13 12:28:32,tim@test.com,2025-08-13 11:33:22,True,32.52,16.11,38.95,2
2025-08-13 12:28:32,fran@test.com,2025-08-13 12:13:26,True,40.32,13.51,50.71,3
2025-08-13 12:28:32,delen@test.com,2025-08-13 10:51:24,True,53.9,11.9,47.8,3
2025-08-13 12:28:32,sera@test.com,2025-08-13 11:21:22,True,46.88,13.59,22.55,1
2025-08-13 12:28:32,jack@test.com,2025-08-13 10:48:24,True,21.59,15.42,8.68,3
2025-08-13 12:28:34,alice@test.com,2025-08-13 11:43:22,True,7.87,28.47,62.4,1
2025-08-13 12:28:34,bob@test.com,2025-08-13 12:19:24,True,61.47,44.49,70.16,5
2025-08-13 12:28:34,hanilee@test.com,2025-08-13 12:15:22,True,27.74,32.0,78.72,3
2025-08-13 12:28:34,tim@test.com,2025-08-13 11:33:22,True,38.47,7.71,43.1,1
2025-08-13 12:28:34,fran@test.com,2025-08-13 12:13:26,True,47.82,14.44,48.98,2
2025-08-13 12:28:34,delen@test.com,2025-08-13 10:51:24,True,57.66,19.65,48.63,4
2025-08-13 12:28:34,sera@test.com,2025-08-13 11:21:22,True,51.79,16.96,27.96,1
2025-08-13 12:28:34,jack@test.com,2025-08-13 10:48:24,True,16.79,15.01,10.43,1
2025-08-13 12:28:36,alice@test.com,2025-08-13 11:43:22,True,12.46,15.71,65.17,2
2025-08-13 12:28:36,bob@test.com,2025-08-13 12:19:24,True,62.69,42.87,69.01,4
2025-08-13 12:28:36,hanilee@test.com,2025-08-13 12:15:22,True,22.98,31.31,75.46,2
2025-08-13 12:28:36,tim@test.com,2025-08-13 11:33:22,True,34.12,11.32,40.89,1
2025-08-13 12:28:36,fran@test.com,2025-08-13 12:13:26,True,44.08,10.51,47.45,3
2025-08-13 12:28:36,delen@test.com,2025-08-13 10:51:24,True,56.73,10.29,52.01,6
2025-08-13 12:28:36,sera@test.com,2025-08-13 11:21:22,True,52.99,15.83,25.95,3
2025-08-13 12:28:36,jack@test.com,2025-08-13 10:48:24,True,17.01,21.08,11.48,0
2025-08-13 12:28:38,alice@test.com,2025-08-13 11:43:22,True,4.37,20.42,62.53,0
2025-08-13 12:28:38,bob@test.com,2025-08-13 12:19:24,True,61.93,45.2,67.04,6
2025-08-13 12:28:38,hanilee@test.com,2025-08-13 12:15:22,True,26.63,32.15,78.75,3
2025-08-13 12:28:38,tim@test.com,2025-08-13 11:33:22,True,37.34,10.11,34.76,1
2025-08-13 12:28:38,fran@test.com,2025-08-13 12:13:26,True,49.62,13.33,50.08,2
2025-08-13 12:28:38,delen@test.com,2025-08-13 10:51:24,True,51.82,16.93,45.95,3
2025-08-13 12:28:38,sera@test.com,2025-08-13 11:21:22,True,47.16,16.81,23.43,2
2025-08-13 12:28:38,jack@test.com,2025-08-13 10:48:24,True,19.21,15.21,5.34,1
2025-08-13 12:28:40,alice@test.com,2025-08-13 11:43:22,True,12.71,24.69,61.72,1
2025-08-13 12:28:40,bob@test.com,2025-08-13 12:19:24,True,62.94,48.1,70.56,4
2025-08-13 12:28:40,hanilee@test.com,2025-08-13 12:15:22,True,21.15,32.5,79.64,2
2025-08-13 12:28:40,tim@test.com,2025-08-13 11:33:22,True,37.63,10.96,41.4,0
2025-08-13 12:28:40,fran@test.com,2025-08-13 12:13:26,True,46.54,10.16,50.28,1
2025-08-13 12:28:40,delen@test.com,2025-08-13 10:51:24,True,54.07,11.76,52.13,2
2025-08-13 12:28:40,sera@test.com,2025-08-13 11:21:22,True,50.1,14.31,27.62,1
2025-08-13 12:28:40,jack@test.com,2025-08-13 10:48:24,True,17.37,21.06,11.13,0
2025-08-13 12:28:42,alice@test.com,2025-08-13 11:43:22,True,12.7,14.47,62.88,3
2025-08-13 12:28:42,bob@test.com,2025-08-13 12:19:24,True,59.11,41.93,73.02,5
2025-08-13 12:28:42,hanilee@test.com,2025-08-13 12:15:22,True,21.94,35.51,74.79,2
2025-08-13 12:28:42,tim@test.com,2025-08-13 11:33:22,True,36.84,10.25,40.33,2
2025-08-13 12:28:42,fran@test.com,2025-08-13 12:13:26,True,46.09,15.62,46.45,3
2025-08-13 12:28:42,delen@test.com,2025-08-13 10:51:24,True,55.2,15.32,48.83,3
2025-08-13 12:28:42,sera@test.com,2025-08-13 11:21:22,True,52.39,18.58,27.45,3
2025-08-13 12:28:42,jack@test.com,2025-08-13 10:48:24,True,18.42,16.42,12.07,0
2025-08-13 12:28:44,alice@test.com,2025-08-13 11:43:22,True,5.4,20.27,62.67,2
2025-08-13 12:28:44,bob@test.com,2025-08-13 12:19:24,True,66.23,43.31,68.91,5
2025-08-13 12:28:44,hanilee@test.com,2025-08-13 12:15:22,True,24.25,28.02,77.03,2
2025-08-13 12:28:44,tim@test.com,2025-08-13 11:33:22,True,33.86,8.82,36.33,0
2025-08-13 12:28:44,fran@test.com,2025-08-13 12:13:26,True,47.12,14.41,52.45,3
2025-08-13 12:28:44,delen@test.com,2025-08-13 10:51:24,True,57.48,13.8,48.98,5
2025-08-13 12:28:44,sera@test.com,2025-08-13 11:21:22,True,52.65,15.21,24.51,2
2025-08-13 12:28:44,jack@test.com,2025-08-13 10:48:24,True,22.72,19.83,7.76,0
2025-08-13 12:28:46,alice@test.com,2025-08-13 11:43:22,True,13.65,15.98,61.15,0
2025-08-13 12:28:46,bob@test.com,2025-08-13 12:19:24,True,61.43,41.42,67.42,4
2025-08-13 12:28:46,hanilee@test.com,2025-08-13 12:15:22,True,23.72,30.96,79.15,3
2025-08-13 12:28:46,tim@test.com,2025-08-13 11:33:22,True,35.78,8.81,42.5,1
2025-08-13 12:28:46,fran@test.com,2025-08-13 12:13:26,True,45.53,17.33,48.2,0
2025-08-13 12:28:46,delen@test.com,2025-08-13 10:51:24,True,53.97,15.21,52.36,2
2025-08-13 12:28:46,sera@test.com,2025-08-13 11:21:22,True,49.07,17.23,26.21,2
2025-08-13 12:28:46,jack@test.com,2025-08-13 10:48:24,True,19.21,14.9,9.48,0
2025-08-13 12:28:48,alice@test.com,2025-08-13 11:43:22,True,11.46,21.99,58.38,2
2025-08-13 12:28:48,bob@test.com,2025-08-13 12:19:24,True,60.86,40.84,71.52,6
2025-08-13 12:28:48,hanilee@test.com,2025-08-13 12:15:22,True,26.48,32.74,76.43,3
2025-08-13 12:28:48,tim@test.com,2025-08-13 11:33:22,True,34.11,12.47,42.21,1
2025-08-13 12:28:48,fran@test.com,2025-08-13 12:13:26,True,48.01,10.91,49.72,2
2025-08-13 12:28:48,delen@test.com,2025-08-13 10:51:24,True,56.95,13.07,49.04,3
2025-08-13 12:28:48,sera@test.com,2025-08-13 11:21:22,True,50.24,15.47,26.74,0
2025-08-13 12:28:48,jack@test.com,2025-08-13 10:48:24,True,19.69,13.73,10.24,2
2025-08-13 12:28:50,alice@test.com,2025-08-13 11:43:22,True,13.02,22.07,62.26,3
2025-08-13 12:28:50,bob@test.com,2025-08-13 12:19:24,True,61.75,43.49,70.91,5
2025-08-13 12:28:50,hanilee@test.com,2025-08-13 12:15:22,True,25.17,31.01,77.5,1
2025-08-13 12:28:50,tim@test.com,2025-08-13 11:33:22,True,40.05,16.09,40.53,1
2025-08-13 12:28:50,fran@test.com,2025-08-13 12:13:26,True,40.91,11.8,49.98,2
2025-08-13 12:28:50,delen@test.com,2025-08-13 10:51:24,True,55.24,15.09,46.01,4
2025-08-13 12:28:50,sera@test.com,2025-08-13 11:21:22,True,48.92,17.8,19.94,2
2025-08-13 12:28:50,jack@test.com,2025-08-13 10:48:24,True,14.85,17.23,7.09,1
2025-08-13 12:28:52,alice@test.com,2025-08-13 11:43:22,True,8.36,19.43,64.08,2
2025-08-13 12:28:52,bob@test.com,2025-08-13 12:19:24,True,54.96,40.67,71.24,4
2025-08-13 12:28:52,hanilee@test.com,2025-08-13 12:15:22,True,19.51,33.38,78.45,3
2025-08-13 12:28:52,tim@test.com,2025-08-13 11:33:22,True,37.48,13.66,38.96,1
2025-08-13 12:28:52,fran@test.com,2025-08-13 12:13:26,True,47.06,14.65,48.31,3
2025-08-13 12:28:52,delen@test.com,2025-08-13 10:51:24,True,58.57,15.4,50.46,4
2025-08-13 12:28:52,sera@test.com,2025-08-13 11:21:22,True,51.22,16.13,25.11,2
2025-08-13 12:28:52,jack@test.com,2025-08-13 10:48:24,True,20.03,14.39,7.02,0
2025-08-13 12:28:54,alice@test.com,2025-08-13 11:43:22,True,12.71,23.31,61.13,1
2025-08-13 12:28:54,bob@test.com,2025-08-13 12:19:24,True,60.29,43.7,67.94,5
2025-08-13 12:28:54,hanilee@test.com,2025-08-13 12:15:22,True,25.9,24.68,74.54,2
2025-08-13 12:28:54,tim@test.com,2025-08-13 11:33:22,True,38.7,10.35,41.55,3
2025-08-13 12:28:54,fran@test.com,2025-08-13 12:13:26,True,43.14,13.86,50.06,4
2025-08-13 12:28:54,delen@test.com,2025-08-13 10:51:24,True,61.05,11.03,52.08,3
2025-08-13 12:28:54,sera@test.com,2025-08-13 11:21:22,True,53.55,12.38,24.31,1
2025-08-13 12:28:54,jack@test.com,2025-08-13 10:48:24,True,18.65,18.92,7.6,0
2025-08-13 12:28:56,alice@test.com,2025-08-13 11:43:22,True,10.6,21.45,58.46,2
2025-08-13 12:28:56,bob@test.com,2025-08-13 12:19:24,True,64.63,38.95,69.75,6
2025-08-13 12:28:56,hanilee@test.com,2025-08-13 12:15:22,True,29.27,33.77,76.89,2
2025-08-13 12:28:56,tim@test.com,2025-08-13 11:33:22,True,37.51,13.03,37.66,3
2025-08-13 12:28:56,fran@test.com,2025-08-13 12:13:26,True,45.6,10.39,53.45,3
2025-08-13 12:28:56,delen@test.com,2025-08-13 10:51:24,True,54.64,17.82,48.82,2
2025-08-13 12:28:56,sera@test.com,2025-08-13 11:21:22,True,48.37,15.54,24.74,2
2025-08-13 12:28:56,jack@test.com,2025-08-13 10:48:24,True,17.56,15.75,9.57,0
2025-08-13 12:28:58,alice@test.com,2025-08-13 11:43:22,True,13.28,18.85,62.71,2
2025-08-13 12:28:58,bob@test.com,2025-08-13 12:19:24,True,57.21,42.71,70.54,5
2025-08-13 12:28:58,hanilee@test.com,2025-08-13 12:15:22,True,26.49,29.6,76.77,2
2025-08-13 12:28:58,tim@test.com,2025-08-13 11:33:22,True,35.56,15.07,39.81,1
2025-08-13 12:28:58,fran@test.com,2025-08-13 12:13:26,True,41.97,12.73,48.43,3
2025-08-13 12:28:58,delen@test.com,2025-08-13 10:51:24,True,54.33,12.06,52.35,3
2025-08-13 12:28:58,sera@test.com,2025-08-13 11:21:22,True,49.95,15.5,25.43,2
2025-08-13 12:28:58,jack@test.com,2025-08-13 10:48:24,True,21.19,14.7,12.22,0
2025-08-13 12:29:00,alice@test.com,2025-08-13 11:43:22,True,6.55,21.24,62.11,1
2025-08-13 12:29:00,bob@test.com,2025-08-13 12:19:24,True,63.11,44.91,68.76,4
2025-08-13 12:29:00,hanilee@test.com,2025-08-13 12:15:22,True,20.77,31.12,76.94,3
2025-08-13 12:29:00,tim@test.com,2025-08-13 11:33:22,True,34.34,12.12,41.05,0
2025-08-13 12:29:00,fran@test.com,2025-08-13 12:13:26,True,42.6,12.83,51.26,2
2025-08-13 12:29:00,delen@test.com,2025-08-13 10:51:24,True,54.41,16.3,47.4,2
2025-08-13 12:29:00,sera@test.com,2025-08-13 11:21:22,True,50.46,13.89,27.14,2
2025-08-13 12:29:00,jack@test.com,2025-08-13 10:48:24,True,20.02,16.81,9.05,2
2025-08-13 12:29:02,alice@test.com,2025-08-13 11:43:22,True,6.31,17.8,59.52,2
2025-08-13 12:29:02,bob@test.com,2025-08-13 12:19:24,True,62.22,45.51,73.93,4
2025-08-13 12:29:02,hanilee@test.com,2025-08-13 12:15:22,True,22.04,33.11,76.77,3
2025-08-13 12:29:02,tim@test.com,2025-08-13 11:33:22,True,33.28,7.9,42.41,1
2025-08-13 12:29:02,fran@test.com,2025-08-13 12:13:26,True,44.13,13.02,52.46,4
2025-08-13 12:29:02,delen@test.com,2025-08-13 10:51:24,True,48.37,12.38,49.75,3
2025-08-13 12:29:02,sera@test.com,2025-08-13 11:21:22,True,52.3,11.61,26.89,1
2025-08-13 12:29:02,jack@test.com,2025-08-13 10:48:24,True,20.39,16.64,8.51,1
2025-08-13 12:29:04,alice@test.com,2025-08-13 11:43:22,True,8.58,17.12,64.41,2
2025-08-13 12:29:04,bob@test.com,2025-08-13 12:19:24,True,54.0,47.72,73.57,5
2025-08-13 12:29:04,hanilee@test.com,2025-08-13 12:15:22,True,25.54,28.77,77.26,2
2025-08-13 12:29:04,tim@test.com,2025-08-13 11:33:22,True,34.58,12.27,40.72,2
2025-08-13 12:29:04,fran@test.com,2025-08-13 12:13:26,True,47.01,13.99,47.79,3
2025-08-13 12:29:04,delen@test.com,2025-08-13 10:51:24,True,54.15,13.9,47.05,4
2025-08-13 12:29:04,sera@test.com,2025-08-13 11:21:22,True,55.39,8.85,25.92,1
2025-08-13 12:29:04,jack@test.com,2025-08-13 10:48:24,True,22.73,19.37,12.39,0
2025-08-13 12:29:06,alice@test.com,2025-08-13 11:43:22,True,12.6,26.22,60.66,2
2025-08-13 12:29:06,bob@test.com,2025-08-13 12:19:24,True,59.09,43.06,73.73,7
2025-08-13 12:29:06,hanilee@test.com,2025-08-13 12:15:22,True,24.74,30.32,75.9,2
2025-08-13 12:29:06,tim@test.com,2025-08-13 11:33:22,True,33.15,13.47,39.61,1
2025-08-13 12:29:06,fran@test.com,2025-08-13 12:13:26,True,39.32,16.17,49.55,2
2025-08-13 12:29:06,delen@test.com,2025-08-13 10:51:24,True,50.56,13.58,49.51,3
2025-08-13 12:29:06,sera@test.com,2025-08-13 11:21:22,True,49.74,13.73,24.34,1
2025-08-13 12:29:06,jack@test.com,2025-08-13 10:48:24,True,21.11,12.84,9.32,2
2025-08-13 12:29:08,alice@test.com,2025-08-13 11:43:22,True,12.16,14.14,60.64,2
2025-08-13 12:29:08,bob@test.com,2025-08-13 12:19:24,True,56.3,45.03,73.1,6
2025-08-13 12:29:08,hanilee@test.com,2025-08-13 12:15:22,True,23.57,30.01,74.02,2
2025-08-13 12:29:08,tim@test.com,2025-08-13 11:33:22,True,29.73,12.27,38.27,2
2025-08-13 12:29:08,fran@test.com,2025-08-13 12:13:26,True,40.87,12.01,52.05,4
2025-08-13 12:29:08,delen@test.com,2025-08-13 10:51:24,True,52.7,12.64,44.44,4
2025-08-13 12:29:08,sera@test.com,2025-08-13 11:21:22,True,53.01,16.97,26.8,0
2025-08-13 12:29:08,jack@test.com,2025-08-13 10:48:24,True,18.98,14.45,9.43,0
2025-08-13 12:29:10,alice@test.com,2025-08-13 11:43:22,True,11.47,17.27,61.45,0
2025-08-13 12:29:10,bob@test.com,2025-08-13 12:19:24,True,62.14,41.5,71.15,5
2025-08-13 12:29:10,hanilee@test.com,2025-08-13 12:15:22,True,29.53,28.89,74.05,1
2025-08-13 12:29:10,tim@test.com,2025-08-13 11:33:22,True,32.54,12.47,39.93,0
2025-08-13 12:29:10,fran@test.com,2025-08-13 12:13:26,True,47.24,17.15,48.44,2
2025-08-13 12:29:10,delen@test.com,2025-08-13 10:51:24,True,54.61,14.5,50.0,2
2025-08-13 12:29:10,sera@test.com,2025-08-13 11:21:22,True,45.68,16.4,24.25,1
2025-08-13 12:29:10,jack@test.com,2025-08-13 10:48:24,True,19.09,16.85,8.81,1
2025-08-13 12:29:12,alice@test.com,2025-08-13 11:43:22,True,13.09,17.53,62.1,0
2025-08-13 12:29:12,bob@test.com,2025-08-13 12:19:24,True,61.5,45.37,69.49,6
2025-08-13 12:29:12,hanilee@test.com,2025-08-13 12:15:22,True,26.47,32.03,79.5,3
2025-08-13 12:29:12,tim@test.com,2025-08-13 11:33:22,True,33.84,8.27,42.96,2
2025-08-13 12:29:12,fran@test.com,2025-08-13 12:13:26,True,41.19,14.74,50.8,2
2025-08-13 12:29:12,delen@test.com,2025-08-13 10:51:24,True,54.23,18.15,50.33,3
2025-08-13 12:29:12,sera@test.com,2025-08-13 11:21:22,True,47.51,17.66,25.13,2
2025-08-13 12:29:12,jack@test.com,2025-08-13 10:48:24,True,18.5,18.43,10.93,1
2025-08-13 12:29:14,alice@test.com,2025-08-13 11:43:22,True,12.97,23.04,63.12,0
2025-08-13 12:29:14,bob@test.com,2025-08-13 12:19:24,True,58.11,41.75,66.43,5
2025-08-13 12:29:14,hanilee@test.com,2025-08-13 12:15:22,True,25.99,27.36,76.09,4
2025-08-13 12:29:14,tim@test.com,2025-08-13 11:33:22,True,37.94,13.98,39.61,3
2025-08-13 12:29:14,fran@test.com,2025-08-13 12:13:26,True,45.43,18.41,50.39,2
2025-08-13 12:29:14,delen@test.com,2025-08-13 10:51:24,True,58.94,12.54,50.41,5
2025-08-13 12:29:14,sera@test.com,2025-08-13 11:21:22,True,52.8,12.33,22.9,1
2025-08-13 12:29:14,jack@test.com,2025-08-13 10:48:24,True,13.49,14.81,10.5,0
2025-08-13 12:29:16,alice@test.com,2025-08-13 11:43:22,True,10.88,20.88,57.89,3
2025-08-13 12:29:16,bob@test.com,2025-08-13 12:19:24,True,58.14,43.37,67.99,6
2025-08-13 12:29:16,hanilee@test.com,2025-08-13 12:15:22,True,24.77,30.52,74.92,4
2025-08-13 12:29:16,tim@test.com,2025-08-13 11:33:22,True,29.22,11.57,39.19,0
2025-08-13 12:29:16,fran@test.com,2025-08-13 12:13:26,True,44.4,13.37,53.61,3
2025-08-13 12:29:16,delen@test.com,2025-08-13 10:51:24,True,54.61,13.95,48.48,4
2025-08-13 12:29:16,sera@test.com,2025-08-13 11:21:22,True,45.75,14.59,26.11,2
2025-08-13 12:29:16,jack@test.com,2025-08-13 10:48:24,True,18.92,16.32,10.3,0
2025-08-13 12:29:18,alice@test.com,2025-08-13 11:43:22,True,10.6,20.13,58.46,1
2025-08-13 12:29:18,bob@test.com,2025-08-13 12:19:24,True,57.92,42.69,70.26,6
2025-08-13 12:29:18,hanilee@test.com,2025-08-13 12:15:22,True,24.72,26.52,78.27,2
2025-08-13 12:29:18,tim@test.com,2025-08-13 11:33:22,True,35.98,10.54,38.87,1
2025-08-13 12:29:18,fran@test.com,2025-08-13 12:13:26,True,45.67,17.67,48.55,3
2025-08-13 12:29:18,delen@test.com,2025-08-13 10:51:24,True,53.08,10.68,48.59,1
2025-08-13 12:29:18,sera@test.com,2025-08-13 11:21:22,True,53.83,19.37,22.9,2
2025-08-13 12:29:18,jack@test.com,2025-08-13 10:48:24,True,22.39,13.47,9.93,0
2025-08-13 12:29:20,alice@test.com,2025-08-13 11:43:22,True,6.54,18.1,61.15,1
2025-08-13 12:29:20,bob@test.com,2025-08-13 12:19:24,True,62.23,43.1,70.34,6
2025-08-13 12:29:20,hanilee@test.com,2025-08-13 12:15:22,True,21.84,35.84,73.34,4
2025-08-13 12:29:20,tim@test.com,2025-08-13 11:33:22,True,34.17,9.01,38.75,1
2025-08-13 12:29:20,fran@test.com,2025-08-13 12:13:26,True,41.61,15.21,48.89,3
2025-08-13 12:29:20,delen@test.com,2025-08-13 10:51:24,True,55.51,10.2,55.57,4
2025-08-13 12:29:20,sera@test.com,2025-08-13 11:21:22,True,51.46,23.27,24.19,2
2025-08-13 12:29:20,jack@test.com,2025-08-13 10:48:24,True,17.96,17.36,11.28,1
2025-08-13 12:29:22,alice@test.com,2025-08-13 11:43:22,True,17.0,26.27,62.73,1
2025-08-13 12:29:22,bob@test.com,2025-08-13 12:19:24,True,61.65,46.18,68.14,6
2025-08-13 12:29:22,hanilee@test.com,2025-08-13 12:15:22,True,24.73,26.03,75.44,2
2025-08-13 12:29:22,tim@test.com,2025-08-13 11:33:22,True,36.65,6.2,38.02,2
2025-08-13 12:29:22,fran@test.com,2025-08-13 12:13:26,True,38.16,12.55,45.85,1
2025-08-13 12:29:22,delen@test.com,2025-08-13 10:51:24,True,52.7,22.32,51.12,4
2025-08-13 12:29:22,sera@test.com,2025-08-13 11:21:22,True,53.9,19.88,25.48,3
2025-08-13 12:29:22,jack@test.com,2025-08-13 10:48:24,True,17.53,14.16,10.55,1
2025-08-13 12:29:24,alice@test.com,2025-08-13 11:43:22,True,6.35,17.77,63.02,2
2025-08-13 12:29:24,bob@test.com,2025-08-13 12:19:24,True,58.48,46.14,68.89,5
2025-08-13 12:29:24,hanilee@test.com,2025-08-13 12:15:22,True,21.99,32.9,76.76,3
2025-08-13 12:29:24,tim@test.com,2025-08-13 11:33:22,True,31.23,15.36,40.55,4
2025-08-13 12:29:24,fran@test.com,2025-08-13 12:13:26,True,44.8,14.23,51.79,3
2025-08-13 12:29:24,delen@test.com,2025-08-13 10:51:24,True,57.65,13.73,49.53,4
2025-08-13 12:29:24,sera@test.com,2025-08-13 11:21:22,True,50.06,14.55,22.09,2
2025-08-13 12:29:24,jack@test.com,2025-08-13 10:48:24,True,20.39,13.59,7.29,0
2025-08-13 12:29:26,alice@test.com,2025-08-13 11:43:22,True,8.74,20.49,60.96,2
2025-08-13 12:29:26,bob@test.com,2025-08-13 12:19:24,True,56.8,42.85,72.28,7
2025-08-13 12:29:26,hanilee@test.com,2025-08-13 12:15:22,True,27.01,27.22,77.99,5
2025-08-13 12:29:26,tim@test.com,2025-08-13 11:33:22,True,36.27,11.47,37.76,2
2025-08-13 12:29:26,fran@test.com,2025-08-13 12:13:26,True,46.06,11.96,51.12,1
2025-08-13 12:29:26,delen@test.com,2025-08-13 10:51:24,True,57.43,17.07,48.35,4
2025-08-13 12:29:26,sera@test.com,2025-08-13 11:21:22,True,51.67,14.26,24.27,2
2025-08-13 12:29:26,jack@test.com,2025-08-13 10:48:24,True,16.15,14.99,11.59,2
2025-08-13 12:29:28,alice@test.com,2025-08-13 11:43:22,True,14.11,21.56,61.44,3
2025-08-13 12:29:28,bob@test.com,2025-08-13 12:19:24,True,61.55,42.08,71.41,6
2025-08-13 12:29:28,hanilee@test.com,2025-08-13 12:15:22,True,28.37,27.91,76.45,0
2025-08-13 12:29:28,tim@test.com,2025-08-13 11:33:22,True,33.44,15.9,41.05,1
2025-08-13 12:29:28,fran@test.com,2025-08-13 12:13:26,True,46.91,17.57,53.23,3
2025-08-13 12:29:28,delen@test.com,2025-08-13 10:51:24,True,53.19,16.23,47.9,3
2025-08-13 12:29:28,sera@test.com,2025-08-13 11:21:22,True,45.25,17.29,23.65,1
2025-08-13 12:29:28,jack@test.com,2025-08-13 10:48:24,True,18.93,17.62,8.56,1
2025-08-13 12:29:30,alice@test.com,2025-08-13 11:43:22,True,13.76,19.18,62.34,1
2025-08-13 12:29:30,bob@test.com,2025-08-13 12:19:24,True,58.62,42.93,70.8,6
2025-08-13 12:29:30,hanilee@test.com,2025-08-13 12:15:22,True,27.0,33.06,71.47,1
2025-08-13 12:29:30,tim@test.com,2025-08-13 11:33:22,True,33.57,4.76,40.3,3
2025-08-13 12:29:30,fran@test.com,2025-08-13 12:13:26,True,42.46,13.69,52.45,1
2025-08-13 12:29:30,delen@test.com,2025-08-13 10:51:24,True,52.65,14.72,49.23,4
2025-08-13 12:29:30,sera@test.com,2025-08-13 11:21:22,True,47.78,11.73,24.4,0
2025-08-13 12:29:30,jack@test.com,2025-08-13 10:48:24,True,21.34,15.51,6.5,2
2025-08-13 12:29:32,alice@test.com,2025-08-13 11:43:22,True,10.76,19.89,62.26,1
2025-08-13 12:29:32,bob@test.com,2025-08-13 12:19:24,True,60.34,45.99,68.28,6
2025-08-13 12:29:32,hanilee@test.com,2025-08-13 12:15:22,True,23.37,32.59,76.2,1
2025-08-13 12:29:32,tim@test.com,2025-08-13 11:33:22,True,39.79,13.01,38.81,0
2025-08-13 12:29:32,fran@test.com,2025-08-13 12:13:26,True,47.42,11.92,51.08,1
2025-08-13 12:29:32,delen@test.com,2025-08-13 10:51:24,True,49.66,13.78,51.52,3
2025-08-13 12:29:32,sera@test.com,2025-08-13 11:21:22,True,49.48,18.34,23.78,1
2025-08-13 12:29:32,jack@test.com,2025-08-13 10:48:24,True,20.42,18.99,10.85,1
2025-08-13 12:29:34,alice@test.com,2025-08-13 11:43:22,True,13.11,23.46,62.82,2
2025-08-13 12:29:34,bob@test.com,2025-08-13 12:19:24,True,60.9,45.66,68.09,6
2025-08-13 12:29:34,hanilee@test.com,2025-08-13 12:15:22,True,24.48,26.33,77.93,2
2025-08-13 12:29:34,tim@test.com,2025-08-13 11:33:22,True,34.98,12.16,40.69,4
2025-08-13 12:29:34,fran@test.com,2025-08-13 12:13:26,True,44.64,11.04,45.34,3
2025-08-13 12:29:34,delen@test.com,2025-08-13 10:51:24,True,55.37,14.05,50.71,2
2025-08-13 12:29:34,sera@test.com,2025-08-13 11:21:22,True,50.33,14.0,24.96,1
2025-08-13 12:29:34,jack@test.com,2025-08-13 10:48:24,True,21.14,17.11,10.95,0
2025-08-13 12:29:36,alice@test.com,2025-08-13 11:43:22,True,9.98,13.5,61.42,0
2025-08-13 12:29:36,bob@test.com,2025-08-13 12:19:24,True,57.91,44.24,70.75,6
2025-08-13 12:29:36,hanilee@test.com,2025-08-13 12:15:22,True,25.28,31.04,78.1,1
2025-08-13 12:29:36,tim@test.com,2025-08-13 11:33:22,True,34.2,9.71,40.96,2
2025-08-13 12:29:36,fran@test.com,2025-08-13 12:13:26,True,41.4,12.34,47.51,3
2025-08-13 12:29:36,delen@test.com,2025-08-13 10:51:24,True,57.0,15.7,51.05,4
2025-08-13 12:29:36,sera@test.com,2025-08-13 11:21:22,True,51.72,15.59,23.59,2
2025-08-13 12:29:36,jack@test.com,2025-08-13 10:48:24,True,20.47,13.96,11.17,1
2025-08-13 12:29:38,alice@test.com,2025-08-13 11:43:22,True,7.09,17.75,64.31,2
2025-08-13 12:29:38,bob@test.com,2025-08-13 12:19:24,True,59.82,45.41,72.02,5
2025-08-13 12:29:38,hanilee@test.com,2025-08-13 12:15:22,True,24.93,35.97,78.12,2
2025-08-13 12:29:38,tim@test.com,2025-08-13 11:33:22,True,31.35,9.93,35.59,2
2025-08-13 12:29:38,fran@test.com,2025-08-13 12:13:26,True,47.19,15.83,52.23,2
2025-08-13 12:29:38,delen@test.com,2025-08-13 10:51:24,True,54.49,11.88,51.06,4
2025-08-13 12:29:38,sera@test.com,2025-08-13 11:21:22,True,54.28,14.57,27.87,1
2025-08-13 12:29:38,jack@test.com,2025-08-13 10:48:24,True,16.07,14.75,12.05,0
2025-08-13 12:29:40,alice@test.com,2025-08-13 11:43:22,True,8.38,15.49,60.29,2
2025-08-13 12:29:40,bob@test.com,2025-08-13 12:19:24,True,61.17,47.23,67.57,3
2025-08-13 12:29:40,hanilee@test.com,2025-08-13 12:15:22,True,26.39,31.26,77.28,2
2025-08-13 12:29:40,tim@test.com,2025-08-13 11:33:22,True,40.25,13.72,42.69,1
2025-08-13 12:29:40,fran@test.com,2025-08-13 12:13:26,True,45.36,14.6,49.62,2
2025-08-13 12:29:40,delen@test.com,2025-08-13 10:51:24,True,56.45,14.67,52.29,4
2025-08-13 12:29:40,sera@test.com,2025-08-13 11:21:22,True,51.12,20.65,24.07,2
2025-08-13 12:29:40,jack@test.com,2025-08-13 10:48:24,True,14.76,19.51,8.97,2
2025-08-13 12:29:42,alice@test.com,2025-08-13 11:43:22,True,9.53,19.26,65.45,3
2025-08-13 12:29:42,bob@test.com,2025-08-13 12:19:24,True,61.36,44.53,70.59,5
2025-08-13 12:29:42,hanilee@test.com,2025-08-13 12:15:22,True,20.86,32.57,75.5,3
2025-08-13 12:29:42,tim@test.com,2025-08-13 11:33:22,True,36.29,11.11,40.49,0
2025-08-13 12:29:42,fran@test.com,2025-08-13 12:13:26,True,47.28,13.32,48.43,1
2025-08-13 12:29:42,delen@test.com,2025-08-13 10:51:24,True,47.51,21.0,47.69,3
2025-08-13 12:29:42,sera@test.com,2025-08-13 11:21:22,True,49.6,16.25,27.2,0
2025-08-13 12:29:42,jack@test.com,2025-08-13 10:48:24,True,19.16,19.11,13.45,1
2025-08-13 12:29:44,alice@test.com,2025-08-13 11:43:22,True,13.21,21.56,61.18,2
2025-08-13 12:29:44,bob@test.com,2025-08-13 12:19:24,True,57.41,47.69,68.98,5
2025-08-13 12:29:44,hanilee@test.com,2025-08-13 12:15:22,True,19.61,30.85,75.19,3
2025-08-13 12:29:44,tim@test.com,2025-08-13 11:33:22,True,31.02,14.85,42.65,0
2025-08-13 12:29:44,fran@test.com,2025-08-13 12:13:26,True,43.15,16.8,47.98,3
2025-08-13 12:29:44,delen@test.com,2025-08-13 10:51:24,True,57.93,15.19,50.46,5
2025-08-13 12:29:44,sera@test.com,2025-08-13 11:21:22,True,52.32,14.5,23.32,1
2025-08-13 12:29:44,jack@test.com,2025-08-13 10:48:24,True,21.16,17.45,11.89,0
2025-08-13 12:29:46,alice@test.com,2025-08-13 11:43:22,True,8.55,19.47,58.97,1
2025-08-13 12:29:46,bob@test.com,2025-08-13 12:19:24,True,63.17,40.44,73.03,6
2025-08-13 12:29:46,hanilee@test.com,2025-08-13 12:15:22,True,24.83,27.36,74.79,3
2025-08-13 12:29:46,tim@test.com,2025-08-13 11:33:22,True,36.06,11.86,45.32,2
2025-08-13 12:29:46,fran@test.com,2025-08-13 12:13:26,True,45.34,17.22,50.67,2
2025-08-13 12:29:46,delen@test.com,2025-08-13 10:51:24,True,56.8,17.56,50.69,2
2025-08-13 12:29:46,sera@test.com,2025-08-13 11:21:22,True,48.92,16.59,23.97,2
2025-08-13 12:29:46,jack@test.com,2025-08-13 10:48:24,True,19.46,20.49,9.83,1
2025-08-13 12:29:48,alice@test.com,2025-08-13 11:43:22,True,10.74,19.85,61.7,3
2025-08-13 12:29:48,bob@test.com,2025-08-13 12:19:24,True,62.05,44.98,70.42,5
2025-08-13 12:29:48,hanilee@test.com,2025-08-13 12:15:22,True,26.57,32.37,77.49,1
2025-08-13 12:29:48,tim@test.com,2025-08-13 11:33:22,True,40.25,6.9,41.74,1
2025-08-13 12:29:48,fran@test.com,2025-08-13 12:13:26,True,46.93,18.8,56.17,1
2025-08-13 12:29:48,delen@test.com,2025-08-13 10:51:24,True,52.58,13.05,53.79,2
2025-08-13 12:29:48,sera@test.com,2025-08-13 11:21:22,True,50.51,20.89,20.86,0
2025-08-13 12:29:48,jack@test.com,2025-08-13 10:48:24,True,16.92,14.77,12.04,0
2025-08-13 12:29:50,alice@test.com,2025-08-13 11:43:22,True,11.37,21.08,64.51,2
2025-08-13 12:29:50,bob@test.com,2025-08-13 12:19:24,True,62.13,40.91,71.11,5
2025-08-13 12:29:50,hanilee@test.com,2025-08-13 12:15:22,True,23.89,30.17,78.71,2
2025-08-13 12:29:50,tim@test.com,2025-08-13 11:33:22,True,33.48,11.46,38.14,3
2025-08-13 12:29:50,fran@test.com,2025-08-13 12:13:26,True,38.72,17.7,49.81,2
2025-08-13 12:29:50,delen@test.com,2025-08-13 10:51:24,True,47.94,13.87,52.01,3
2025-08-13 12:29:50,sera@test.com,2025-08-13 11:21:22,True,50.51,13.46,26.52,2
2025-08-13 12:29:50,jack@test.com,2025-08-13 10:48:24,True,20.52,15.29,11.59,1
2025-08-13 12:29:52,alice@test.com,2025-08-13 11:43:22,True,15.88,20.93,65.11,2
2025-08-13 12:29:52,bob@test.com,2025-08-13 12:19:24,True,54.12,42.11,71.42,4
2025-08-13 12:29:52,hanilee@test.com,2025-08-13 12:15:22,True,17.87,34.42,79.24,2
2025-08-13 12:29:52,tim@test.com,2025-08-13 11:33:22,True,37.33,18.79,39.99,2
2025-08-13 12:29:52,fran@test.com,2025-08-13 12:13:26,True,45.04,14.65,49.96,2
2025-08-13 12:29:52,delen@test.com,2025-08-13 10:51:24,True,56.99,13.27,50.13,3
2025-08-13 12:29:52,sera@test.com,2025-08-13 11:21:22,True,55.93,15.38,23.25,2
2025-08-13 12:29:52,jack@test.com,2025-08-13 10:48:24,True,22.7,16.45,7.18,0
2025-08-13 12:29:54,alice@test.com,2025-08-13 11:43:22,True,13.94,22.93,61.99,2
2025-08-13 12:29:54,bob@test.com,2025-08-13 12:19:24,True,56.68,45.19,69.43,6
2025-08-13 12:29:54,hanilee@test.com,2025-08-13 12:15:22,True,22.67,35.28,77.22,1
2025-08-13 12:29:54,tim@test.com,2025-08-13 11:33:22,True,36.32,12.59,48.13,1
2025-08-13 12:29:54,fran@test.com,2025-08-13 12:13:26,True,45.91,10.44,48.3,3
2025-08-13 12:29:54,delen@test.com,2025-08-13 10:51:24,True,57.41,11.66,45.23,4
2025-08-13 12:29:54,sera@test.com,2025-08-13 11:21:22,True,57.45,12.43,27.87,0
2025-08-13 12:29:54,jack@test.com,2025-08-13 10:48:24,True,15.06,17.37,9.36,1
2025-08-13 12:29:56,alice@test.com,2025-08-13 11:43:22,True,12.38,22.23,59.18,4
2025-08-13 12:29:56,bob@test.com,2025-08-13 12:19:24,True,59.56,47.18,71.97,5
2025-08-13 12:29:56,hanilee@test.com,2025-08-13 12:15:22,True,22.8,30.25,77.98,2
2025-08-13 12:29:56,tim@test.com,2025-08-13 11:33:22,True,29.77,10.6,42.48,4
2025-08-13 12:29:56,fran@test.com,2025-08-13 12:13:26,True,45.61,12.86,48.02,3
2025-08-13 12:29:56,delen@test.com,2025-08-13 10:51:24,True,57.36,16.73,50.59,3
2025-08-13 12:29:56,sera@test.com,2025-08-13 11:21:22,True,52.92,9.41,25.22,0
2025-08-13 12:29:56,jack@test.com,2025-08-13 10:48:24,True,18.9,14.23,8.31,0
2025-08-13 12:29:58,alice@test.com,2025-08-13 11:43:22,True,7.4,12.14,62.8,1
2025-08-13 12:29:58,bob@test.com,2025-08-13 12:19:24,True,65.52,41.11,69.09,6
2025-08-13 12:29:58,hanilee@test.com,2025-08-13 12:15:22,True,27.17,28.04,72.17,3
2025-08-13 12:29:58,tim@test.com,2025-08-13 11:33:22,True,32.13,12.17,40.54,3
2025-08-13 12:29:58,fran@test.com,2025-08-13 12:13:26,True,44.46,7.98,50.26,2
2025-08-13 12:29:58,delen@test.com,2025-08-13 10:51:24,True,57.84,14.7,48.72,4
2025-08-13 12:29:58,sera@test.com,2025-08-13 11:21:22,True,49.6,16.46,26.88,1
2025-08-13 12:29:58,jack@test.com,2025-08-13 10:48:24,True,19.15,12.8,7.18,0
2025-08-13 12:30:00,alice@test.com,2025-08-13 11:43:22,True,3.5,19.42,61.23,1
2025-08-13 12:30:00,bob@test.com,2025-08-13 12:19:24,True,56.51,46.91,70.71,6
2025-08-13 12:30:00,hanilee@test.com,2025-08-13 12:15:22,True,23.25,25.39,77.95,3
2025-08-13 12:30:00,tim@test.com,2025-08-13 11:33:22,True,33.75,11.22,39.86,3
2025-08-13 12:30:00,fran@test.com,2025-08-13 12:13:26,True,45.27,9.97,46.16,3
2025-08-13 12:30:00,delen@test.com,2025-08-13 10:51:24,True,60.78,14.33,52.75,5
2025-08-13 12:30:00,sera@test.com,2025-08-13 11:21:22,True,50.62,20.32,27.83,1
2025-08-13 12:30:00,jack@test.com,2025-08-13 10:48:24,True,22.94,25.2,9.06,0
2025-08-13 12:30:02,alice@test.com,2025-08-13 11:43:22,True,7.53,22.88,61.76,3
2025-08-13 12:30:02,bob@test.com,2025-08-13 12:19:24,True,53.74,49.64,70.5,5
2025-08-13 12:30:02,hanilee@test.com,2025-08-13 12:15:22,True,23.45,31.22,74.05,2
2025-08-13 12:30:02,tim@test.com,2025-08-13 11:33:22,True,35.23,12.57,37.82,2
2025-08-13 12:30:02,fran@test.com,2025-08-13 12:13:26,True,49.68,6.83,52.25,3
2025-08-13 12:30:02,delen@test.com,2025-08-13 10:51:24,True,53.18,11.22,49.56,4
2025-08-13 12:30:02,sera@test.com,2025-08-13 11:21:22,True,47.14,16.44,26.79,3
2025-08-13 12:30:02,jack@test.com,2025-08-13 10:48:24,True,18.05,17.98,14.34,1
2025-08-13 12:30:04,alice@test.com,2025-08-13 11:43:22,True,8.33,17.49,64.04,1
2025-08-13 12:30:04,bob@test.com,2025-08-13 12:19:24,True,62.54,48.51,68.8,7
2025-08-13 12:30:04,hanilee@test.com,2025-08-13 12:15:22,True,25.82,30.76,77.59,1
2025-08-13 12:30:04,tim@test.com,2025-08-13 11:33:22,True,34.09,14.94,41.81,0
2025-08-13 12:30:04,fran@test.com,2025-08-13 12:13:26,True,43.57,15.68,49.62,3
2025-08-13 12:30:04,delen@test.com,2025-08-13 10:51:24,True,53.48,16.03,52.04,4
2025-08-13 12:30:04,sera@test.com,2025-08-13 11:21:22,True,53.47,16.37,25.59,1
2025-08-13 12:30:04,jack@test.com,2025-08-13 10:48:24,True,17.54,15.53,10.65,0
2025-08-13 12:30:06,alice@test.com,2025-08-13 11:43:22,True,14.75,20.26,61.67,0
2025-08-13 12:30:06,bob@test.com,2025-08-13 12:19:24,True,57.58,46.66,69.09,6
2025-08-13 12:30:06,hanilee@test.com,2025-08-13 12:15:22,True,26.45,34.05,78.42,5
2025-08-13 12:30:06,tim@test.com,2025-08-13 11:33:22,True,37.5,13.81,36.8,1
2025-08-13 12:30:06,fran@test.com,2025-08-13 12:13:26,True,43.23,15.13,47.38,3
2025-08-13 12:30:06,delen@test.com,2025-08-13 10:51:24,True,60.01,16.45,51.5,2
2025-08-13 12:30:06,sera@test.com,2025-08-13 11:21:22,True,49.71,14.86,26.76,1
2025-08-13 12:30:06,jack@test.com,2025-08-13 10:48:24,True,21.79,12.72,9.38,0
2025-08-13 12:30:08,alice@test.com,2025-08-13 11:43:22,True,4.85,20.29,60.27,1
2025-08-13 12:30:08,bob@test.com,2025-08-13 12:19:24,True,55.93,44.48,67.19,5
2025-08-13 12:30:08,hanilee@test.com,2025-08-13 12:15:22,True,25.82,29.78,77.84,4
2025-08-13 12:30:08,tim@test.com,2025-08-13 11:33:22,True,35.05,12.56,39.53,2
2025-08-13 12:30:08,fran@test.com,2025-08-13 12:13:26,True,44.16,12.12,49.45,2
2025-08-13 12:30:08,delen@test.com,2025-08-13 10:51:24,True,51.69,9.28,50.71,3
2025-08-13 12:30:08,sera@test.com,2025-08-13 11:21:22,True,48.04,15.0,22.51,2
2025-08-13 12:30:08,jack@test.com,2025-08-13 10:48:24,True,17.5,15.14,10.86,1
2025-08-13 12:30:10,alice@test.com,2025-08-13 11:43:22,True,8.0,14.35,64.87,2
2025-08-13 12:30:10,bob@test.com,2025-08-13 12:19:24,True,60.29,44.5,71.38,6
2025-08-13 12:30:10,hanilee@test.com,2025-08-13 12:15:22,True,25.54,28.06,76.67,3
2025-08-13 12:30:10,tim@test.com,2025-08-13 11:33:22,True,30.4,13.92,42.41,1
2025-08-13 12:30:10,fran@test.com,2025-08-13 12:13:26,True,42.49,10.91,51.4,3
2025-08-13 12:30:10,delen@test.com,2025-08-13 10:51:24,True,52.49,13.86,49.7,3
2025-08-13 12:30:10,sera@test.com,2025-08-13 11:21:22,True,52.39,16.45,25.88,2
2025-08-13 12:30:10,jack@test.com,2025-08-13 10:48:24,True,21.89,12.02,11.56,2
2025-08-13 12:30:12,alice@test.com,2025-08-13 11:43:22,True,7.83,20.78,61.4,3
2025-08-13 12:30:12,bob@test.com,2025-08-13 12:19:24,True,61.24,46.93,72.28,7
2025-08-13 12:30:12,hanilee@test.com,2025-08-13 12:15:22,True,20.15,29.51,74.69,3
2025-08-13 12:30:12,tim@test.com,2025-08-13 11:33:22,True,33.46,10.29,37.32,3
2025-08-13 12:30:12,fran@test.com,2025-08-13 12:13:26,True,45.53,14.71,53.87,5
2025-08-13 12:30:12,delen@test.com,2025-08-13 10:51:24,True,60.76,16.54,48.45,2
2025-08-13 12:30:12,sera@test.com,2025-08-13 11:21:22,True,51.06,18.95,26.74,2
2025-08-13 12:30:12,jack@test.com,2025-08-13 10:48:24,True,17.14,17.14,10.74,0
2025-08-13 12:30:14,alice@test.com,2025-08-13 11:43:22,True,12.15,11.73,59.89,2
2025-08-13 12:30:14,bob@test.com,2025-08-13 12:19:24,True,59.69,48.08,71.34,5
2025-08-13 12:30:14,hanilee@test.com,2025-08-13 12:15:22,True,26.89,27.74,81.13,2
2025-08-13 12:30:14,tim@test.com,2025-08-13 11:33:22,True,33.61,12.31,42.13,1
2025-08-13 12:30:14,fran@test.com,2025-08-13 12:13:26,True,45.6,5.56,51.06,3
2025-08-13 12:30:14,delen@test.com,2025-08-13 10:51:24,True,51.73,11.84,47.75,2
2025-08-13 12:30:14,sera@test.com,2025-08-13 11:21:22,True,53.03,20.95,25.93,1
2025-08-13 12:30:14,jack@test.com,2025-08-13 10:48:24,True,21.26,18.12,10.51,1
2025-08-13 12:30:16,alice@test.com,2025-08-13 11:43:22,True,11.14,20.28,64.08,1
2025-08-13 12:30:16,bob@test.com,2025-08-13 12:19:24,True,54.48,43.43,68.52,5
2025-08-13 12:30:16,hanilee@test.com,2025-08-13 12:15:22,True,26.76,26.68,80.97,3
2025-08-13 12:30:16,tim@test.com,2025-08-13 11:33:22,True,30.26,12.14,40.03,2
2025-08-13 12:30:16,fran@test.com,2025-08-13 12:13:26,True,47.42,15.68,51.26,2
2025-08-13 12:30:16,delen@test.com,2025-08-13 10:51:24,True,54.75,17.85,52.24,3
2025-08-13 12:30:16,sera@test.com,2025-08-13 11:21:22,True,51.33,17.01,28.39,0
2025-08-13 12:30:16,jack@test.com,2025-08-13 10:48:24,True,15.69,13.46,8.18,1
2025-08-13 12:30:18,alice@test.com,2025-08-13 11:43:22,True,9.77,19.55,64.29,1
2025-08-13 12:30:18,bob@test.com,2025-08-13 12:19:24,True,59.58,45.8,69.7,6
2025-08-13 12:30:18,hanilee@test.com,2025-08-13 12:15:22,True,27.7,28.28,77.78,3
2025-08-13 12:30:18,tim@test.com,2025-08-13 11:33:22,True,41.32,11.52,36.62,3
2025-08-13 12:30:18,fran@test.com,2025-08-13 12:13:26,True,46.55,9.83,49.88,2
2025-08-13 12:30:18,delen@test.com,2025-08-13 10:51:24,True,56.86,15.09,53.82,4
2025-08-13 12:30:18,sera@test.com,2025-08-13 11:21:22,True,53.31,19.81,24.79,3
2025-08-13 12:30:18,jack@test.com,2025-08-13 10:48:24,True,24.03,18.15,10.57,1
2025-08-13 12:30:20,alice@test.com,2025-08-13 11:43:22,True,8.9,22.46,65.09,1
2025-08-13 12:30:20,bob@test.com,2025-08-13 12:19:24,True,61.07,43.94,67.89,4
2025-08-13 12:30:20,hanilee@test.com,2025-08-13 12:15:22,True,21.21,29.61,74.21,2
2025-08-13 12:30:20,tim@test.com,2025-08-13 11:33:22,True,36.16,10.95,39.28,1
2025-08-13 12:30:20,fran@test.com,2025-08-13 12:13:26,True,51.0,16.29,49.69,2
2025-08-13 12:30:20,delen@test.com,2025-08-13 10:51:24,True,49.12,18.17,49.99,4
2025-08-13 12:30:20,sera@test.com,2025-08-13 11:21:22,True,46.54,13.46,24.76,2
2025-08-13 12:30:20,jack@test.com,2025-08-13 10:48:24,True,13.81,15.34,14.2,1
2025-08-13 12:30:22,alice@test.com,2025-08-13 11:43:22,True,4.74,25.78,60.78,2
2025-08-13 12:30:22,bob@test.com,2025-08-13 12:19:24,True,64.48,48.73,70.58,8
2025-08-13 12:30:22,hanilee@test.com,2025-08-13 12:15:22,True,23.73,30.59,78.78,4
2025-08-13 12:30:22,tim@test.com,2025-08-13 11:33:22,True,29.38,9.52,41.48,2
2025-08-13 12:30:22,fran@test.com,2025-08-13 12:13:26,True,44.33,18.39,51.56,2
2025-08-13 12:30:22,delen@test.com,2025-08-13 10:51:24,True,57.43,18.45,48.33,3
2025-08-13 12:30:22,sera@test.com,2025-08-13 11:21:22,True,46.9,15.38,23.97,1
2025-08-13 12:30:22,jack@test.com,2025-08-13 10:48:24,True,22.22,15.39,11.06,1
2025-08-13 12:30:24,alice@test.com,2025-08-13 11:43:22,True,11.34,17.91,59.88,2
2025-08-13 12:30:24,bob@test.com,2025-08-13 12:19:24,True,59.07,43.06,69.85,7
2025-08-13 12:30:24,hanilee@test.com,2025-08-13 12:15:22,True,18.36,34.33,78.01,2
2025-08-13 12:30:24,tim@test.com,2025-08-13 11:33:22,True,34.35,12.83,38.65,3
2025-08-13 12:30:24,fran@test.com,2025-08-13 12:13:26,True,45.04,14.82,48.94,4
2025-08-13 12:30:24,delen@test.com,2025-08-13 10:51:24,True,53.51,18.27,48.62,4
2025-08-13 12:30:24,sera@test.com,2025-08-13 11:21:22,True,52.85,20.77,25.9,2
2025-08-13 12:30:24,jack@test.com,2025-08-13 10:48:24,True,20.43,12.24,11.17,0
2025-08-13 12:30:26,alice@test.com,2025-08-13 11:43:22,True,12.59,19.54,59.96,2
2025-08-13 12:30:26,bob@test.com,2025-08-13 12:19:24,True,59.97,44.56,71.44,6
2025-08-13 12:30:26,hanilee@test.com,2025-08-13 12:15:22,True,27.57,29.95,79.01,2
2025-08-13 12:30:26,tim@test.com,2025-08-13 11:33:22,True,38.44,9.43,38.56,2
2025-08-13 12:30:26,fran@test.com,2025-08-13 12:13:26,True,40.57,16.58,46.96,2
2025-08-13 12:30:26,delen@test.com,2025-08-13 10:51:24,True,50.68,17.43,52.03,3
2025-08-13 12:30:26,sera@test.com,2025-08-13 11:21:22,True,48.47,10.05,24.27,3
2025-08-13 12:30:26,jack@test.com,2025-08-13 10:48:24,True,21.6,19.6,9.28,1
2025-08-13 12:30:28,alice@test.com,2025-08-13 11:43:22,True,9.54,20.97,64.48,1
2025-08-13 12:30:28,bob@test.com,2025-08-13 12:19:24,True,57.65,48.67,68.12,5
2025-08-13 12:30:28,hanilee@test.com,2025-08-13 12:15:22,True,18.05,30.46,76.29,0
2025-08-13 12:30:28,tim@test.com,2025-08-13 11:33:22,True,32.34,15.56,40.33,1
2025-08-13 12:30:28,fran@test.com,2025-08-13 12:13:26,True,49.29,10.43,48.16,2
2025-08-13 12:30:28,delen@test.com,2025-08-13 10:51:24,True,55.29,12.6,50.56,4
2025-08-13 12:30:28,sera@test.com,2025-08-13 11:21:22,True,43.99,12.29,22.03,1
2025-08-13 12:30:28,jack@test.com,2025-08-13 10:48:24,True,24.28,15.34,12.53,0
2025-08-13 12:30:30,alice@test.com,2025-08-13 11:43:22,True,10.65,16.38,62.02,1
2025-08-13 12:30:30,bob@test.com,2025-08-13 12:19:24,True,59.44,43.6,71.09,4
2025-08-13 12:30:30,hanilee@test.com,2025-08-13 12:15:22,True,23.25,30.88,79.42,2
2025-08-13 12:30:30,tim@test.com,2025-08-13 11:33:22,True,32.79,10.71,38.87,1
2025-08-13 12:30:30,fran@test.com,2025-08-13 12:13:26,True,51.81,16.05,48.44,2
2025-08-13 12:30:30,delen@test.com,2025-08-13 10:51:24,True,48.71,18.79,50.2,3
2025-08-13 12:30:30,sera@test.com,2025-08-13 11:21:22,True,47.98,10.93,23.69,4
2025-08-13 12:30:30,jack@test.com,2025-08-13 10:48:24,True,24.53,17.02,8.29,1
2025-08-13 12:30:32,alice@test.com,2025-08-13 11:43:22,True,6.44,19.52,63.54,2
2025-08-13 12:30:32,bob@test.com,2025-08-13 12:19:24,True,59.09,40.86,71.55,6
2025-08-13 12:30:32,hanilee@test.com,2025-08-13 12:15:22,True,25.73,32.03,74.99,4
2025-08-13 12:30:32,tim@test.com,2025-08-13 11:33:22,True,41.78,8.79,39.13,2
2025-08-13 12:30:32,fran@test.com,2025-08-13 12:13:26,True,44.14,16.13,51.44,2
2025-08-13 12:30:32,delen@test.com,2025-08-13 10:51:24,True,58.19,17.63,52.31,3
2025-08-13 12:30:32,sera@test.com,2025-08-13 11:21:22,True,54.09,17.06,23.44,2
2025-08-13 12:30:32,jack@test.com,2025-08-13 10:48:24,True,19.95,16.96,7.75,0
2025-08-13 12:30:34,alice@test.com,2025-08-13 11:43:22,True,11.97,16.19,58.72,1
2025-08-13 12:30:34,bob@test.com,2025-08-13 12:19:24,True,62.05,43.14,70.01,6
2025-08-13 12:30:34,hanilee@test.com,2025-08-13 12:15:22,True,20.37,27.54,78.36,3
2025-08-13 12:30:34,tim@test.com,2025-08-13 11:33:22,True,37.74,12.76,40.57,0
2025-08-13 12:30:34,fran@test.com,2025-08-13 12:13:26,True,46.11,9.18,50.05,2
2025-08-13 12:30:34,delen@test.com,2025-08-13 10:51:24,True,55.77,19.1,46.75,2
2025-08-13 12:30:34,sera@test.com,2025-08-13 11:21:22,True,54.36,18.44,25.1,2
2025-08-13 12:30:34,jack@test.com,2025-08-13 10:48:24,True,15.24,12.15,9.17,1
2025-08-13 12:30:36,alice@test.com,2025-08-13 11:43:22,True,8.59,22.61,63.7,1
2025-08-13 12:30:36,bob@test.com,2025-08-13 12:19:24,True,55.57,45.05,68.81,6
2025-08-13 12:30:36,hanilee@test.com,2025-08-13 12:15:22,True,25.53,29.1,78.91,2
2025-08-13 12:30:36,tim@test.com,2025-08-13 11:33:22,True,36.32,11.5,39.8,0
2025-08-13 12:30:36,fran@test.com,2025-08-13 12:13:26,True,44.05,12.49,48.96,3
2025-08-13 12:30:36,delen@test.com,2025-08-13 10:51:24,True,52.6,17.53,51.09,5
2025-08-13 12:30:36,sera@test.com,2025-08-13 11:21:22,True,51.31,15.13,23.19,3
2025-08-13 12:30:36,jack@test.com,2025-08-13 10:48:24,True,15.43,15.75,9.06,0
2025-08-13 12:30:38,alice@test.com,2025-08-13 11:43:22,True,12.84,21.77,60.69,1
2025-08-13 12:30:38,bob@test.com,2025-08-13 12:19:24,True,54.27,48.88,69.43,5
2025-08-13 12:30:38,hanilee@test.com,2025-08-13 12:15:22,True,27.52,30.9,75.27,3
2025-08-13 12:30:38,tim@test.com,2025-08-13 11:33:22,True,33.4,8.88,44.06,1
2025-08-13 12:30:38,fran@test.com,2025-08-13 12:13:26,True,43.59,15.2,51.11,2
2025-08-13 12:30:38,delen@test.com,2025-08-13 10:51:24,True,55.51,8.26,53.79,4
2025-08-13 12:30:38,sera@test.com,2025-08-13 11:21:22,True,49.98,13.48,26.54,2
2025-08-13 12:30:38,jack@test.com,2025-08-13 10:48:24,True,25.19,18.67,11.38,0
2025-08-13 12:30:40,alice@test.com,2025-08-13 11:43:22,True,8.54,24.39,56.79,3
2025-08-13 12:30:40,bob@test.com,2025-08-13 12:19:24,True,57.32,39.24,68.88,3
2025-08-13 12:30:40,hanilee@test.com,2025-08-13 12:15:22,True,24.11,31.35,77.65,0
2025-08-13 12:30:40,tim@test.com,2025-08-13 11:33:22,True,29.52,11.64,37.97,0
2025-08-13 12:30:40,fran@test.com,2025-08-13 12:13:26,True,43.68,15.11,47.77,1
2025-08-13 12:30:40,delen@test.com,2025-08-13 10:51:24,True,57.22,18.55,52.26,4
2025-08-13 12:30:40,sera@test.com,2025-08-13 11:21:22,True,52.59,17.27,21.87,1
2025-08-13 12:30:40,jack@test.com,2025-08-13 10:48:24,True,20.14,17.33,10.86,0
2025-08-13 12:30:42,alice@test.com,2025-08-13 11:43:22,True,8.02,22.12,63.28,4
2025-08-13 12:30:42,bob@test.com,2025-08-13 12:19:24,True,60.96,48.39,68.49,7
2025-08-13 12:30:42,hanilee@test.com,2025-08-13 12:15:22,True,24.04,29.47,76.62,2
2025-08-13 12:30:42,tim@test.com,2025-08-13 11:33:22,True,35.36,14.3,41.29,2
2025-08-13 12:30:42,fran@test.com,2025-08-13 12:13:26,True,42.53,16.95,45.85,2
2025-08-13 12:30:42,delen@test.com,2025-08-13 10:51:24,True,49.09,14.47,49.96,4
2025-08-13 12:30:42,sera@test.com,2025-08-13 11:21:22,True,50.05,8.71,22.41,3
2025-08-13 12:30:42,jack@test.com,2025-08-13 10:48:24,True,22.72,17.25,5.65,0
2025-08-13 12:30:44,alice@test.com,2025-08-13 11:43:22,True,9.44,21.68,62.95,0
2025-08-13 12:30:44,bob@test.com,2025-08-13 12:19:24,True,64.05,47.58,72.39,5
2025-08-13 12:30:44,hanilee@test.com,2025-08-13 12:15:22,True,23.82,30.02,78.22,5
2025-08-13 12:30:44,tim@test.com,2025-08-13 11:33:22,True,37.23,10.37,37.87,1
2025-08-13 12:30:44,fran@test.com,2025-08-13 12:13:26,True,51.11,12.2,47.58,1
2025-08-13 12:30:44,delen@test.com,2025-08-13 10:51:24,True,59.75,20.39,48.03,3
2025-08-13 12:30:44,sera@test.com,2025-08-13 11:21:22,True,53.51,15.45,27.3,1
2025-08-13 12:30:44,jack@test.com,2025-08-13 10:48:24,True,20.58,18.94,12.58,0
2025-08-13 12:30:46,alice@test.com,2025-08-13 11:43:22,True,5.24,17.68,60.66,2
2025-08-13 12:30:46,bob@test.com,2025-08-13 12:19:24,True,64.57,47.77,70.43,7
2025-08-13 12:30:46,hanilee@test.com,2025-08-13 12:15:22,True,25.42,28.35,79.61,2
2025-08-13 12:30:46,tim@test.com,2025-08-13 11:33:22,True,36.26,14.2,41.87,2
2025-08-13 12:30:46,fran@test.com,2025-08-13 12:13:26,True,43.14,13.04,50.58,3
2025-08-13 12:30:46,delen@test.com,2025-08-13 10:51:24,True,53.22,16.89,48.62,2
2025-08-13 12:30:46,sera@test.com,2025-08-13 11:21:22,True,48.2,18.26,24.49,0
2025-08-13 12:30:46,jack@test.com,2025-08-13 10:48:24,True,21.25,13.52,6.88,0
2025-08-13 12:30:48,alice@test.com,2025-08-13 11:43:22,True,9.54,26.89,61.52,1
2025-08-13 12:30:48,bob@test.com,2025-08-13 12:19:24,True,53.73,46.6,70.78,4
2025-08-13 12:30:48,hanilee@test.com,2025-08-13 12:15:22,True,29.23,29.73,76.74,1
2025-08-13 12:30:48,tim@test.com,2025-08-13 11:33:22,True,30.2,13.15,39.61,1
2025-08-13 12:30:48,fran@test.com,2025-08-13 12:13:26,True,43.87,11.45,51.38,1
2025-08-13 12:30:48,delen@test.com,2025-08-13 10:51:24,True,58.22,15.7,51.99,3
2025-08-13 12:30:48,sera@test.com,2025-08-13 11:21:22,True,47.12,15.49,22.98,2
2025-08-13 12:30:48,jack@test.com,2025-08-13 10:48:24,True,18.62,19.98,8.6,0
2025-08-13 12:30:50,alice@test.com,2025-08-13 11:43:22,True,14.52,25.69,61.69,1
2025-08-13 12:30:50,bob@test.com,2025-08-13 12:19:24,True,55.61,49.0,67.18,5
2025-08-13 12:30:50,hanilee@test.com,2025-08-13 12:15:22,True,22.87,29.59,74.7,4
2025-08-13 12:30:50,tim@test.com,2025-08-13 11:33:22,True,35.87,12.94,39.08,2
2025-08-13 12:30:50,fran@test.com,2025-08-13 12:13:26,True,42.41,13.24,51.15,1
2025-08-13 12:30:50,delen@test.com,2025-08-13 10:51:24,True,51.6,13.18,49.56,4
2025-08-13 12:30:50,sera@test.com,2025-08-13 11:21:22,True,50.87,13.96,26.29,2
2025-08-13 12:30:50,jack@test.com,2025-08-13 10:48:24,True,18.14,18.51,14.06,0
2025-08-13 12:30:52,alice@test.com,2025-08-13 11:43:22,True,7.79,26.58,60.17,2
2025-08-13 12:30:52,bob@test.com,2025-08-13 12:19:24,True,56.4,46.93,68.11,5
2025-08-13 12:30:52,hanilee@test.com,2025-08-13 12:15:22,True,27.73,26.0,76.09,1
2025-08-13 12:30:52,tim@test.com,2025-08-13 11:33:22,True,33.62,6.61,39.21,1
2025-08-13 12:30:52,fran@test.com,2025-08-13 12:13:26,True,45.21,9.22,49.89,3
2025-08-13 12:30:52,delen@test.com,2025-08-13 10:51:24,True,55.45,16.24,49.38,5
2025-08-13 12:30:52,sera@test.com,2025-08-13 11:21:22,True,49.08,16.82,23.41,1
2025-08-13 12:30:52,jack@test.com,2025-08-13 10:48:24,True,18.8,16.5,11.91,0
2025-08-13 12:30:54,alice@test.com,2025-08-13 11:43:22,True,12.2,18.05,62.94,2
2025-08-13 12:30:54,bob@test.com,2025-08-13 12:19:24,True,60.77,46.14,70.47,5
2025-08-13 12:30:54,hanilee@test.com,2025-08-13 12:15:22,True,30.51,28.98,78.92,3
2025-08-13 12:30:54,tim@test.com,2025-08-13 11:33:22,True,35.53,12.83,39.49,1
2025-08-13 12:30:54,fran@test.com,2025-08-13 12:13:26,True,41.85,14.47,49.32,2
2025-08-13 12:30:54,delen@test.com,2025-08-13 10:51:24,True,55.16,17.0,50.4,4
2025-08-13 12:30:54,sera@test.com,2025-08-13 11:21:22,True,49.01,13.9,24.88,3
2025-08-13 12:30:54,jack@test.com,2025-08-13 10:48:24,True,20.99,20.91,5.69,0
2025-08-13 12:30:56,alice@test.com,2025-08-13 11:43:22,True,10.11,20.33,62.77,1
2025-08-13 12:30:56,bob@test.com,2025-08-13 12:19:24,True,60.49,42.69,71.9,5
2025-08-13 12:30:56,hanilee@test.com,2025-08-13 12:15:22,True,22.59,24.17,75.98,4
2025-08-13 12:30:56,tim@test.com,2025-08-13 11:33:22,True,38.31,15.27,39.37,2
2025-08-13 12:30:56,fran@test.com,2025-08-13 12:13:26,True,45.16,9.37,50.79,3
2025-08-13 12:30:56,delen@test.com,2025-08-13 10:51:24,True,53.75,13.87,50.93,5
2025-08-13 12:30:56,sera@test.com,2025-08-13 11:21:22,True,48.23,14.64,25.15,1
2025-08-13 12:30:56,jack@test.com,2025-08-13 10:48:24,True,16.84,16.83,9.78,0
2025-08-13 12:30:58,alice@test.com,2025-08-13 11:43:22,True,10.16,22.77,61.92,2
2025-08-13 12:30:58,bob@test.com,2025-08-13 12:19:24,True,59.02,47.21,71.94,5
2025-08-13 12:30:58,hanilee@test.com,2025-08-13 12:15:22,True,27.65,34.2,79.24,2
2025-08-13 12:30:58,tim@test.com,2025-08-13 11:33:22,True,30.7,12.8,42.8,0
2025-08-13 12:30:58,fran@test.com,2025-08-13 12:13:26,True,45.43,17.39,49.4,3
2025-08-13 12:30:58,delen@test.com,2025-08-13 10:51:24,True,51.71,13.07,49.76,4
2025-08-13 12:30:58,sera@test.com,2025-08-13 11:21:22,True,50.37,15.99,25.36,2
2025-08-13 12:30:58,jack@test.com,2025-08-13 10:48:24,True,21.38,14.8,8.52,0
2025-08-13 12:31:00,alice@test.com,2025-08-13 11:43:22,True,15.0,21.22,60.63,2
2025-08-13 12:31:00,bob@test.com,2025-08-13 12:19:24,True,52.99,51.08,69.93,7
2025-08-13 12:31:00,hanilee@test.com,2025-08-13 12:15:22,True,28.52,28.05,76.51,1
2025-08-13 12:31:00,tim@test.com,2025-08-13 11:33:22,True,33.96,10.76,37.14,1
2025-08-13 12:31:00,fran@test.com,2025-08-13 12:13:26,True,43.71,19.29,52.74,4
2025-08-13 12:31:00,delen@test.com,2025-08-13 10:51:24,True,52.5,20.7,47.95,3
2025-08-13 12:31:00,sera@test.com,2025-08-13 11:21:22,True,52.96,18.01,25.41,2
2025-08-13 12:31:00,jack@test.com,2025-08-13 10:48:24,True,15.43,18.22,9.14,0
2025-08-13 12:31:02,alice@test.com,2025-08-13 11:43:22,True,10.9,17.67,62.72,2
2025-08-13 12:31:02,bob@test.com,2025-08-13 12:19:24,True,58.65,46.8,68.86,6
2025-08-13 12:31:02,hanilee@test.com,2025-08-13 12:15:22,True,18.01,28.75,77.9,3
2025-08-13 12:31:02,tim@test.com,2025-08-13 11:33:22,True,39.66,10.64,38.91,1
2025-08-13 12:31:02,fran@test.com,2025-08-13 12:13:26,True,48.7,13.21,50.47,4
2025-08-13 12:31:02,delen@test.com,2025-08-13 10:51:24,True,58.55,9.09,47.83,3
2025-08-13 12:31:02,sera@test.com,2025-08-13 11:21:22,True,53.29,15.95,26.31,3
2025-08-13 12:31:02,jack@test.com,2025-08-13 10:48:24,True,19.34,12.13,11.38,0
2025-08-13 12:31:04,alice@test.com,2025-08-13 11:43:22,True,7.82,21.79,60.31,3
2025-08-13 12:31:04,bob@test.com,2025-08-13 12:19:24,True,59.66,40.95,70.5,5
2025-08-13 12:31:04,hanilee@test.com,2025-08-13 12:15:22,True,26.4,25.44,78.37,3
2025-08-13 12:31:04,tim@test.com,2025-08-13 11:33:22,True,36.11,10.59,41.33,2
2025-08-13 12:31:04,fran@test.com,2025-08-13 12:13:26,True,49.63,10.27,50.2,3
2025-08-13 12:31:04,delen@test.com,2025-08-13 10:51:24,True,53.11,13.01,46.43,5
2025-08-13 12:31:04,sera@test.com,2025-08-13 11:21:22,True,58.52,18.72,24.88,2
2025-08-13 12:31:04,jack@test.com,2025-08-13 10:48:24,True,16.23,17.16,5.84,1
2025-08-13 12:31:06,alice@test.com,2025-08-13 11:43:22,True,9.29,17.72,59.74,1
2025-08-13 12:31:06,bob@test.com,2025-08-13 12:19:24,True,55.07,47.91,65.23,5
2025-08-13 12:31:06,hanilee@test.com,2025-08-13 12:15:22,True,21.56,29.9,73.71,3
2025-08-13 12:31:06,tim@test.com,2025-08-13 11:33:22,True,31.15,12.37,38.63,3
2025-08-13 12:31:06,fran@test.com,2025-08-13 12:13:26,True,44.62,15.93,48.38,4
2025-08-13 12:31:06,delen@test.com,2025-08-13 10:51:24,True,52.8,15.35,51.23,2
2025-08-13 12:31:06,sera@test.com,2025-08-13 11:21:22,True,51.46,15.89,23.64,3
2025-08-13 12:31:06,jack@test.com,2025-08-13 10:48:24,True,20.78,15.94,11.28,1
2025-08-13 12:31:08,alice@test.com,2025-08-13 11:43:22,True,7.63,18.06,58.5,1
2025-08-13 12:31:08,bob@test.com,2025-08-13 12:19:24,True,60.63,47.39,68.58,6
2025-08-13 12:31:08,hanilee@test.com,2025-08-13 12:15:22,True,24.07,32.61,73.96,2
2025-08-13 12:31:08,tim@test.com,2025-08-13 11:33:22,True,34.6,17.53,41.01,2
2025-08-13 12:31:08,fran@test.com,2025-08-13 12:13:26,True,45.48,14.56,50.99,4
2025-08-13 12:31:08,delen@test.com,2025-08-13 10:51:24,True,52.4,17.79,50.61,3
2025-08-13 12:31:08,sera@test.com,2025-08-13 11:21:22,True,51.29,16.1,25.3,2
2025-08-13 12:31:08,jack@test.com,2025-08-13 10:48:24,True,19.11,18.26,7.31,1
2025-08-13 12:31:10,alice@test.com,2025-08-13 11:43:22,True,9.73,27.06,58.1,1
2025-08-13 12:31:10,bob@test.com,2025-08-13 12:19:24,True,59.62,45.78,69.75,5
2025-08-13 12:31:10,hanilee@test.com,2025-08-13 12:15:22,True,27.19,25.3,74.51,2
2025-08-13 12:31:10,tim@test.com,2025-08-13 11:33:22,True,37.17,15.07,42.01,2
2025-08-13 12:31:10,fran@test.com,2025-08-13 12:13:26,True,45.76,16.36,48.6,3
2025-08-13 12:31:10,delen@test.com,2025-08-13 10:51:24,True,58.57,11.05,52.76,4
2025-08-13 12:31:10,sera@test.com,2025-08-13 11:21:22,True,53.04,11.29,25.9,0
2025-08-13 12:31:10,jack@test.com,2025-08-13 10:48:24,True,24.31,17.25,10.54,3
2025-08-13 12:31:12,alice@test.com,2025-08-13 11:43:22,True,10.5,18.39,60.3,0
2025-08-13 12:31:12,bob@test.com,2025-08-13 12:19:24,True,61.22,42.77,72.8,6
2025-08-13 12:31:12,hanilee@test.com,2025-08-13 12:15:22,True,22.31,31.29,75.09,2
2025-08-13 12:31:12,tim@test.com,2025-08-13 11:33:22,True,34.77,16.8,41.91,0
2025-08-13 12:31:12,fran@test.com,2025-08-13 12:13:26,True,45.99,18.75,49.9,3
2025-08-13 12:31:12,delen@test.com,2025-08-13 10:51:24,True,56.58,13.06,53.97,3
2025-08-13 12:31:12,sera@test.com,2025-08-13 11:21:22,True,49.78,19.31,29.17,1
2025-08-13 12:31:12,jack@test.com,2025-08-13 10:48:24,True,17.63,19.74,12.11,0
2025-08-13 12:31:14,alice@test.com,2025-08-13 11:43:22,True,5.85,18.34,58.42,2
2025-08-13 12:31:14,bob@test.com,2025-08-13 12:19:24,True,58.68,42.63,71.78,4
2025-08-13 12:31:14,hanilee@test.com,2025-08-13 12:15:22,True,27.66,31.38,77.27,2
2025-08-13 12:31:14,tim@test.com,2025-08-13 11:33:22,True,31.17,12.99,42.62,0
2025-08-13 12:31:14,fran@test.com,2025-08-13 12:13:26,True,47.29,8.37,46.73,2
2025-08-13 12:31:14,delen@test.com,2025-08-13 10:51:24,True,56.26,14.44,50.8,4
2025-08-13 12:31:14,sera@test.com,2025-08-13 11:21:22,True,48.79,15.22,26.28,2
2025-08-13 12:31:14,jack@test.com,2025-08-13 10:48:24,True,23.39,20.89,8.56,0
2025-08-13 12:31:16,alice@test.com,2025-08-13 11:43:22,True,8.21,16.64,59.98,2
2025-08-13 12:31:16,bob@test.com,2025-08-13 12:19:24,True,58.06,41.82,67.36,3
2025-08-13 12:31:16,hanilee@test.com,2025-08-13 12:15:22,True,27.07,32.3,76.35,2
2025-08-13 12:31:16,tim@test.com,2025-08-13 11:33:22,True,35.63,11.86,41.15,1
2025-08-13 12:31:16,fran@test.com,2025-08-13 12:13:26,True,41.2,13.02,51.75,2
2025-08-13 12:31:16,delen@test.com,2025-08-13 10:51:24,True,57.41,15.13,47.97,4
2025-08-13 12:31:16,sera@test.com,2025-08-13 11:21:22,True,52.18,10.36,24.25,0
2025-08-13 12:31:16,jack@test.com,2025-08-13 10:48:24,True,20.81,21.01,9.66,0
2025-08-13 12:31:19,alice@test.com,2025-08-13 11:43:22,True,11.49,20.52,62.24,1
2025-08-13 12:31:19,bob@test.com,2025-08-13 12:19:24,True,59.69,45.92,69.97,5
2025-08-13 12:31:19,hanilee@test.com,2025-08-13 12:15:22,True,29.24,28.55,73.55,2
2025-08-13 12:31:19,tim@test.com,2025-08-13 11:33:22,True,34.52,10.33,41.78,2
2025-08-13 12:31:19,fran@test.com,2025-08-13 12:13:26,True,43.52,16.88,51.19,3
2025-08-13 12:31:19,delen@test.com,2025-08-13 10:51:24,True,55.8,15.2,50.47,6
2025-08-13 12:31:19,sera@test.com,2025-08-13 11:21:22,True,47.44,15.9,25.44,2
2025-08-13 12:31:19,jack@test.com,2025-08-13 10:48:24,True,21.72,15.35,5.86,1
2025-08-13 12:31:21,alice@test.com,2025-08-13 11:43:22,True,12.75,17.46,59.85,2
2025-08-13 12:31:21,bob@test.com,2025-08-13 12:19:24,True,58.96,44.78,68.41,5
2025-08-13 12:31:21,hanilee@test.com,2025-08-13 12:15:22,True,27.77,29.42,75.1,2
2025-08-13 12:31:21,tim@test.com,2025-08-13 11:33:22,True,33.51,15.45,40.01,1
2025-08-13 12:31:21,fran@test.com,2025-08-13 12:13:26,True,42.76,18.96,50.45,2
2025-08-13 12:31:21,delen@test.com,2025-08-13 10:51:24,True,53.11,12.29,50.27,5
2025-08-13 12:31:21,sera@test.com,2025-08-13 11:21:22,True,53.58,17.21,26.48,0
2025-08-13 12:31:21,jack@test.com,2025-08-13 10:48:24,True,20.38,19.37,7.32,0
2025-08-13 12:31:23,alice@test.com,2025-08-13 11:43:22,True,5.96,15.01,62.79,2
2025-08-13 12:31:23,bob@test.com,2025-08-13 12:19:24,True,55.18,45.4,66.68,6
2025-08-13 12:31:23,hanilee@test.com,2025-08-13 12:15:22,True,25.1,25.31,76.38,4
2025-08-13 12:31:23,tim@test.com,2025-08-13 11:33:22,True,39.17,12.63,43.26,1
2025-08-13 12:31:23,fran@test.com,2025-08-13 12:13:26,True,48.69,21.18,51.37,4
2025-08-13 12:31:23,delen@test.com,2025-08-13 10:51:24,True,55.19,17.19,49.96,3
2025-08-13 12:31:23,sera@test.com,2025-08-13 11:21:22,True,53.17,17.54,23.88,0
2025-08-13 12:31:23,jack@test.com,2025-08-13 10:48:24,True,24.7,17.1,8.43,1
2025-08-13 12:31:25,alice@test.com,2025-08-13 11:43:22,True,8.86,22.45,65.11,2
2025-08-13 12:31:25,bob@test.com,2025-08-13 12:19:24,True,63.58,44.48,69.75,5
2025-08-13 12:31:25,hanilee@test.com,2025-08-13 12:15:22,True,26.98,29.29,76.7,4
2025-08-13 12:31:25,tim@test.com,2025-08-13 11:33:22,True,30.03,13.08,38.84,1
2025-08-13 12:31:25,fran@test.com,2025-08-13 12:13:26,True,43.83,14.98,53.48,2
2025-08-13 12:31:25,delen@test.com,2025-08-13 10:51:24,True,57.49,10.96,48.98,2
2025-08-13 12:31:25,sera@test.com,2025-08-13 11:21:22,True,51.58,13.74,22.56,3
2025-08-13 12:31:25,jack@test.com,2025-08-13 10:48:24,True,19.52,16.88,11.24,0
2025-08-13 12:31:27,alice@test.com,2025-08-13 11:43:22,True,9.17,20.82,60.1,2
2025-08-13 12:31:27,bob@test.com,2025-08-13 12:19:24,True,52.55,45.13,67.48,5
2025-08-13 12:31:27,hanilee@test.com,2025-08-13 12:15:22,True,24.73,32.69,76.97,2
2025-08-13 12:31:27,tim@test.com,2025-08-13 11:33:22,True,37.73,12.62,41.82,1
2025-08-13 12:31:27,fran@test.com,2025-08-13 12:13:26,True,40.82,8.44,47.41,3
2025-08-13 12:31:27,delen@test.com,2025-08-13 10:51:24,True,52.18,18.65,52.05,4
2025-08-13 12:31:27,sera@test.com,2025-08-13 11:21:22,True,50.1,19.19,27.09,2
2025-08-13 12:31:27,jack@test.com,2025-08-13 10:48:24,True,20.97,14.2,7.68,0
2025-08-13 12:31:29,alice@test.com,2025-08-13 11:43:22,True,9.45,17.35,64.13,2
2025-08-13 12:31:29,bob@test.com,2025-08-13 12:19:24,True,62.47,43.6,70.03,6
2025-08-13 12:31:29,hanilee@test.com,2025-08-13 12:15:22,True,25.08,38.03,75.62,2
2025-08-13 12:31:29,tim@test.com,2025-08-13 11:33:22,True,32.59,16.55,42.82,2
2025-08-13 12:31:29,fran@test.com,2025-08-13 12:13:26,True,49.81,12.96,50.13,3
2025-08-13 12:31:29,delen@test.com,2025-08-13 10:51:24,True,59.19,17.79,50.08,3
2025-08-13 12:31:29,sera@test.com,2025-08-13 11:21:22,True,50.67,17.15,28.57,2
2025-08-13 12:31:29,jack@test.com,2025-08-13 10:48:24,True,18.96,18.11,11.91,0
2025-08-13 12:31:31,alice@test.com,2025-08-13 11:43:22,True,10.57,21.33,60.05,4
2025-08-13 12:31:31,bob@test.com,2025-08-13 12:19:24,True,52.11,50.22,67.58,7
2025-08-13 12:31:31,hanilee@test.com,2025-08-13 12:15:22,True,28.16,25.9,77.58,1
2025-08-13 12:31:31,tim@test.com,2025-08-13 11:33:22,True,34.45,17.41,39.11,1
2025-08-13 12:31:31,fran@test.com,2025-08-13 12:13:26,True,39.45,8.96,51.66,4
2025-08-13 12:31:31,delen@test.com,2025-08-13 10:51:24,True,57.39,15.46,48.67,4
2025-08-13 12:31:31,sera@test.com,2025-08-13 11:21:22,True,53.11,12.15,26.1,0
2025-08-13 12:31:31,jack@test.com,2025-08-13 10:48:24,True,18.75,16.96,11.41,0
2025-08-13 12:31:33,alice@test.com,2025-08-13 11:43:22,True,12.32,19.64,61.39,1
2025-08-13 12:31:33,bob@test.com,2025-08-13 12:19:24,True,59.05,45.91,70.89,7
2025-08-13 12:31:33,hanilee@test.com,2025-08-13 12:15:22,True,26.09,25.86,78.28,3
2025-08-13 12:31:33,tim@test.com,2025-08-13 11:33:22,True,39.12,12.55,39.91,2
2025-08-13 12:31:33,fran@test.com,2025-08-13 12:13:26,True,48.6,10.03,51.28,1
2025-08-13 12:31:33,delen@test.com,2025-08-13 10:51:24,True,55.07,16.02,50.92,5
2025-08-13 12:31:33,sera@test.com,2025-08-13 11:21:22,True,45.56,17.35,23.4,1
2025-08-13 12:31:33,jack@test.com,2025-08-13 10:48:24,True,16.69,20.16,12.37,0
2025-08-13 12:31:35,alice@test.com,2025-08-13 11:43:22,True,12.99,22.42,62.67,2
2025-08-13 12:31:35,bob@test.com,2025-08-13 12:19:24,True,57.83,41.3,66.62,5
2025-08-13 12:31:35,hanilee@test.com,2025-08-13 12:15:22,True,24.35,32.63,76.43,6
2025-08-13 12:31:35,tim@test.com,2025-08-13 11:33:22,True,30.4,12.91,37.05,2
2025-08-13 12:31:35,fran@test.com,2025-08-13 12:13:26,True,47.24,16.79,49.45,2
2025-08-13 12:31:35,delen@test.com,2025-08-13 10:51:24,True,53.82,13.86,52.39,3
2025-08-13 12:31:35,sera@test.com,2025-08-13 11:21:22,True,48.76,19.64,25.78,0
2025-08-13 12:31:35,jack@test.com,2025-08-13 10:48:24,True,23.4,20.67,10.76,1
2025-08-13 12:31:37,alice@test.com,2025-08-13 11:43:22,True,8.17,16.62,64.27,1
2025-08-13 12:31:37,bob@test.com,2025-08-13 12:19:24,True,58.86,44.39,73.62,5
2025-08-13 12:31:37,hanilee@test.com,2025-08-13 12:15:22,True,25.14,31.08,73.61,2
2025-08-13 12:31:37,tim@test.com,2025-08-13 11:33:22,True,33.72,4.15,39.85,2
2025-08-13 12:31:37,fran@test.com,2025-08-13 12:13:26,True,45.91,11.05,50.07,2
2025-08-13 12:31:37,delen@test.com,2025-08-13 10:51:24,True,54.78,11.76,51.26,4
2025-08-13 12:31:37,sera@test.com,2025-08-13 11:21:22,True,46.41,14.32,24.79,1
2025-08-13 12:31:37,jack@test.com,2025-08-13 10:48:24,True,24.82,18.61,14.14,2
2025-08-13 12:31:39,alice@test.com,2025-08-13 11:43:22,True,7.92,18.92,58.88,3
2025-08-13 12:31:39,bob@test.com,2025-08-13 12:19:24,True,59.25,43.38,68.86,6
2025-08-13 12:31:39,hanilee@test.com,2025-08-13 12:15:22,True,28.59,29.97,74.68,4
2025-08-13 12:31:39,tim@test.com,2025-08-13 11:33:22,True,45.36,9.39,37.92,1
2025-08-13 12:31:39,fran@test.com,2025-08-13 12:13:26,True,48.82,15.17,49.78,2
2025-08-13 12:31:39,delen@test.com,2025-08-13 10:51:24,True,57.55,17.66,50.01,4
2025-08-13 12:31:39,sera@test.com,2025-08-13 11:21:22,True,49.75,13.77,26.82,2
2025-08-13 12:31:39,jack@test.com,2025-08-13 10:48:24,True,14.23,14.45,11.29,0
2025-08-13 12:31:41,alice@test.com,2025-08-13 11:43:22,True,10.76,20.61,66.57,1
2025-08-13 12:31:41,bob@test.com,2025-08-13 12:19:24,True,61.66,50.06,72.92,7
2025-08-13 12:31:41,hanilee@test.com,2025-08-13 12:15:22,True,23.55,31.34,78.71,4
2025-08-13 12:31:41,tim@test.com,2025-08-13 11:33:22,True,31.38,14.12,41.56,2
2025-08-13 12:31:41,fran@test.com,2025-08-13 12:13:26,True,48.04,17.79,49.5,3
2025-08-13 12:31:41,delen@test.com,2025-08-13 10:51:24,True,52.85,16.82,48.11,3
2025-08-13 12:31:41,sera@test.com,2025-08-13 11:21:22,True,48.17,18.74,27.82,2
2025-08-13 12:31:41,jack@test.com,2025-08-13 10:48:24,True,20.45,16.09,9.74,1
2025-08-13 12:31:43,alice@test.com,2025-08-13 11:43:22,True,15.2,18.39,62.43,1
2025-08-13 12:31:43,bob@test.com,2025-08-13 12:19:24,True,58.08,43.08,67.15,6
2025-08-13 12:31:43,hanilee@test.com,2025-08-13 12:15:22,True,26.54,29.84,71.89,0
2025-08-13 12:31:43,tim@test.com,2025-08-13 11:33:22,True,35.31,14.39,38.13,1
2025-08-13 12:31:43,fran@test.com,2025-08-13 12:13:26,True,43.24,12.26,50.0,2
2025-08-13 12:31:43,delen@test.com,2025-08-13 10:51:24,True,58.56,17.84,51.7,3
2025-08-13 12:31:43,sera@test.com,2025-08-13 11:21:22,True,47.61,20.23,27.52,1
2025-08-13 12:31:43,jack@test.com,2025-08-13 10:48:24,True,15.73,7.84,8.69,0
2025-08-13 12:31:45,alice@test.com,2025-08-13 11:43:22,True,12.93,21.69,62.91,0
2025-08-13 12:31:45,bob@test.com,2025-08-13 12:19:24,True,58.52,43.99,69.52,5
2025-08-13 12:31:45,hanilee@test.com,2025-08-13 12:15:22,True,23.01,33.87,73.7,3
2025-08-13 12:31:45,tim@test.com,2025-08-13 11:33:22,True,30.63,16.47,41.72,1
2025-08-13 12:31:45,fran@test.com,2025-08-13 12:13:26,True,43.49,9.51,50.23,4
2025-08-13 12:31:45,delen@test.com,2025-08-13 10:51:24,True,58.11,16.35,49.89,3
2025-08-13 12:31:45,sera@test.com,2025-08-13 11:21:22,True,48.59,12.57,22.51,2
2025-08-13 12:31:45,jack@test.com,2025-08-13 10:48:24,True,25.92,20.26,10.2,0
2025-08-13 12:31:47,alice@test.com,2025-08-13 11:43:22,True,13.1,20.8,62.91,2
2025-08-13 12:31:47,bob@test.com,2025-08-13 12:19:24,True,62.94,41.46,71.84,5
2025-08-13 12:31:47,hanilee@test.com,2025-08-13 12:15:22,True,28.55,31.1,76.71,3
2025-08-13 12:31:47,tim@test.com,2025-08-13 11:33:22,True,33.55,9.09,39.05,1
2025-08-13 12:31:47,fran@test.com,2025-08-13 12:13:26,True,43.64,14.44,47.6,2
2025-08-13 12:31:47,delen@test.com,2025-08-13 10:51:24,True,60.82,18.63,50.57,3
2025-08-13 12:31:47,sera@test.com,2025-08-13 11:21:22,True,50.21,16.16,25.94,0
2025-08-13 12:31:47,jack@test.com,2025-08-13 10:48:24,True,17.62,16.28,12.75,1
2025-08-13 12:31:49,alice@test.com,2025-08-13 11:43:22,True,13.64,14.7,61.36,3
2025-08-13 12:31:49,bob@test.com,2025-08-13 12:19:24,True,62.05,44.87,70.99,4
2025-08-13 12:31:49,hanilee@test.com,2025-08-13 12:15:22,True,28.6,30.58,73.95,2
2025-08-13 12:31:49,tim@test.com,2025-08-13 11:33:22,True,37.98,12.03,37.29,2
2025-08-13 12:31:49,fran@test.com,2025-08-13 12:13:26,True,49.34,15.18,51.43,3
2025-08-13 12:31:49,delen@test.com,2025-08-13 10:51:24,True,60.62,15.28,49.58,4
2025-08-13 12:31:49,sera@test.com,2025-08-13 11:21:22,True,45.79,17.31,22.25,1
2025-08-13 12:31:49,jack@test.com,2025-08-13 10:48:24,True,17.82,19.17,10.56,0
2025-08-13 12:31:51,alice@test.com,2025-08-13 11:43:22,True,12.4,19.86,60.2,1
2025-08-13 12:31:51,bob@test.com,2025-08-13 12:19:24,True,65.56,40.14,72.62,7
2025-08-13 12:31:51,hanilee@test.com,2025-08-13 12:15:22,True,21.66,31.43,78.54,5
2025-08-13 12:31:51,tim@test.com,2025-08-13 11:33:22,True,36.94,13.38,41.06,1
2025-08-13 12:31:51,fran@test.com,2025-08-13 12:13:26,True,49.86,12.64,47.8,2
2025-08-13 12:31:51,delen@test.com,2025-08-13 10:51:24,True,56.37,15.98,47.82,3
2025-08-13 12:31:51,sera@test.com,2025-08-13 11:21:22,True,46.61,14.22,25.59,4
2025-08-13 12:31:51,jack@test.com,2025-08-13 10:48:24,True,16.09,14.12,7.13,1
2025-08-13 12:31:53,alice@test.com,2025-08-13 11:43:22,True,10.26,24.69,59.34,2
2025-08-13 12:31:53,bob@test.com,2025-08-13 12:19:24,True,59.09,45.89,68.05,5
2025-08-13 12:31:53,hanilee@test.com,2025-08-13 12:15:22,True,25.68,26.76,76.77,3
2025-08-13 12:31:53,tim@test.com,2025-08-13 11:33:22,True,33.74,9.88,38.88,1
2025-08-13 12:31:53,fran@test.com,2025-08-13 12:13:26,True,48.1,10.7,52.63,2
2025-08-13 12:31:53,delen@test.com,2025-08-13 10:51:24,True,57.69,10.53,53.54,4
2025-08-13 12:31:53,sera@test.com,2025-08-13 11:21:22,True,49.8,17.79,26.74,1
2025-08-13 12:31:53,jack@test.com,2025-08-13 10:48:24,True,18.95,14.09,11.02,0
2025-08-13 12:31:55,alice@test.com,2025-08-13 11:43:22,True,9.24,21.99,61.12,2
2025-08-13 12:31:55,bob@test.com,2025-08-13 12:19:24,True,62.23,36.55,72.25,4
2025-08-13 12:31:55,hanilee@test.com,2025-08-13 12:15:22,True,28.74,25.93,75.99,2
2025-08-13 12:31:55,tim@test.com,2025-08-13 11:33:22,True,32.93,9.54,42.09,0
2025-08-13 12:31:55,fran@test.com,2025-08-13 12:13:26,True,42.77,15.35,51.37,1
2025-08-13 12:31:55,delen@test.com,2025-08-13 10:51:24,True,55.61,13.18,53.76,5
2025-08-13 12:31:55,sera@test.com,2025-08-13 11:21:22,True,54.69,18.34,26.47,0
2025-08-13 12:31:55,jack@test.com,2025-08-13 10:48:24,True,16.55,12.85,9.29,1
2025-08-13 12:31:57,alice@test.com,2025-08-13 11:43:22,True,14.2,15.63,61.63,3
2025-08-13 12:31:57,bob@test.com,2025-08-13 12:19:24,True,61.32,37.91,68.04,6
2025-08-13 12:31:57,hanilee@test.com,2025-08-13 12:15:22,True,20.91,30.41,78.72,2
2025-08-13 12:31:57,tim@test.com,2025-08-13 11:33:22,True,31.6,10.01,42.94,1
2025-08-13 12:31:57,fran@test.com,2025-08-13 12:13:26,True,47.47,14.18,50.08,3
2025-08-13 12:31:57,delen@test.com,2025-08-13 10:51:24,True,54.85,11.55,44.9,5
2025-08-13 12:31:57,sera@test.com,2025-08-13 11:21:22,True,52.19,14.17,24.48,2
2025-08-13 12:31:57,jack@test.com,2025-08-13 10:48:24,True,23.28,23.6,13.4,2
2025-08-13 12:31:59,alice@test.com,2025-08-13 11:43:22,True,16.03,16.72,60.91,1
2025-08-13 12:31:59,bob@test.com,2025-08-13 12:19:24,True,58.67,49.58,68.77,5
2025-08-13 12:31:59,hanilee@test.com,2025-08-13 12:15:22,True,24.49,32.15,78.64,1
2025-08-13 12:31:59,tim@test.com,2025-08-13 11:33:22,True,37.63,13.39,37.44,1
2025-08-13 12:31:59,fran@test.com,2025-08-13 12:13:26,True,49.23,12.68,53.86,4
2025-08-13 12:31:59,delen@test.com,2025-08-13 10:51:24,True,50.58,18.26,52.0,2
2025-08-13 12:31:59,sera@test.com,2025-08-13 11:21:22,True,51.54,15.01,22.26,0
2025-08-13 12:31:59,jack@test.com,2025-08-13 10:48:24,True,18.68,16.8,11.21,0
2025-08-13 12:32:01,alice@test.com,2025-08-13 11:43:22,True,12.65,20.18,64.26,0
2025-08-13 12:32:01,bob@test.com,2025-08-13 12:19:24,True,65.69,45.82,67.97,5
2025-08-13 12:32:01,hanilee@test.com,2025-08-13 12:15:22,True,27.41,29.73,78.47,4
2025-08-13 12:32:01,tim@test.com,2025-08-13 11:33:22,True,35.43,11.73,40.4,1
2025-08-13 12:32:01,fran@test.com,2025-08-13 12:13:26,True,50.1,17.15,49.3,0
2025-08-13 12:32:01,delen@test.com,2025-08-13 10:51:24,True,55.16,13.72,48.37,2
2025-08-13 12:32:01,sera@test.com,2025-08-13 11:21:22,True,46.81,14.82,24.76,1
2025-08-13 12:32:01,jack@test.com,2025-08-13 10:48:24,True,19.71,12.51,7.89,1
2025-08-13 12:32:03,alice@test.com,2025-08-13 11:43:22,True,9.63,21.38,63.45,0
2025-08-13 12:32:03,bob@test.com,2025-08-13 12:19:24,True,60.12,47.15,74.65,6
2025-08-13 12:32:03,hanilee@test.com,2025-08-13 12:15:22,True,23.4,29.09,73.77,3
2025-08-13 12:32:03,tim@test.com,2025-08-13 11:33:22,True,35.95,8.0,37.75,2
2025-08-13 12:32:03,fran@test.com,2025-08-13 12:13:26,True,38.93,14.22,49.21,2
2025-08-13 12:32:03,delen@test.com,2025-08-13 10:51:24,True,60.9,15.59,48.38,2
2025-08-13 12:32:03,sera@test.com,2025-08-13 11:21:22,True,49.78,13.04,24.02,2
2025-08-13 12:32:03,jack@test.com,2025-08-13 10:48:24,True,21.51,20.56,12.68,1
2025-08-13 12:32:05,alice@test.com,2025-08-13 11:43:22,True,13.04,13.26,58.93,1
2025-08-13 12:32:05,bob@test.com,2025-08-13 12:19:24,True,57.65,43.49,67.45,7
2025-08-13 12:32:05,hanilee@test.com,2025-08-13 12:15:22,True,25.85,28.24,76.24,2
2025-08-13 12:32:05,tim@test.com,2025-08-13 11:33:22,True,35.99,9.78,38.05,1
2025-08-13 12:32:05,fran@test.com,2025-08-13 12:13:26,True,48.21,12.96,48.41,1
2025-08-13 12:32:05,delen@test.com,2025-08-13 10:51:24,True,55.33,14.46,45.94,6
2025-08-13 12:32:05,sera@test.com,2025-08-13 11:21:22,True,54.16,18.84,25.15,1
2025-08-13 12:32:05,jack@test.com,2025-08-13 10:48:24,True,19.05,16.19,12.48,0
2025-08-13 12:32:07,alice@test.com,2025-08-13 11:43:22,True,13.63,22.49,64.64,0
2025-08-13 12:32:07,bob@test.com,2025-08-13 12:19:24,True,53.96,43.31,71.74,7
2025-08-13 12:32:07,hanilee@test.com,2025-08-13 12:15:22,True,27.55,33.23,73.78,3
2025-08-13 12:32:07,tim@test.com,2025-08-13 11:33:22,True,36.04,12.37,39.4,1
2025-08-13 12:32:07,fran@test.com,2025-08-13 12:13:26,True,50.15,11.23,47.45,3
2025-08-13 12:32:07,delen@test.com,2025-08-13 10:51:24,True,53.12,9.13,50.6,3
2025-08-13 12:32:07,sera@test.com,2025-08-13 11:21:22,True,49.48,19.53,23.57,3
2025-08-13 12:32:07,jack@test.com,2025-08-13 10:48:24,True,23.99,18.66,8.54,0
2025-08-13 12:32:09,alice@test.com,2025-08-13 11:43:22,True,11.57,19.6,62.56,0
2025-08-13 12:32:09,bob@test.com,2025-08-13 12:19:24,True,59.46,46.24,72.05,6
2025-08-13 12:32:09,hanilee@test.com,2025-08-13 12:15:22,True,21.79,26.93,74.23,3
2025-08-13 12:32:09,tim@test.com,2025-08-13 11:33:22,True,37.12,9.25,41.99,2
2025-08-13 12:32:09,fran@test.com,2025-08-13 12:13:26,True,45.57,12.79,51.52,1
2025-08-13 12:32:09,delen@test.com,2025-08-13 10:51:24,True,52.35,12.47,48.5,4
2025-08-13 12:32:09,sera@test.com,2025-08-13 11:21:22,True,50.25,13.35,26.11,2
2025-08-13 12:32:09,jack@test.com,2025-08-13 10:48:24,True,21.74,14.99,12.25,1
2025-08-13 12:32:11,alice@test.com,2025-08-13 11:43:22,True,12.14,24.81,61.49,1
2025-08-13 12:32:11,bob@test.com,2025-08-13 12:19:24,True,64.2,45.25,65.57,6
2025-08-13 12:32:11,hanilee@test.com,2025-08-13 12:15:22,True,28.66,27.91,78.32,3
2025-08-13 12:32:11,tim@test.com,2025-08-13 11:33:22,True,31.51,11.16,40.09,4
2025-08-13 12:32:11,fran@test.com,2025-08-13 12:13:26,True,43.11,14.74,51.3,2
2025-08-13 12:32:11,delen@test.com,2025-08-13 10:51:24,True,62.85,14.14,49.56,3
2025-08-13 12:32:11,sera@test.com,2025-08-13 11:21:22,True,50.58,12.52,25.0,1
2025-08-13 12:32:11,jack@test.com,2025-08-13 10:48:24,True,11.85,17.44,8.32,1
2025-08-13 12:32:13,alice@test.com,2025-08-13 11:43:22,True,5.73,18.89,60.59,1
2025-08-13 12:32:13,bob@test.com,2025-08-13 12:19:24,True,55.95,43.02,69.34,6
2025-08-13 12:32:13,hanilee@test.com,2025-08-13 12:15:22,True,26.05,30.79,76.86,3
2025-08-13 12:32:13,tim@test.com,2025-08-13 11:33:22,True,36.11,8.1,40.58,1
2025-08-13 12:32:13,fran@test.com,2025-08-13 12:13:26,True,41.86,15.07,47.26,4
2025-08-13 12:32:13,delen@test.com,2025-08-13 10:51:24,True,48.85,7.59,52.13,5
2025-08-13 12:32:13,sera@test.com,2025-08-13 11:21:22,True,51.34,15.39,26.66,0
2025-08-13 12:32:13,jack@test.com,2025-08-13 10:48:24,True,22.59,14.02,10.04,0
2025-08-13 12:32:15,alice@test.com,2025-08-13 11:43:22,True,9.85,20.24,62.93,3
2025-08-13 12:32:15,bob@test.com,2025-08-13 12:19:24,True,58.21,44.78,70.86,3
2025-08-13 12:32:15,hanilee@test.com,2025-08-13 12:15:22,True,25.48,29.07,74.94,2
2025-08-13 12:32:15,tim@test.com,2025-08-13 11:33:22,True,36.25,10.1,39.93,3
2025-08-13 12:32:15,fran@test.com,2025-08-13 12:13:26,True,41.55,13.31,50.53,2
2025-08-13 12:32:15,delen@test.com,2025-08-13 10:51:24,True,54.98,20.36,50.53,3
2025-08-13 12:32:15,sera@test.com,2025-08-13 11:21:22,True,48.23,18.16,23.77,1
2025-08-13 12:32:15,jack@test.com,2025-08-13 10:48:24,True,21.2,13.38,10.61,1
2025-08-13 12:32:17,alice@test.com,2025-08-13 11:43:22,True,7.87,24.14,61.45,2
2025-08-13 12:32:17,bob@test.com,2025-08-13 12:19:24,True,58.1,44.87,70.33,6
2025-08-13 12:32:17,hanilee@test.com,2025-08-13 12:15:22,True,24.66,20.57,75.34,4
2025-08-13 12:32:17,tim@test.com,2025-08-13 11:33:22,True,33.51,17.4,41.87,1
2025-08-13 12:32:17,fran@test.com,2025-08-13 12:13:26,True,48.26,10.85,50.57,3
2025-08-13 12:32:17,delen@test.com,2025-08-13 10:51:24,True,60.19,15.71,50.84,2
2025-08-13 12:32:17,sera@test.com,2025-08-13 11:21:22,True,48.92,16.9,23.47,3
2025-08-13 12:32:17,jack@test.com,2025-08-13 10:48:24,True,24.7,15.03,10.12,2
2025-08-13 12:32:19,alice@test.com,2025-08-13 11:43:22,True,8.8,24.91,61.84,1
2025-08-13 12:32:19,bob@test.com,2025-08-13 12:19:24,True,63.83,44.01,69.83,6
2025-08-13 12:32:19,hanilee@test.com,2025-08-13 12:15:22,True,27.13,29.28,77.58,2
2025-08-13 12:32:19,tim@test.com,2025-08-13 11:33:22,True,32.41,5.94,42.73,3
2025-08-13 12:32:19,fran@test.com,2025-08-13 12:13:26,True,47.07,11.53,48.67,2
2025-08-13 12:32:19,delen@test.com,2025-08-13 10:51:24,True,52.8,11.49,48.57,4
2025-08-13 12:32:19,sera@test.com,2025-08-13 11:21:22,True,52.9,17.02,27.68,3
2025-08-13 12:32:19,jack@test.com,2025-08-13 10:48:24,True,21.4,15.97,11.49,0
2025-08-13 12:32:21,alice@test.com,2025-08-13 11:43:22,True,4.88,22.84,65.55,0
2025-08-13 12:32:21,bob@test.com,2025-08-13 12:19:24,True,59.14,43.11,70.64,6
2025-08-13 12:32:21,hanilee@test.com,2025-08-13 12:15:22,True,28.62,31.21,76.67,3
2025-08-13 12:32:21,tim@test.com,2025-08-13 11:33:22,True,40.67,14.91,37.11,1
2025-08-13 12:32:21,fran@test.com,2025-08-13 12:13:26,True,49.45,15.22,47.35,0
2025-08-13 12:32:21,delen@test.com,2025-08-13 10:51:24,True,51.53,15.7,50.01,3
2025-08-13 12:32:21,sera@test.com,2025-08-13 11:21:22,True,51.34,23.17,25.17,1
2025-08-13 12:32:21,jack@test.com,2025-08-13 10:48:24,True,19.08,15.0,11.25,0
2025-08-13 12:32:23,alice@test.com,2025-08-13 11:43:22,True,7.18,18.45,62.91,2
2025-08-13 12:32:23,bob@test.com,2025-08-13 12:19:24,True,57.78,43.24,69.7,5
2025-08-13 12:32:23,hanilee@test.com,2025-08-13 12:15:22,True,25.6,33.89,74.88,5
2025-08-13 12:32:23,tim@test.com,2025-08-13 11:33:22,True,40.11,13.99,39.83,2
2025-08-13 12:32:23,fran@test.com,2025-08-13 12:13:26,True,44.68,12.51,50.63,2
2025-08-13 12:32:23,delen@test.com,2025-08-13 10:51:24,True,52.78,21.32,52.42,4
2025-08-13 12:32:23,sera@test.com,2025-08-13 11:21:22,True,47.82,14.51,21.65,2
2025-08-13 12:32:23,jack@test.com,2025-08-13 10:48:24,True,16.68,15.99,10.34,0
2025-08-13 12:32:25,alice@test.com,2025-08-13 11:43:22,True,9.35,26.53,59.17,1
2025-08-13 12:32:25,bob@test.com,2025-08-13 12:19:24,True,58.67,46.85,72.82,7
2025-08-13 12:32:25,hanilee@test.com,2025-08-13 12:15:22,True,21.83,32.75,76.82,3
2025-08-13 12:32:25,tim@test.com,2025-08-13 11:33:22,True,40.89,8.01,41.77,1
2025-08-13 12:32:25,fran@test.com,2025-08-13 12:13:26,True,44.72,12.86,51.01,1
2025-08-13 12:32:25,delen@test.com,2025-08-13 10:51:24,True,52.25,17.09,46.32,4
2025-08-13 12:32:25,sera@test.com,2025-08-13 11:21:22,True,52.68,18.6,24.17,1
2025-08-13 12:32:25,jack@test.com,2025-08-13 10:48:24,True,19.41,14.63,10.24,0
2025-08-13 12:32:27,alice@test.com,2025-08-13 11:43:22,True,7.15,23.14,60.51,1
2025-08-13 12:32:27,bob@test.com,2025-08-13 12:19:24,True,64.22,44.25,69.02,8
2025-08-13 12:32:27,hanilee@test.com,2025-08-13 12:15:22,True,27.52,28.54,73.66,2
2025-08-13 12:32:27,tim@test.com,2025-08-13 11:33:22,True,36.24,15.53,40.25,1
2025-08-13 12:32:27,fran@test.com,,False,0.0,0.0,0.0,0
2025-08-13 12:32:27,delen@test.com,2025-08-13 10:51:24,True,47.75,15.41,47.4,3
2025-08-13 12:32:27,sera@test.com,2025-08-13 11:21:22,True,49.27,17.57,23.92,3
2025-08-13 12:32:27,jack@test.com,2025-08-13 10:48:24,True,27.1,13.38,10.9,1
2025-08-13 12:32:29,alice@test.com,2025-08-13 11:43:22,True,9.98,17.82,63.57,2
2025-08-13 12:32:29,bob@test.com,2025-08-13 12:19:24,True,56.94,44.4,69.33,5
2025-08-13 12:32:29,hanilee@test.com,2025-08-13 12:15:22,True,26.56,25.48,74.27,2
2025-08-13 12:32:29,tim@test.com,2025-08-13 11:33:22,True,30.95,14.27,42.14,0
2025-08-13 12:32:29,fran@test.com,,False,0.0,0.0,0.0,0
2025-08-13 12:32:29,delen@test.com,2025-08-13 10:51:24,True,53.76,13.9,47.83,3
2025-08-13 12:32:29,sera@test.com,2025-08-13 11:21:22,True,42.69,18.71,23.9,0
2025-08-13 12:32:29,jack@test.com,2025-08-13 10:48:24,True,18.61,15.56,9.81,1
2025-08-13 12:32:31,alice@test.com,2025-08-13 11:43:22,True,2.55,17.5,59.67,0
2025-08-13 12:32:31,bob@test.com,2025-08-13 12:19:24,True,54.44,50.2,69.85,8
2025-08-13 12:32:31,hanilee@test.com,2025-08-13 12:15:22,True,20.7,29.76,79.67,3
2025-08-13 12:32:31,tim@test.com,2025-08-13 11:33:22,True,32.7,9.22,40.86,2
2025-08-13 12:32:31,fran@test.com,2025-08-13 11:41:31,True,50.22,14.14,48.18,2
2025-08-13 12:32:31,delen@test.com,2025-08-13 10:51:24,True,55.66,13.05,48.7,2
2025-08-13 12:32:31,sera@test.com,2025-08-13 11:21:22,True,52.39,15.81,29.0,1
2025-08-13 12:32:31,jack@test.com,2025-08-13 10:48:24,True,20.21,13.26,11.15,1
2025-08-13 12:32:33,alice@test.com,2025-08-13 11:43:22,True,9.92,19.67,61.72,3
2025-08-13 12:32:33,bob@test.com,2025-08-13 12:19:24,True,59.78,44.04,70.95,6
2025-08-13 12:32:33,hanilee@test.com,2025-08-13 12:15:22,True,28.02,26.2,73.62,3
2025-08-13 12:32:33,tim@test.com,2025-08-13 11:33:22,True,33.07,7.37,39.3,0
2025-08-13 12:32:33,fran@test.com,2025-08-13 11:41:31,True,45.71,16.38,52.02,2
2025-08-13 12:32:33,delen@test.com,2025-08-13 10:51:24,True,53.23,14.58,44.24,1
2025-08-13 12:32:33,sera@test.com,2025-08-13 11:21:22,True,50.66,12.35,28.23,0
2025-08-13 12:32:33,jack@test.com,2025-08-13 10:48:24,True,19.87,10.74,8.99,3
2025-08-13 12:32:35,alice@test.com,2025-08-13 11:43:22,True,9.25,15.02,64.34,3
2025-08-13 12:32:35,bob@test.com,2025-08-13 12:19:24,True,58.22,41.35,66.79,5
2025-08-13 12:32:35,hanilee@test.com,2025-08-13 12:15:22,True,28.05,29.99,75.11,2
2025-08-13 12:32:35,tim@test.com,2025-08-13 11:33:22,True,31.36,7.23,37.18,1
2025-08-13 12:32:35,fran@test.com,2025-08-13 11:41:31,True,41.31,8.87,49.61,2
2025-08-13 12:32:35,delen@test.com,2025-08-13 10:51:24,True,55.46,11.8,50.76,5
2025-08-13 12:32:35,sera@test.com,2025-08-13 11:21:22,True,52.49,13.58,20.62,1
2025-08-13 12:32:35,jack@test.com,2025-08-13 10:48:24,True,17.6,20.63,11.97,1
2025-08-13 12:32:37,alice@test.com,2025-08-13 11:43:22,True,10.01,22.95,65.11,1
2025-08-13 12:32:37,bob@test.com,2025-08-13 12:19:24,True,62.89,40.07,67.32,4
2025-08-13 12:32:37,hanilee@test.com,2025-08-13 12:15:22,True,27.59,25.28,74.3,3
2025-08-13 12:32:37,tim@test.com,2025-08-13 11:33:22,True,38.15,11.94,39.33,0
2025-08-13 12:32:37,fran@test.com,2025-08-13 11:41:31,True,47.14,13.25,51.68,2
2025-08-13 12:32:37,delen@test.com,2025-08-13 10:51:24,True,58.61,17.64,48.39,4
2025-08-13 12:32:37,sera@test.com,2025-08-13 11:21:22,True,48.17,14.22,25.69,3
2025-08-13 12:32:37,jack@test.com,2025-08-13 10:48:24,True,16.06,16.54,11.05,0
2025-08-13 12:32:39,alice@test.com,2025-08-13 11:43:22,True,6.62,20.24,60.04,2
2025-08-13 12:32:39,bob@test.com,2025-08-13 12:19:24,True,61.53,46.82,69.12,8
2025-08-13 12:32:39,hanilee@test.com,2025-08-13 12:15:22,True,24.38,30.32,77.9,2
2025-08-13 12:32:39,tim@test.com,2025-08-13 11:33:22,True,33.36,12.59,38.51,1
2025-08-13 12:32:39,fran@test.com,2025-08-13 11:41:31,True,48.38,14.14,51.32,3
2025-08-13 12:32:39,delen@test.com,2025-08-13 10:51:24,True,53.18,15.5,47.75,5
2025-08-13 12:32:39,sera@test.com,2025-08-13 11:21:22,True,48.5,15.2,26.56,1
2025-08-13 12:32:39,jack@test.com,2025-08-13 10:48:24,True,26.01,17.64,7.9,0
2025-08-13 12:32:41,alice@test.com,2025-08-13 11:43:22,True,8.81,23.01,63.99,1
2025-08-13 12:32:41,bob@test.com,2025-08-13 12:19:24,True,60.19,50.1,70.32,7
2025-08-13 12:32:41,hanilee@test.com,2025-08-13 12:15:22,True,28.28,27.76,76.61,4
2025-08-13 12:32:41,tim@test.com,2025-08-13 11:33:22,True,28.84,12.05,40.86,1
2025-08-13 12:32:41,fran@test.com,2025-08-13 11:41:31,True,48.43,10.64,48.88,3
2025-08-13 12:32:41,delen@test.com,2025-08-13 10:51:24,True,58.72,17.55,49.61,3
2025-08-13 12:32:41,sera@test.com,2025-08-13 11:21:22,True,46.35,20.36,25.23,5
2025-08-13 12:32:41,jack@test.com,2025-08-13 10:48:24,True,25.68,17.99,8.49,0
2025-08-13 12:32:43,alice@test.com,2025-08-13 11:43:22,True,12.68,17.81,62.46,2
2025-08-13 12:32:43,bob@test.com,2025-08-13 12:19:24,True,62.79,41.39,72.84,7
2025-08-13 12:32:43,hanilee@test.com,2025-08-13 12:15:22,True,27.22,34.5,76.3,1
2025-08-13 12:32:43,tim@test.com,2025-08-13 11:33:22,True,36.0,9.97,37.08,0
2025-08-13 12:32:43,fran@test.com,2025-08-13 11:41:31,True,41.16,9.89,46.57,2
2025-08-13 12:32:43,delen@test.com,2025-08-13 10:51:24,True,55.96,10.89,49.12,4
2025-08-13 12:32:43,sera@test.com,2025-08-13 11:21:22,True,45.74,18.29,24.04,1
2025-08-13 12:32:43,jack@test.com,2025-08-13 10:48:24,True,24.07,19.38,12.01,1
2025-08-13 12:32:45,alice@test.com,2025-08-13 11:43:22,True,12.83,18.85,60.25,2
2025-08-13 12:32:45,bob@test.com,2025-08-13 12:19:24,True,60.58,43.44,71.93,6
2025-08-13 12:32:45,hanilee@test.com,2025-08-13 12:15:22,True,28.55,26.98,79.54,2
2025-08-13 12:32:45,tim@test.com,2025-08-13 11:33:22,True,32.3,12.79,39.73,2
2025-08-13 12:32:45,fran@test.com,2025-08-13 11:41:31,True,40.01,8.45,51.29,3
2025-08-13 12:32:45,delen@test.com,2025-08-13 10:51:24,True,56.22,16.55,48.24,2
2025-08-13 12:32:45,sera@test.com,2025-08-13 11:21:22,True,48.08,19.5,23.27,1
2025-08-13 12:32:45,jack@test.com,2025-08-13 10:48:24,True,22.11,10.02,9.79,0
2025-08-13 12:32:47,alice@test.com,2025-08-13 11:43:22,True,6.69,16.99,59.44,2
2025-08-13 12:32:47,bob@test.com,2025-08-13 12:19:24,True,66.4,44.62,69.39,5
2025-08-13 12:32:47,hanilee@test.com,2025-08-13 12:15:22,True,22.54,33.11,79.87,3
2025-08-13 12:32:47,tim@test.com,2025-08-13 11:33:22,True,35.11,7.26,40.65,0
2025-08-13 12:32:47,fran@test.com,2025-08-13 11:41:31,True,42.41,6.52,51.98,3
2025-08-13 12:32:47,delen@test.com,2025-08-13 10:51:24,True,53.37,18.17,50.22,3
2025-08-13 12:32:47,sera@test.com,2025-08-13 11:21:22,True,49.1,12.97,24.72,0
2025-08-13 12:32:47,jack@test.com,2025-08-13 10:48:24,True,13.26,19.34,8.4,1
2025-08-13 12:32:49,alice@test.com,2025-08-13 11:43:22,True,11.5,20.72,62.69,2
2025-08-13 12:32:49,bob@test.com,2025-08-13 12:19:24,True,58.46,41.53,69.62,5
2025-08-13 12:32:49,hanilee@test.com,2025-08-13 12:15:22,True,22.59,28.6,77.11,2
2025-08-13 12:32:49,tim@test.com,2025-08-13 11:33:22,True,34.74,12.54,38.78,1
2025-08-13 12:32:49,fran@test.com,2025-08-13 11:41:31,True,42.97,16.92,46.77,2
2025-08-13 12:32:49,delen@test.com,2025-08-13 10:51:24,True,54.6,11.04,45.2,3
2025-08-13 12:32:49,sera@test.com,2025-08-13 11:21:22,True,47.84,11.98,25.31,1
2025-08-13 12:32:49,jack@test.com,2025-08-13 10:48:24,True,25.03,16.36,13.04,0
2025-08-13 12:32:51,alice@test.com,2025-08-13 11:43:22,True,13.94,18.0,61.93,1
2025-08-13 12:32:51,bob@test.com,2025-08-13 12:19:24,True,63.34,43.13,67.82,6
2025-08-13 12:32:51,hanilee@test.com,2025-08-13 12:15:22,True,21.56,29.58,80.61,3
2025-08-13 12:32:51,tim@test.com,2025-08-13 11:33:22,True,37.49,8.54,34.32,0
2025-08-13 12:32:51,fran@test.com,2025-08-13 11:41:31,True,46.43,13.72,45.16,2
2025-08-13 12:32:51,delen@test.com,2025-08-13 10:51:24,True,62.56,15.35,49.06,3
2025-08-13 12:32:51,sera@test.com,2025-08-13 11:21:22,True,43.7,14.26,28.43,0
2025-08-13 12:32:51,jack@test.com,2025-08-13 10:48:24,True,15.88,16.55,7.83,3
2025-08-13 12:32:53,alice@test.com,2025-08-13 11:43:22,True,8.65,24.2,60.89,2
2025-08-13 12:32:53,bob@test.com,2025-08-13 12:19:24,True,60.41,46.86,70.94,6
2025-08-13 12:32:53,hanilee@test.com,2025-08-13 12:15:22,True,24.26,23.46,75.73,1
2025-08-13 12:32:53,tim@test.com,2025-08-13 11:33:22,True,34.63,11.87,40.68,1
2025-08-13 12:32:53,fran@test.com,2025-08-13 11:41:31,True,46.29,19.22,49.12,4
2025-08-13 12:32:53,delen@test.com,2025-08-13 10:51:24,True,53.54,17.19,52.49,2
2025-08-13 12:32:53,sera@test.com,2025-08-13 11:21:22,True,54.72,17.47,25.88,1
2025-08-13 12:32:53,jack@test.com,2025-08-13 10:48:24,True,21.9,19.23,7.27,1
2025-08-13 12:32:55,alice@test.com,2025-08-13 11:43:22,True,8.18,18.54,60.05,1
2025-08-13 12:32:55,bob@test.com,2025-08-13 12:19:24,True,66.23,47.15,70.27,5
2025-08-13 12:32:55,hanilee@test.com,2025-08-13 12:15:22,True,21.26,28.82,76.63,2
2025-08-13 12:32:55,tim@test.com,2025-08-13 11:33:22,True,30.59,7.28,36.92,1
2025-08-13 12:32:55,fran@test.com,2025-08-13 11:41:31,True,43.95,12.95,47.51,2
2025-08-13 12:32:55,delen@test.com,2025-08-13 10:51:24,True,56.26,12.24,51.24,4
2025-08-13 12:32:55,sera@test.com,2025-08-13 11:21:22,True,57.44,18.87,24.36,1
2025-08-13 12:32:55,jack@test.com,2025-08-13 10:48:24,True,23.57,10.2,11.43,0
2025-08-13 12:32:57,alice@test.com,2025-08-13 11:43:22,True,13.4,16.01,60.56,1
2025-08-13 12:32:57,bob@test.com,2025-08-13 12:19:24,True,62.9,43.29,65.98,5
2025-08-13 12:32:57,hanilee@test.com,2025-08-13 12:15:22,True,22.97,29.06,78.05,3
2025-08-13 12:32:57,tim@test.com,2025-08-13 11:33:22,True,44.25,11.61,36.36,2
2025-08-13 12:32:57,fran@test.com,2025-08-13 11:41:31,True,38.45,12.71,50.6,2
2025-08-13 12:32:57,delen@test.com,2025-08-13 10:51:24,True,55.86,12.38,49.69,3
2025-08-13 12:32:57,sera@test.com,2025-08-13 11:21:22,True,48.36,16.72,23.14,2
2025-08-13 12:32:57,jack@test.com,2025-08-13 10:48:24,True,22.71,18.07,10.58,1
2025-08-13 12:32:59,alice@test.com,2025-08-13 11:43:22,True,5.78,17.39,64.31,2
2025-08-13 12:32:59,bob@test.com,2025-08-13 12:19:24,True,59.81,46.91,73.33,5
2025-08-13 12:32:59,hanilee@test.com,2025-08-13 12:15:22,True,26.99,32.27,75.07,2
2025-08-13 12:32:59,tim@test.com,2025-08-13 11:33:22,True,32.68,17.04,39.75,2
2025-08-13 12:32:59,fran@test.com,2025-08-13 11:41:31,True,45.32,15.24,52.13,3
2025-08-13 12:32:59,delen@test.com,2025-08-13 10:51:24,True,52.75,8.86,51.36,3
2025-08-13 12:32:59,sera@test.com,2025-08-13 11:21:22,True,55.02,14.33,24.75,1
2025-08-13 12:32:59,jack@test.com,2025-08-13 10:48:24,True,21.56,22.48,8.53,1
2025-08-13 12:33:01,alice@test.com,2025-08-13 11:43:22,True,10.18,15.28,58.98,1
2025-08-13 12:33:01,bob@test.com,2025-08-13 12:19:24,True,58.3,47.53,68.61,6
2025-08-13 12:33:01,hanilee@test.com,2025-08-13 12:15:22,True,23.76,30.31,75.91,2
2025-08-13 12:33:01,tim@test.com,2025-08-13 11:33:22,True,36.63,10.11,40.92,1
2025-08-13 12:33:01,fran@test.com,2025-08-13 11:41:31,True,47.36,12.22,54.25,2
2025-08-13 12:33:01,delen@test.com,2025-08-13 10:51:24,True,54.58,15.97,47.81,2
2025-08-13 12:33:01,sera@test.com,2025-08-13 11:21:22,True,52.82,16.67,25.03,1
2025-08-13 12:33:01,jack@test.com,2025-08-13 10:48:24,True,15.29,17.18,9.18,3
2025-08-13 12:33:03,alice@test.com,2025-08-13 11:43:22,True,15.3,18.51,57.48,1
2025-08-13 12:33:03,bob@test.com,2025-08-13 12:19:24,True,60.51,45.05,73.49,5
2025-08-13 12:33:03,hanilee@test.com,2025-08-13 12:15:22,True,30.87,32.72,75.94,4
2025-08-13 12:33:03,tim@test.com,2025-08-13 11:33:22,True,30.53,13.92,41.8,1
2025-08-13 12:33:03,fran@test.com,2025-08-13 11:41:31,True,40.57,14.3,52.38,4
2025-08-13 12:33:03,delen@test.com,2025-08-13 10:51:24,True,51.59,13.48,49.84,4
2025-08-13 12:33:03,sera@test.com,2025-08-13 11:21:22,True,48.04,14.41,25.67,2
2025-08-13 12:33:03,jack@test.com,2025-08-13 10:48:24,True,19.46,16.27,12.19,0
2025-08-13 12:33:05,alice@test.com,2025-08-13 11:43:22,True,12.18,22.67,62.17,2
2025-08-13 12:33:05,bob@test.com,2025-08-13 12:19:24,True,61.88,44.29,67.82,6
2025-08-13 12:33:05,hanilee@test.com,2025-08-13 12:15:22,True,22.84,28.84,75.87,3
2025-08-13 12:33:05,tim@test.com,2025-08-13 11:33:22,True,37.1,8.17,43.7,1
2025-08-13 12:33:05,fran@test.com,2025-08-13 11:41:31,True,40.73,12.9,49.36,2
2025-08-13 12:33:05,delen@test.com,2025-08-13 10:51:24,True,52.84,9.21,50.01,5
2025-08-13 12:33:05,sera@test.com,2025-08-13 11:21:22,True,51.17,9.84,24.85,1
2025-08-13 12:33:05,jack@test.com,2025-08-13 10:48:24,True,24.95,15.91,9.61,1
2025-08-13 12:33:07,alice@test.com,2025-08-13 11:43:22,True,11.91,16.34,63.52,1
2025-08-13 12:33:07,bob@test.com,2025-08-13 12:19:24,True,58.67,42.59,72.06,5
2025-08-13 12:33:07,hanilee@test.com,2025-08-13 12:15:22,True,23.82,26.05,75.66,1
2025-08-13 12:33:07,tim@test.com,2025-08-13 11:33:22,True,39.46,9.53,37.79,1
2025-08-13 12:33:07,fran@test.com,2025-08-13 11:41:31,True,42.47,14.52,48.2,0
2025-08-13 12:33:07,delen@test.com,2025-08-13 10:51:24,True,57.66,9.11,48.54,4
2025-08-13 12:33:07,sera@test.com,2025-08-13 11:21:22,True,45.71,18.09,24.31,2
2025-08-13 12:33:07,jack@test.com,2025-08-13 10:48:24,True,17.78,13.85,7.49,0
2025-08-13 12:33:09,alice@test.com,2025-08-13 11:43:22,True,11.46,20.04,58.63,1
2025-08-13 12:33:09,bob@test.com,2025-08-13 12:19:24,True,60.79,46.96,73.76,6
2025-08-13 12:33:09,hanilee@test.com,2025-08-13 12:15:22,True,29.94,28.88,77.47,2
2025-08-13 12:33:09,tim@test.com,2025-08-13 11:33:22,True,39.71,10.44,42.23,1
2025-08-13 12:33:09,fran@test.com,2025-08-13 11:41:31,True,46.27,12.89,49.2,3
2025-08-13 12:33:09,delen@test.com,2025-08-13 10:51:24,True,52.71,19.93,48.04,4
2025-08-13 12:33:09,sera@test.com,2025-08-13 11:21:22,True,50.41,13.92,24.64,0
2025-08-13 12:33:09,jack@test.com,2025-08-13 10:48:24,True,20.82,22.56,12.21,0
2025-08-13 12:33:11,alice@test.com,2025-08-13 11:43:22,True,12.95,14.95,65.42,2
2025-08-13 12:33:11,bob@test.com,2025-08-13 12:19:24,True,64.78,44.98,70.2,4
2025-08-13 12:33:11,hanilee@test.com,2025-08-13 12:15:22,True,24.8,32.36,77.34,2
2025-08-13 12:33:11,tim@test.com,2025-08-13 11:33:22,True,38.71,6.12,43.4,1
2025-08-13 12:33:11,fran@test.com,2025-08-13 11:41:31,True,44.5,13.99,48.59,4
2025-08-13 12:33:11,delen@test.com,2025-08-13 10:51:24,True,54.86,12.01,48.73,4
2025-08-13 12:33:11,sera@test.com,2025-08-13 11:21:22,True,47.84,11.72,26.67,2
2025-08-13 12:33:11,jack@test.com,2025-08-13 10:48:24,True,24.64,14.52,10.98,0
2025-08-13 12:33:13,alice@test.com,2025-08-13 11:43:22,True,11.19,18.79,64.47,2
2025-08-13 12:33:13,bob@test.com,2025-08-13 12:19:24,True,57.87,44.93,69.43,5
2025-08-13 12:33:13,hanilee@test.com,2025-08-13 12:15:22,True,24.85,26.6,76.77,1
2025-08-13 12:33:13,tim@test.com,2025-08-13 11:33:22,True,33.58,12.03,42.1,2
2025-08-13 12:33:13,fran@test.com,2025-08-13 11:41:31,True,48.05,16.52,50.06,2
2025-08-13 12:33:13,delen@test.com,2025-08-13 10:51:24,True,60.68,14.16,49.38,3
2025-08-13 12:33:13,sera@test.com,2025-08-13 11:21:22,True,48.44,14.15,22.56,3
2025-08-13 12:33:13,jack@test.com,2025-08-13 10:48:24,True,24.45,15.2,9.09,2
2025-08-13 12:33:15,alice@test.com,2025-08-13 11:43:22,True,13.07,15.74,62.22,0
2025-08-13 12:33:15,bob@test.com,2025-08-13 12:19:24,True,53.28,46.7,72.4,5
2025-08-13 12:33:15,hanilee@test.com,2025-08-13 12:15:22,True,21.91,31.48,76.87,2
2025-08-13 12:33:15,tim@test.com,2025-08-13 11:33:22,True,32.63,11.57,39.06,1
2025-08-13 12:33:15,fran@test.com,2025-08-13 11:41:31,True,43.5,15.62,50.2,1
2025-08-13 12:33:15,delen@test.com,2025-08-13 10:51:24,True,53.24,16.78,49.11,4
2025-08-13 12:33:15,sera@test.com,2025-08-13 11:21:22,True,49.86,16.6,21.96,2
2025-08-13 12:33:15,jack@test.com,2025-08-13 10:48:24,True,16.69,16.4,11.01,2
2025-08-13 12:33:17,alice@test.com,2025-08-13 11:43:22,True,8.37,20.25,62.19,2
2025-08-13 12:33:17,bob@test.com,2025-08-13 12:19:24,True,56.93,45.98,66.09,6
2025-08-13 12:33:17,hanilee@test.com,2025-08-13 12:15:22,True,25.45,27.73,77.68,2
2025-08-13 12:33:17,tim@test.com,2025-08-13 11:33:22,True,37.82,8.73,42.08,1
2025-08-13 12:33:17,fran@test.com,2025-08-13 11:41:31,True,46.82,8.28,46.15,4
2025-08-13 12:33:17,delen@test.com,2025-08-13 10:51:24,True,52.57,12.57,45.21,4
2025-08-13 12:33:17,sera@test.com,2025-08-13 11:21:22,True,48.17,15.51,21.61,1
2025-08-13 12:33:17,jack@test.com,2025-08-13 10:48:24,True,16.36,17.46,10.48,0
2025-08-13 12:33:19,alice@test.com,2025-08-13 11:43:22,True,12.55,22.57,59.0,3
2025-08-13 12:33:19,bob@test.com,2025-08-13 12:19:24,True,58.65,43.39,69.37,8
2025-08-13 12:33:19,hanilee@test.com,2025-08-13 12:15:22,True,22.03,30.43,75.12,3
2025-08-13 12:33:19,tim@test.com,2025-08-13 11:33:22,True,33.88,11.3,38.8,0
2025-08-13 12:33:19,fran@test.com,2025-08-13 11:41:31,True,42.58,13.43,51.17,4
2025-08-13 12:33:19,delen@test.com,2025-08-13 10:51:24,True,56.09,10.45,50.32,5
2025-08-13 12:33:19,sera@test.com,2025-08-13 11:21:22,True,52.14,14.36,27.46,1
2025-08-13 12:33:19,jack@test.com,2025-08-13 10:48:24,True,17.59,18.47,6.82,1
2025-08-13 12:33:21,alice@test.com,2025-08-13 11:43:22,True,8.85,17.68,62.6,1
2025-08-13 12:33:21,bob@test.com,2025-08-13 12:19:24,True,60.4,44.69,71.35,5
2025-08-13 12:33:21,hanilee@test.com,2025-08-13 12:15:22,True,26.9,30.51,78.2,2
2025-08-13 12:33:21,tim@test.com,2025-08-13 11:33:22,True,37.47,12.05,39.74,3
2025-08-13 12:33:21,fran@test.com,2025-08-13 11:41:31,True,43.03,12.88,48.2,1
2025-08-13 12:33:21,delen@test.com,2025-08-13 10:51:24,True,53.86,14.96,49.49,3
2025-08-13 12:33:21,sera@test.com,2025-08-13 11:21:22,True,49.92,13.79,24.49,2
2025-08-13 12:33:21,jack@test.com,2025-08-13 10:48:24,True,14.43,18.48,10.2,2
2025-08-13 12:33:23,alice@test.com,2025-08-13 11:43:22,True,8.85,21.96,64.82,2
2025-08-13 12:33:23,bob@test.com,2025-08-13 12:19:24,True,60.19,40.3,70.52,7
2025-08-13 12:33:23,hanilee@test.com,2025-08-13 12:15:22,True,24.52,24.55,78.34,3
2025-08-13 12:33:23,tim@test.com,2025-08-13 11:33:22,True,34.98,14.33,39.9,3
2025-08-13 12:33:23,fran@test.com,2025-08-13 11:41:31,True,47.01,18.78,50.77,4
2025-08-13 12:33:23,delen@test.com,2025-08-13 10:51:24,True,55.01,20.77,53.62,3
2025-08-13 12:33:23,sera@test.com,2025-08-13 11:21:22,True,53.13,12.09,26.76,3
2025-08-13 12:33:23,jack@test.com,2025-08-13 10:48:24,True,22.67,18.34,7.24,0
2025-08-13 12:33:25,alice@test.com,2025-08-13 11:43:22,True,10.36,20.72,62.91,0
2025-08-13 12:33:25,bob@test.com,2025-08-13 12:19:24,True,57.54,44.97,70.86,4
2025-08-13 12:33:25,hanilee@test.com,2025-08-13 12:15:22,True,25.49,32.06,79.67,4
2025-08-13 12:33:25,tim@test.com,2025-08-13 11:33:22,True,36.16,13.24,39.34,4
2025-08-13 12:33:25,fran@test.com,2025-08-13 11:41:31,True,44.48,10.12,48.93,2
2025-08-13 12:33:25,delen@test.com,2025-08-13 10:51:24,True,49.22,17.52,50.16,4
2025-08-13 12:33:25,sera@test.com,2025-08-13 11:21:22,True,45.55,15.87,23.99,1
2025-08-13 12:33:25,jack@test.com,2025-08-13 10:48:24,True,18.88,15.9,10.4,1
2025-08-13 12:33:27,alice@test.com,2025-08-13 11:43:22,True,8.08,19.06,66.51,3
2025-08-13 12:33:27,bob@test.com,2025-08-13 12:19:24,True,57.49,49.61,67.66,4
2025-08-13 12:33:27,hanilee@test.com,2025-08-13 12:15:22,True,22.41,28.85,75.93,2
2025-08-13 12:33:27,tim@test.com,2025-08-13 11:33:22,True,37.54,11.06,40.41,2
2025-08-13 12:33:27,fran@test.com,2025-08-13 11:41:31,True,45.02,21.34,46.77,2
2025-08-13 12:33:27,delen@test.com,2025-08-13 10:51:24,True,58.34,20.9,48.44,4
2025-08-13 12:33:27,sera@test.com,2025-08-13 11:21:22,True,49.33,18.84,22.37,1
2025-08-13 12:33:27,jack@test.com,2025-08-13 10:48:24,True,21.06,16.83,12.44,1
2025-08-13 12:33:29,alice@test.com,2025-08-13 11:43:22,True,9.4,22.9,62.89,2
2025-08-13 12:33:29,bob@test.com,2025-08-13 12:19:24,True,61.32,42.39,72.14,6
2025-08-13 12:33:29,hanilee@test.com,2025-08-13 12:15:22,True,25.63,28.7,75.76,5
2025-08-13 12:33:29,tim@test.com,2025-08-13 11:33:22,True,33.77,11.86,39.86,3
2025-08-13 12:33:29,fran@test.com,2025-08-13 11:41:31,True,46.4,14.44,49.34,1
2025-08-13 12:33:29,delen@test.com,2025-08-13 10:51:24,True,60.41,12.2,51.16,3
2025-08-13 12:33:29,sera@test.com,2025-08-13 11:21:22,True,54.92,21.61,25.62,0
2025-08-13 12:33:29,jack@test.com,2025-08-13 10:48:24,True,16.79,16.09,9.15,1
2025-08-13 12:33:31,alice@test.com,2025-08-13 11:43:22,True,11.41,16.64,61.0,2
2025-08-13 12:33:31,bob@test.com,2025-08-13 12:19:24,True,61.67,44.05,69.16,5
2025-08-13 12:33:31,hanilee@test.com,2025-08-13 12:15:22,True,22.11,30.25,78.25,4
2025-08-13 12:33:31,tim@test.com,2025-08-13 11:33:22,True,33.65,9.18,38.74,1
2025-08-13 12:33:31,fran@test.com,2025-08-13 11:41:31,True,44.1,16.56,47.69,3
2025-08-13 12:33:31,delen@test.com,2025-08-13 10:51:24,True,55.24,17.79,48.87,5
2025-08-13 12:33:31,sera@test.com,2025-08-13 11:21:22,True,51.24,14.78,24.63,2
2025-08-13 12:33:31,jack@test.com,2025-08-13 10:48:24,True,19.79,12.63,10.53,1
2025-08-13 12:33:33,alice@test.com,2025-08-13 11:43:22,True,4.59,19.38,62.97,2
2025-08-13 12:33:33,bob@test.com,2025-08-13 12:19:24,True,63.25,46.64,70.73,6
2025-08-13 12:33:33,hanilee@test.com,2025-08-13 12:15:22,True,18.75,34.77,75.27,2
2025-08-13 12:33:33,tim@test.com,2025-08-13 11:33:22,True,35.62,7.74,41.39,1
2025-08-13 12:33:33,fran@test.com,2025-08-13 11:41:31,True,51.88,17.58,50.6,4
2025-08-13 12:33:33,delen@test.com,2025-08-13 10:51:24,True,58.19,20.28,52.73,5
2025-08-13 12:33:33,sera@test.com,2025-08-13 11:21:22,True,48.82,18.15,26.44,2
2025-08-13 12:33:33,jack@test.com,2025-08-13 10:48:24,True,21.41,16.14,9.24,1
2025-08-13 12:33:35,alice@test.com,2025-08-13 11:43:22,True,13.8,18.36,63.93,2
2025-08-13 12:33:35,bob@test.com,2025-08-13 12:19:24,True,57.43,49.52,69.0,4
2025-08-13 12:33:35,hanilee@test.com,2025-08-13 12:15:22,True,25.02,32.52,76.91,2
2025-08-13 12:33:35,tim@test.com,2025-08-13 11:33:22,True,34.56,16.32,41.29,3
2025-08-13 12:33:35,fran@test.com,2025-08-13 11:41:31,True,48.45,14.18,48.36,2
2025-08-13 12:33:35,delen@test.com,2025-08-13 10:51:24,True,61.38,11.76,49.69,4
2025-08-13 12:33:35,sera@test.com,2025-08-13 11:21:22,True,50.29,10.44,23.75,0
2025-08-13 12:33:35,jack@test.com,2025-08-13 10:48:24,True,20.04,22.69,8.34,0
2025-08-13 12:33:37,alice@test.com,2025-08-13 11:43:22,True,12.34,16.55,65.47,0
2025-08-13 12:33:37,bob@test.com,2025-08-13 12:19:24,True,66.93,43.76,71.17,5
2025-08-13 12:33:37,hanilee@test.com,2025-08-13 12:15:22,True,20.82,32.11,79.27,1
2025-08-13 12:33:37,tim@test.com,2025-08-13 11:33:22,True,38.26,8.9,40.96,2
2025-08-13 12:33:37,fran@test.com,2025-08-13 11:41:31,True,47.16,13.7,52.85,4
2025-08-13 12:33:37,delen@test.com,2025-08-13 10:51:24,True,47.72,15.39,50.89,4
2025-08-13 12:33:37,sera@test.com,2025-08-13 11:21:22,True,46.8,16.03,23.58,2
2025-08-13 12:33:37,jack@test.com,2025-08-13 10:48:24,True,20.78,19.2,9.0,1
2025-08-13 12:33:39,alice@test.com,2025-08-13 11:43:22,True,8.41,22.65,59.65,2
2025-08-13 12:33:39,bob@test.com,2025-08-13 12:19:24,True,62.6,37.69,69.91,6
2025-08-13 12:33:39,hanilee@test.com,2025-08-13 12:15:22,True,18.39,27.78,76.31,3
2025-08-13 12:33:39,tim@test.com,2025-08-13 11:33:22,True,37.57,17.13,36.33,1
2025-08-13 12:33:39,fran@test.com,2025-08-13 11:41:31,True,47.56,16.5,49.74,3
2025-08-13 12:33:39,delen@test.com,2025-08-13 10:51:24,True,56.11,10.95,51.42,4
2025-08-13 12:33:39,sera@test.com,2025-08-13 11:21:22,True,49.35,17.52,26.57,3
2025-08-13 12:33:39,jack@test.com,2025-08-13 10:48:24,True,21.55,17.34,8.91,1
2025-08-13 12:33:41,alice@test.com,2025-08-13 11:43:22,True,15.97,19.89,61.99,1
2025-08-13 12:33:41,bob@test.com,2025-08-13 12:19:24,True,57.43,42.99,69.95,6
2025-08-13 12:33:41,hanilee@test.com,2025-08-13 12:15:22,True,26.0,33.32,78.78,2
2025-08-13 12:33:41,tim@test.com,2025-08-13 11:33:22,True,41.85,9.93,43.35,1
2025-08-13 12:33:41,fran@test.com,2025-08-13 11:41:31,True,42.76,14.14,47.78,2
2025-08-13 12:33:41,delen@test.com,2025-08-13 10:51:24,True,54.03,13.29,49.11,4
2025-08-13 12:33:41,sera@test.com,2025-08-13 11:21:22,True,52.23,17.1,26.84,2
2025-08-13 12:33:41,jack@test.com,2025-08-13 10:48:24,True,20.87,17.81,10.16,1
2025-08-13 12:33:43,alice@test.com,2025-08-13 11:43:22,True,7.41,19.29,62.96,2
2025-08-13 12:33:43,bob@test.com,2025-08-13 12:19:24,True,54.35,47.18,70.24,5
2025-08-13 12:33:43,hanilee@test.com,2025-08-13 12:15:22,True,23.44,34.23,76.15,2
2025-08-13 12:33:43,tim@test.com,2025-08-13 11:33:22,True,35.29,12.38,38.62,1
2025-08-13 12:33:43,fran@test.com,2025-08-13 11:41:31,True,47.86,12.95,51.74,2
2025-08-13 12:33:43,delen@test.com,2025-08-13 10:51:24,True,53.22,14.82,51.27,2
2025-08-13 12:33:43,sera@test.com,2025-08-13 11:21:22,True,48.32,14.09,26.07,2
2025-08-13 12:33:43,jack@test.com,2025-08-13 10:48:24,True,18.51,17.89,10.33,1
2025-08-13 12:33:45,alice@test.com,2025-08-13 11:43:22,True,4.65,23.44,62.77,2
2025-08-13 12:33:45,bob@test.com,2025-08-13 12:19:24,True,56.27,48.93,70.98,5
2025-08-13 12:33:45,hanilee@test.com,2025-08-13 12:15:22,True,25.35,29.69,74.97,4
2025-08-13 12:33:45,tim@test.com,2025-08-13 11:33:22,True,39.36,7.29,40.71,3
2025-08-13 12:33:45,fran@test.com,2025-08-13 11:41:31,True,44.7,13.54,52.39,2
2025-08-13 12:33:45,delen@test.com,2025-08-13 10:51:24,True,58.27,10.9,49.98,4
2025-08-13 12:33:45,sera@test.com,2025-08-13 11:21:22,True,54.79,15.59,27.01,3
2025-08-13 12:33:45,jack@test.com,2025-08-13 10:48:24,True,18.85,18.35,9.87,0
2025-08-13 12:33:47,alice@test.com,2025-08-13 11:43:22,True,9.06,17.92,61.72,2
2025-08-13 12:33:47,bob@test.com,2025-08-13 12:19:24,True,65.46,44.51,68.72,4
2025-08-13 12:33:47,hanilee@test.com,2025-08-13 12:15:22,True,22.39,29.85,78.2,4
2025-08-13 12:33:47,tim@test.com,2025-08-13 11:33:22,True,31.89,6.29,42.85,0
2025-08-13 12:33:47,fran@test.com,2025-08-13 11:41:31,True,45.46,14.71,50.94,3
2025-08-13 12:33:47,delen@test.com,2025-08-13 10:51:24,True,54.51,14.6,47.72,4
2025-08-13 12:33:47,sera@test.com,2025-08-13 11:21:22,True,52.04,20.96,26.66,0
2025-08-13 12:33:47,jack@test.com,2025-08-13 10:48:24,True,24.96,16.69,12.76,0
2025-08-13 12:33:49,alice@test.com,2025-08-13 11:43:22,True,12.58,18.81,63.39,1
2025-08-13 12:33:49,bob@test.com,2025-08-13 12:19:24,True,56.43,41.5,70.53,6
2025-08-13 12:33:49,hanilee@test.com,2025-08-13 12:15:22,True,21.47,30.05,78.14,2
2025-08-13 12:33:49,tim@test.com,2025-08-13 11:33:22,True,37.65,9.47,42.06,2
2025-08-13 12:33:49,fran@test.com,2025-08-13 11:41:31,True,47.71,20.51,54.57,2
2025-08-13 12:33:49,delen@test.com,2025-08-13 10:51:24,True,48.53,16.52,51.03,3
2025-08-13 12:33:49,sera@test.com,2025-08-13 11:21:22,True,50.83,18.99,23.87,2
2025-08-13 12:33:49,jack@test.com,2025-08-13 10:48:24,True,22.95,19.54,9.58,1
2025-08-13 12:33:51,alice@test.com,2025-08-13 11:43:22,True,9.32,19.89,62.11,1
2025-08-13 12:33:51,bob@test.com,2025-08-13 12:19:24,True,57.62,49.84,72.34,6
2025-08-13 12:33:51,hanilee@test.com,2025-08-13 12:15:22,True,20.1,30.71,75.6,3
2025-08-13 12:33:51,tim@test.com,2025-08-13 11:33:22,True,39.67,10.99,39.36,2
2025-08-13 12:33:51,fran@test.com,2025-08-13 11:41:31,True,44.54,15.68,48.6,3
2025-08-13 12:33:51,delen@test.com,2025-08-13 10:51:24,True,52.24,12.11,47.65,4
2025-08-13 12:33:51,sera@test.com,2025-08-13 11:21:22,True,46.61,16.72,25.75,1
2025-08-13 12:33:51,jack@test.com,2025-08-13 10:48:24,True,20.49,17.35,8.31,1
2025-08-13 12:33:53,alice@test.com,2025-08-13 11:43:22,True,8.72,18.33,60.14,2
2025-08-13 12:33:53,bob@test.com,2025-08-13 12:19:24,True,61.3,43.82,72.62,6
2025-08-13 12:33:53,hanilee@test.com,2025-08-13 12:15:22,True,25.31,31.29,76.28,3
2025-08-13 12:33:53,tim@test.com,2025-08-13 11:33:22,True,36.47,11.6,39.64,1
2025-08-13 12:33:53,fran@test.com,2025-08-13 11:41:31,True,40.92,9.83,53.42,1
2025-08-13 12:33:53,delen@test.com,2025-08-13 10:51:24,True,57.95,14.84,48.09,3
2025-08-13 12:33:53,sera@test.com,2025-08-13 11:21:22,True,48.25,15.56,25.6,2
2025-08-13 12:33:53,jack@test.com,2025-08-13 10:48:24,True,18.85,18.77,9.36,0
2025-08-13 12:33:55,alice@test.com,2025-08-13 11:43:22,True,6.6,20.11,63.22,1
2025-08-13 12:33:55,bob@test.com,2025-08-13 12:19:24,True,60.5,41.79,71.58,5
2025-08-13 12:33:55,hanilee@test.com,2025-08-13 12:15:22,True,28.67,31.24,79.6,2
2025-08-13 12:33:55,tim@test.com,2025-08-13 11:33:22,True,37.04,13.77,41.8,3
2025-08-13 12:33:55,fran@test.com,2025-08-13 11:41:31,True,41.84,11.26,48.99,1
2025-08-13 12:33:55,delen@test.com,2025-08-13 10:51:24,True,53.32,12.39,48.47,2
2025-08-13 12:33:55,sera@test.com,2025-08-13 11:21:22,True,49.35,13.47,26.93,1
2025-08-13 12:33:55,jack@test.com,2025-08-13 10:48:24,True,19.4,20.88,8.78,2
2025-08-13 12:33:57,alice@test.com,2025-08-13 11:43:22,True,12.98,23.03,62.16,2
2025-08-13 12:33:57,bob@test.com,2025-08-13 12:19:24,True,58.23,43.84,68.8,4
2025-08-13 12:33:57,hanilee@test.com,2025-08-13 12:15:22,True,21.01,28.54,80.69,2
2025-08-13 12:33:57,tim@test.com,2025-08-13 11:33:22,True,36.0,9.11,39.04,0
2025-08-13 12:33:57,fran@test.com,2025-08-13 11:41:31,True,45.1,14.88,52.46,2
2025-08-13 12:33:57,delen@test.com,2025-08-13 10:51:24,True,55.96,15.27,45.91,4
2025-08-13 12:33:57,sera@test.com,2025-08-13 11:21:22,True,50.3,14.29,24.8,0
2025-08-13 12:33:57,jack@test.com,2025-08-13 10:48:24,True,20.18,21.81,8.34,0
2025-08-13 12:33:59,alice@test.com,2025-08-13 11:43:22,True,7.6,20.41,60.5,1
2025-08-13 12:33:59,bob@test.com,2025-08-13 12:19:24,True,63.1,40.72,70.55,5
2025-08-13 12:33:59,hanilee@test.com,2025-08-13 12:15:22,True,25.62,25.47,79.1,1
2025-08-13 12:33:59,tim@test.com,2025-08-13 11:33:22,True,36.99,12.64,42.21,2
2025-08-13 12:33:59,fran@test.com,2025-08-13 11:41:31,True,43.2,12.58,49.16,3
2025-08-13 12:33:59,delen@test.com,2025-08-13 10:51:24,True,53.85,17.18,49.71,2
2025-08-13 12:33:59,sera@test.com,2025-08-13 11:21:22,True,49.96,14.08,23.78,3
2025-08-13 12:33:59,jack@test.com,2025-08-13 10:48:24,True,20.63,13.35,11.19,1
2025-08-13 12:34:01,alice@test.com,2025-08-13 11:43:22,True,8.03,18.47,60.63,3
2025-08-13 12:34:01,bob@test.com,2025-08-13 12:19:24,True,57.65,41.48,67.57,6
2025-08-13 12:34:01,hanilee@test.com,2025-08-13 12:15:22,True,25.41,31.83,75.14,1
2025-08-13 12:34:01,tim@test.com,2025-08-13 11:33:22,True,32.83,15.36,38.64,2
2025-08-13 12:34:01,fran@test.com,2025-08-13 11:41:31,True,41.24,11.54,49.4,0
2025-08-13 12:34:01,delen@test.com,2025-08-13 10:51:24,True,58.84,11.45,48.71,3
2025-08-13 12:34:01,sera@test.com,2025-08-13 11:21:22,True,52.43,16.05,25.07,2
2025-08-13 12:34:01,jack@test.com,2025-08-13 10:48:24,True,23.94,17.11,9.44,1
2025-08-13 12:34:03,alice@test.com,2025-08-13 11:43:22,True,7.23,16.8,58.28,2
2025-08-13 12:34:03,bob@test.com,2025-08-13 12:19:24,True,60.76,43.76,69.79,6
2025-08-13 12:34:03,hanilee@test.com,2025-08-13 12:15:22,True,24.62,32.51,76.56,2
2025-08-13 12:34:03,tim@test.com,2025-08-13 11:33:22,True,36.94,9.14,38.75,2
2025-08-13 12:34:03,fran@test.com,2025-08-13 11:41:31,True,42.16,15.81,52.3,3
2025-08-13 12:34:03,delen@test.com,2025-08-13 10:51:24,True,57.01,15.51,46.65,4
2025-08-13 12:34:03,sera@test.com,2025-08-13 11:21:22,True,51.33,9.1,23.47,2
2025-08-13 12:34:03,jack@test.com,2025-08-13 10:48:24,True,21.13,16.08,10.48,0
2025-08-13 12:34:05,alice@test.com,2025-08-13 11:43:22,True,10.49,18.8,63.09,2
2025-08-13 12:34:05,bob@test.com,2025-08-13 12:19:24,True,62.3,42.97,75.07,5
2025-08-13 12:34:05,hanilee@test.com,2025-08-13 12:15:22,True,28.29,28.45,77.9,3
2025-08-13 12:34:05,tim@test.com,2025-08-13 11:33:22,True,30.77,8.23,38.7,1
2025-08-13 12:34:05,fran@test.com,2025-08-13 11:41:31,True,38.13,14.98,50.33,2
2025-08-13 12:34:05,delen@test.com,2025-08-13 10:51:24,True,57.3,12.26,51.68,4
2025-08-13 12:34:05,sera@test.com,2025-08-13 11:21:22,True,44.02,18.22,31.0,3
2025-08-13 12:34:05,jack@test.com,2025-08-13 10:48:24,True,18.18,14.57,7.16,0
2025-08-13 12:34:07,alice@test.com,2025-08-13 11:43:22,True,12.39,21.06,61.32,3
2025-08-13 12:34:07,bob@test.com,2025-08-13 12:19:24,True,58.44,39.46,72.89,5
2025-08-13 12:34:07,hanilee@test.com,2025-08-13 12:15:22,True,23.63,26.38,77.23,3
2025-08-13 12:34:07,tim@test.com,2025-08-13 11:33:22,True,32.49,11.09,39.4,1
2025-08-13 12:34:07,fran@test.com,2025-08-13 11:41:31,True,45.62,11.95,52.64,1
2025-08-13 12:34:07,delen@test.com,2025-08-13 10:51:24,True,52.72,11.04,52.97,5
2025-08-13 12:34:07,sera@test.com,2025-08-13 11:21:22,True,47.25,11.52,25.46,3
2025-08-13 12:34:07,jack@test.com,2025-08-13 10:48:24,True,24.04,18.23,11.47,0
2025-08-13 12:34:09,alice@test.com,2025-08-13 11:43:22,True,10.81,18.08,58.63,2
2025-08-13 12:34:09,bob@test.com,2025-08-13 12:19:24,True,56.16,43.78,68.83,6
2025-08-13 12:34:09,hanilee@test.com,2025-08-13 12:15:22,True,23.46,33.43,77.72,3
2025-08-13 12:34:09,tim@test.com,2025-08-13 11:33:22,True,38.32,9.77,40.97,1
2025-08-13 12:34:09,fran@test.com,2025-08-13 11:41:31,True,48.01,20.11,50.91,1
2025-08-13 12:34:09,delen@test.com,2025-08-13 10:51:24,True,53.08,18.02,48.5,2
2025-08-13 12:34:09,sera@test.com,2025-08-13 11:21:22,True,49.54,17.34,24.97,2
2025-08-13 12:34:09,jack@test.com,2025-08-13 10:48:24,True,19.32,14.47,8.74,1
2025-08-13 12:34:11,alice@test.com,2025-08-13 11:43:22,True,10.54,23.82,58.82,4
2025-08-13 12:34:11,bob@test.com,2025-08-13 12:19:24,True,64.41,46.16,71.11,6
2025-08-13 12:34:11,hanilee@test.com,2025-08-13 12:15:22,True,22.87,23.73,76.58,2
2025-08-13 12:34:11,tim@test.com,2025-08-13 11:33:22,True,44.47,14.82,40.06,2
2025-08-13 12:34:11,fran@test.com,2025-08-13 11:41:31,True,42.34,12.64,48.35,3
2025-08-13 12:34:11,delen@test.com,2025-08-13 10:51:24,True,58.43,19.64,49.62,4
2025-08-13 12:34:11,sera@test.com,2025-08-13 11:21:22,True,45.26,15.52,22.98,0
2025-08-13 12:34:11,jack@test.com,2025-08-13 10:48:24,True,16.3,19.7,7.77,1
2025-08-13 12:34:13,alice@test.com,2025-08-13 11:43:22,True,8.88,19.99,61.83,1
2025-08-13 12:34:13,bob@test.com,2025-08-13 12:19:24,True,60.02,44.09,70.02,8
2025-08-13 12:34:13,hanilee@test.com,2025-08-13 12:15:22,True,29.31,28.2,77.21,2
2025-08-13 12:34:13,tim@test.com,2025-08-13 11:33:22,True,28.64,13.85,39.8,0
2025-08-13 12:34:13,fran@test.com,2025-08-13 11:41:31,True,41.91,17.68,51.83,3
2025-08-13 12:34:13,delen@test.com,2025-08-13 10:51:24,True,53.2,16.34,49.47,3
2025-08-13 12:34:13,sera@test.com,2025-08-13 11:21:22,True,50.44,16.46,26.44,1
2025-08-13 12:34:13,jack@test.com,2025-08-13 10:48:24,True,23.96,20.52,11.95,0
2025-08-13 12:34:15,alice@test.com,2025-08-13 11:43:22,True,9.74,20.2,62.27,0
2025-08-13 12:34:15,bob@test.com,2025-08-13 12:19:24,True,54.07,49.25,69.21,6
2025-08-13 12:34:15,hanilee@test.com,2025-08-13 12:15:22,True,25.63,30.55,75.17,3
2025-08-13 12:34:15,tim@test.com,2025-08-13 11:33:22,True,34.49,8.03,40.86,3
2025-08-13 12:34:15,fran@test.com,2025-08-13 11:41:31,True,46.14,15.37,50.42,1
2025-08-13 12:34:15,delen@test.com,2025-08-13 10:51:24,True,55.46,17.42,46.26,2
2025-08-13 12:34:15,sera@test.com,2025-08-13 11:21:22,True,52.75,13.58,25.84,1
2025-08-13 12:34:15,jack@test.com,2025-08-13 10:48:24,True,19.38,13.63,10.51,0
2025-08-13 12:34:17,alice@test.com,2025-08-13 11:43:22,True,5.89,22.61,59.35,2
2025-08-13 12:34:17,bob@test.com,2025-08-13 12:19:24,True,61.48,45.97,68.69,4
2025-08-13 12:34:17,hanilee@test.com,2025-08-13 12:15:22,True,26.23,31.16,79.23,3
2025-08-13 12:34:17,tim@test.com,2025-08-13 11:33:22,True,38.86,8.88,41.98,0
2025-08-13 12:34:17,fran@test.com,2025-08-13 11:41:31,True,50.98,20.28,47.75,2
2025-08-13 12:34:17,delen@test.com,2025-08-13 10:51:24,True,56.98,14.89,46.87,3
2025-08-13 12:34:17,sera@test.com,2025-08-13 11:21:22,True,53.95,17.09,25.41,1
2025-08-13 12:34:17,jack@test.com,2025-08-13 10:48:24,True,16.51,17.86,9.51,1
2025-08-13 12:34:19,alice@test.com,2025-08-13 11:43:22,True,7.76,19.0,61.21,0
2025-08-13 12:34:19,bob@test.com,2025-08-13 12:19:24,True,57.89,45.52,70.33,4
2025-08-13 12:34:19,hanilee@test.com,2025-08-13 12:15:22,True,30.42,32.75,77.82,2
2025-08-13 12:34:19,tim@test.com,2025-08-13 11:33:22,True,33.83,14.34,38.99,3
2025-08-13 12:34:19,fran@test.com,2025-08-13 11:41:31,True,45.38,12.33,53.9,2
2025-08-13 12:34:19,delen@test.com,2025-08-13 10:51:24,True,57.13,17.49,49.4,4
2025-08-13 12:34:19,sera@test.com,2025-08-13 11:21:22,True,49.85,19.4,29.72,1
2025-08-13 12:34:19,jack@test.com,2025-08-13 10:48:24,True,21.8,12.19,8.92,0
2025-08-13 12:34:21,alice@test.com,2025-08-13 11:43:22,True,13.99,20.15,63.8,1
2025-08-13 12:34:21,bob@test.com,2025-08-13 12:19:24,True,56.13,45.8,66.98,5
2025-08-13 12:34:21,hanilee@test.com,2025-08-13 12:15:22,True,26.54,25.55,77.64,4
2025-08-13 12:34:21,tim@test.com,2025-08-13 11:33:22,True,39.34,14.51,41.66,2
2025-08-13 12:34:21,fran@test.com,2025-08-13 11:41:31,True,44.31,13.86,49.48,2
2025-08-13 12:34:21,delen@test.com,2025-08-13 10:51:24,True,54.56,19.6,51.08,2
2025-08-13 12:34:21,sera@test.com,2025-08-13 11:21:22,True,49.16,15.96,27.62,1
2025-08-13 12:34:21,jack@test.com,2025-08-13 10:48:24,True,19.58,17.87,11.37,2
2025-08-13 12:34:23,alice@test.com,2025-08-13 11:43:22,True,10.62,20.72,60.62,2
2025-08-13 12:34:23,bob@test.com,2025-08-13 12:19:24,True,56.38,42.8,70.03,5
2025-08-13 12:34:23,hanilee@test.com,2025-08-13 12:15:22,True,22.82,30.34,76.67,2
2025-08-13 12:34:23,tim@test.com,2025-08-13 11:33:22,True,32.17,10.76,38.4,2
2025-08-13 12:34:23,fran@test.com,2025-08-13 11:41:31,True,47.3,15.78,47.72,2
2025-08-13 12:34:23,delen@test.com,2025-08-13 10:51:24,True,56.39,12.95,49.19,3
2025-08-13 12:34:23,sera@test.com,2025-08-13 11:21:22,True,51.26,13.41,27.35,1
2025-08-13 12:34:23,jack@test.com,2025-08-13 10:48:24,True,17.44,15.83,7.6,1
2025-08-13 12:34:25,alice@test.com,2025-08-13 11:43:22,True,8.73,22.81,60.48,1
2025-08-13 12:34:25,bob@test.com,2025-08-13 12:19:24,True,60.7,45.61,70.61,7
2025-08-13 12:34:25,hanilee@test.com,2025-08-13 12:15:22,True,30.48,27.87,78.66,3
2025-08-13 12:34:25,tim@test.com,2025-08-13 11:33:22,True,36.6,12.47,39.78,0
2025-08-13 12:34:25,fran@test.com,2025-08-13 11:41:31,True,48.41,16.28,52.8,2
2025-08-13 12:34:25,delen@test.com,2025-08-13 10:51:24,True,58.12,13.69,52.88,2
2025-08-13 12:34:25,sera@test.com,2025-08-13 11:21:22,True,55.32,12.5,26.01,1
2025-08-13 12:34:25,jack@test.com,2025-08-13 10:48:24,True,20.98,17.47,9.47,1
2025-08-13 12:34:27,alice@test.com,2025-08-13 11:43:22,True,5.62,23.62,63.11,2
2025-08-13 12:34:27,bob@test.com,2025-08-13 12:19:24,True,65.28,45.15,71.45,6
2025-08-13 12:34:27,hanilee@test.com,2025-08-13 12:15:22,True,23.85,29.01,79.28,3
2025-08-13 12:34:27,tim@test.com,2025-08-13 11:33:22,True,37.68,11.95,42.99,1
2025-08-13 12:34:27,fran@test.com,2025-08-13 11:41:31,True,44.04,16.55,53.07,3
2025-08-13 12:34:27,delen@test.com,2025-08-13 10:51:24,True,53.89,13.22,48.13,4
2025-08-13 12:34:27,sera@test.com,2025-08-13 11:21:22,True,50.12,16.8,25.4,0
2025-08-13 12:34:27,jack@test.com,2025-08-13 10:48:24,True,17.28,21.28,10.74,0
2025-08-13 12:34:29,alice@test.com,2025-08-13 11:43:22,True,15.11,21.18,61.14,3
2025-08-13 12:34:29,bob@test.com,2025-08-13 12:19:24,True,60.63,44.19,71.14,5
2025-08-13 12:34:29,hanilee@test.com,2025-08-13 12:15:22,True,25.42,29.64,78.12,3
2025-08-13 12:34:29,tim@test.com,2025-08-13 11:33:22,True,39.83,14.26,42.46,1
2025-08-13 12:34:29,fran@test.com,2025-08-13 11:41:31,True,47.42,17.44,49.92,4
2025-08-13 12:34:29,delen@test.com,2025-08-13 10:51:24,True,53.75,17.57,49.83,3
2025-08-13 12:34:29,sera@test.com,2025-08-13 11:21:22,True,47.57,13.5,26.88,2
2025-08-13 12:34:29,jack@test.com,2025-08-13 10:48:24,True,18.18,15.64,10.46,1
2025-08-13 12:34:31,alice@test.com,2025-08-13 11:43:22,True,11.74,23.39,59.34,1
2025-08-13 12:34:31,bob@test.com,2025-08-13 12:19:24,True,59.49,41.51,69.36,5
2025-08-13 12:34:31,hanilee@test.com,2025-08-13 12:15:22,True,25.98,31.57,75.92,5
2025-08-13 12:34:31,tim@test.com,2025-08-13 11:33:22,True,31.53,11.28,42.55,1
2025-08-13 12:34:31,fran@test.com,2025-08-13 11:41:31,True,44.82,13.1,49.67,3
2025-08-13 12:34:31,delen@test.com,2025-08-13 10:51:24,True,54.18,15.38,48.09,3
2025-08-13 12:34:31,sera@test.com,2025-08-13 11:21:22,True,47.94,19.79,26.99,3
2025-08-13 12:34:31,jack@test.com,2025-08-13 10:48:24,True,19.06,13.99,10.48,0
2025-08-13 12:34:33,alice@test.com,2025-08-13 11:43:22,True,14.03,21.5,62.14,0
2025-08-13 12:34:33,bob@test.com,2025-08-13 12:19:24,True,60.02,46.99,66.93,5
2025-08-13 12:34:33,hanilee@test.com,2025-08-13 12:15:22,True,26.14,27.7,77.15,2
2025-08-13 12:34:33,tim@test.com,2025-08-13 11:33:22,True,34.36,9.95,38.53,2
2025-08-13 12:34:33,fran@test.com,2025-08-13 11:41:31,True,43.87,11.64,50.98,1
2025-08-13 12:34:33,delen@test.com,2025-08-13 10:51:24,True,53.64,14.98,47.18,4
2025-08-13 12:34:33,sera@test.com,2025-08-13 11:21:22,True,51.95,11.82,24.99,1
2025-08-13 12:34:33,jack@test.com,2025-08-13 10:48:24,True,20.52,14.11,8.83,0
2025-08-13 12:34:35,alice@test.com,2025-08-13 11:43:22,True,12.87,19.41,62.23,1
2025-08-13 12:34:35,bob@test.com,2025-08-13 12:19:24,True,60.86,46.04,73.98,7
2025-08-13 12:34:35,hanilee@test.com,2025-08-13 12:15:22,True,24.75,32.17,77.0,3
2025-08-13 12:34:35,tim@test.com,2025-08-13 11:33:22,True,33.09,7.87,42.97,1
2025-08-13 12:34:35,fran@test.com,2025-08-13 11:41:31,True,42.78,16.97,45.79,3
2025-08-13 12:34:35,delen@test.com,2025-08-13 10:51:24,True,61.97,19.81,48.98,2
2025-08-13 12:34:35,sera@test.com,2025-08-13 11:21:22,True,47.47,11.83,22.75,3
2025-08-13 12:34:35,jack@test.com,2025-08-13 10:48:24,True,16.74,20.46,11.44,1
2025-08-13 12:34:37,alice@test.com,2025-08-13 11:43:22,True,5.89,15.7,61.75,0
2025-08-13 12:34:37,bob@test.com,2025-08-13 12:19:24,True,61.9,44.35,70.11,6
2025-08-13 12:34:37,hanilee@test.com,2025-08-13 12:15:22,True,21.55,31.6,77.43,3
2025-08-13 12:34:37,tim@test.com,2025-08-13 11:33:22,True,29.13,10.27,43.42,2
2025-08-13 12:34:37,fran@test.com,2025-08-13 11:41:31,True,46.48,11.07,50.55,1
2025-08-13 12:34:37,delen@test.com,2025-08-13 10:51:24,True,55.28,7.64,50.3,4
2025-08-13 12:34:37,sera@test.com,2025-08-13 11:21:22,True,50.59,16.7,24.65,1
2025-08-13 12:34:37,jack@test.com,2025-08-13 10:48:24,True,17.99,16.51,8.45,1
2025-08-13 12:34:39,alice@test.com,2025-08-13 11:43:22,True,6.81,17.98,62.2,2
2025-08-13 12:34:39,bob@test.com,2025-08-13 12:19:24,True,61.35,43.37,72.37,7
2025-08-13 12:34:39,hanilee@test.com,2025-08-13 12:15:22,True,24.51,26.18,75.23,1
2025-08-13 12:34:39,tim@test.com,2025-08-13 11:33:22,True,35.8,13.34,40.87,2
2025-08-13 12:34:39,fran@test.com,2025-08-13 11:41:31,True,41.44,14.32,48.44,3
2025-08-13 12:34:39,delen@test.com,2025-08-13 10:51:24,True,51.26,16.56,48.56,4
2025-08-13 12:34:39,sera@test.com,2025-08-13 11:21:22,True,50.52,16.37,27.91,0
2025-08-13 12:34:39,jack@test.com,2025-08-13 10:48:24,True,19.48,17.37,9.71,1
2025-08-13 12:34:41,alice@test.com,2025-08-13 11:43:22,True,11.34,20.7,62.71,0
2025-08-13 12:34:41,bob@test.com,2025-08-13 12:19:24,True,57.62,41.31,71.81,6
2025-08-13 12:34:41,hanilee@test.com,2025-08-13 12:15:22,True,24.58,30.49,77.66,2
2025-08-13 12:34:41,tim@test.com,2025-08-13 11:33:22,True,37.91,11.25,41.72,3
2025-08-13 12:34:41,fran@test.com,2025-08-13 11:41:31,True,46.94,13.61,51.84,1
2025-08-13 12:34:41,delen@test.com,2025-08-13 10:51:24,True,54.04,8.58,51.95,5
2025-08-13 12:34:41,sera@test.com,2025-08-13 11:21:22,True,45.09,12.62,26.74,2
2025-08-13 12:34:41,jack@test.com,2025-08-13 10:48:24,True,16.17,17.21,9.99,0
2025-08-13 12:34:43,alice@test.com,2025-08-13 11:43:22,True,12.35,19.32,60.33,0
2025-08-13 12:34:43,bob@test.com,2025-08-13 12:19:24,True,63.33,44.05,69.98,5
2025-08-13 12:34:43,hanilee@test.com,2025-08-13 12:15:22,True,25.37,32.06,78.21,2
2025-08-13 12:34:43,tim@test.com,2025-08-13 11:33:22,True,32.8,12.86,39.81,1
2025-08-13 12:34:43,fran@test.com,2025-08-13 11:41:31,True,45.99,12.36,49.06,3
2025-08-13 12:34:43,delen@test.com,2025-08-13 10:51:24,True,55.87,13.04,48.23,4
2025-08-13 12:34:43,sera@test.com,2025-08-13 11:21:22,True,52.92,12.22,23.75,3
2025-08-13 12:34:43,jack@test.com,2025-08-13 10:48:24,True,21.19,15.95,9.06,1
2025-08-13 12:34:45,alice@test.com,2025-08-13 11:43:22,True,12.45,21.76,59.68,1
2025-08-13 12:34:45,bob@test.com,2025-08-13 12:19:24,True,63.14,44.05,74.31,6
2025-08-13 12:34:45,hanilee@test.com,2025-08-13 12:15:22,True,23.68,27.93,77.76,3
2025-08-13 12:34:45,tim@test.com,2025-08-13 11:33:22,True,35.45,10.35,38.93,3
2025-08-13 12:34:45,fran@test.com,2025-08-13 11:41:31,True,38.52,12.08,48.54,1
2025-08-13 12:34:45,delen@test.com,2025-08-13 10:51:24,True,49.92,15.93,51.31,4
2025-08-13 12:34:45,sera@test.com,2025-08-13 11:21:22,True,49.72,14.96,24.87,1
2025-08-13 12:34:45,jack@test.com,2025-08-13 10:48:24,True,23.55,16.7,7.77,0
2025-08-13 12:34:47,alice@test.com,2025-08-13 11:43:22,True,11.47,21.45,63.42,2
2025-08-13 12:34:47,bob@test.com,2025-08-13 12:19:24,True,56.23,42.61,67.67,5
2025-08-13 12:34:47,hanilee@test.com,2025-08-13 12:15:22,True,18.23,26.73,79.1,2
2025-08-13 12:34:47,tim@test.com,2025-08-13 11:33:22,True,36.11,16.01,41.47,2
2025-08-13 12:34:47,fran@test.com,2025-08-13 11:41:31,True,42.62,11.49,51.51,2
2025-08-13 12:34:47,delen@test.com,2025-08-13 10:51:24,True,53.46,13.59,47.79,4
2025-08-13 12:34:47,sera@test.com,2025-08-13 11:21:22,True,48.07,11.26,29.7,2
2025-08-13 12:34:47,jack@test.com,2025-08-13 10:48:24,True,20.64,20.52,10.81,1
2025-08-13 12:34:49,alice@test.com,2025-08-13 11:43:22,True,10.92,18.86,60.37,0
2025-08-13 12:34:49,bob@test.com,2025-08-13 12:19:24,True,59.68,44.07,71.08,6
2025-08-13 12:34:49,hanilee@test.com,2025-08-13 12:15:22,True,29.47,29.84,75.94,4
2025-08-13 12:34:49,tim@test.com,2025-08-13 11:33:22,True,33.02,7.64,40.22,1
2025-08-13 12:34:49,fran@test.com,2025-08-13 11:41:31,True,45.99,12.88,50.73,5
2025-08-13 12:34:49,delen@test.com,2025-08-13 10:51:24,True,53.88,15.83,51.93,6
2025-08-13 12:34:49,sera@test.com,2025-08-13 11:21:22,True,47.42,19.53,27.52,2
2025-08-13 12:34:49,jack@test.com,2025-08-13 10:48:24,True,19.88,15.33,8.5,0
2025-08-13 12:34:51,alice@test.com,2025-08-13 11:43:22,True,4.95,18.99,61.62,0
2025-08-13 12:34:51,bob@test.com,2025-08-13 12:19:24,True,58.8,40.7,66.35,4
2025-08-13 12:34:51,hanilee@test.com,2025-08-13 12:15:22,True,24.82,27.55,77.33,3
2025-08-13 12:34:51,tim@test.com,2025-08-13 11:33:22,True,32.05,4.14,41.76,3
2025-08-13 12:34:51,fran@test.com,2025-08-13 11:41:31,True,42.7,12.33,52.92,3
2025-08-13 12:34:51,delen@test.com,2025-08-13 10:51:24,True,52.32,20.08,50.74,3
2025-08-13 12:34:51,sera@test.com,2025-08-13 11:21:22,True,49.11,19.44,22.05,1
2025-08-13 12:34:51,jack@test.com,2025-08-13 10:48:24,True,22.98,18.21,12.01,0
2025-08-13 12:34:53,alice@test.com,2025-08-13 11:43:22,True,6.5,23.58,62.86,3
2025-08-13 12:34:53,bob@test.com,2025-08-13 12:19:24,True,61.22,46.73,71.06,6
2025-08-13 12:34:53,hanilee@test.com,2025-08-13 12:15:22,True,24.42,26.27,80.39,1
2025-08-13 12:34:53,tim@test.com,2025-08-13 11:33:22,True,37.22,8.15,36.96,3
2025-08-13 12:34:53,fran@test.com,2025-08-13 11:41:31,True,43.03,15.84,52.57,1
2025-08-13 12:34:53,delen@test.com,2025-08-13 10:51:24,True,52.4,17.08,51.16,4
2025-08-13 12:34:53,sera@test.com,2025-08-13 11:21:22,True,46.42,14.57,25.0,2
2025-08-13 12:34:53,jack@test.com,2025-08-13 10:48:24,True,17.06,12.1,8.05,0
2025-08-13 12:34:55,alice@test.com,2025-08-13 11:43:22,True,12.5,16.3,60.5,2
2025-08-13 12:34:55,bob@test.com,2025-08-13 12:19:24,True,59.56,39.81,69.51,7
2025-08-13 12:34:55,hanilee@test.com,2025-08-13 12:15:22,True,26.31,28.34,75.51,1
2025-08-13 12:34:55,tim@test.com,2025-08-13 11:33:22,True,30.75,14.05,40.36,2
2025-08-13 12:34:55,fran@test.com,2025-08-13 11:41:31,True,44.85,12.7,51.49,1
2025-08-13 12:34:55,delen@test.com,2025-08-13 10:51:24,True,56.53,17.32,47.34,3
2025-08-13 12:34:55,sera@test.com,2025-08-13 11:21:22,True,53.41,20.34,24.51,1
2025-08-13 12:34:55,jack@test.com,2025-08-13 10:48:24,True,19.78,22.26,10.54,1
2025-08-13 12:34:57,alice@test.com,2025-08-13 11:43:22,True,10.11,22.76,60.63,2
2025-08-13 12:34:57,bob@test.com,2025-08-13 12:19:24,True,61.24,49.8,68.79,5
2025-08-13 12:34:57,hanilee@test.com,2025-08-13 12:15:22,True,23.91,26.35,78.11,2
2025-08-13 12:34:57,tim@test.com,2025-08-13 11:33:22,True,32.08,12.41,40.84,1
2025-08-13 12:34:57,fran@test.com,2025-08-13 11:41:31,True,45.51,19.03,52.15,3
2025-08-13 12:34:57,delen@test.com,2025-08-13 10:51:24,True,56.09,10.69,54.09,3
2025-08-13 12:34:57,sera@test.com,2025-08-13 11:21:22,True,50.16,18.51,27.31,2
2025-08-13 12:34:57,jack@test.com,2025-08-13 10:48:24,True,21.85,18.5,11.59,2
2025-08-13 12:34:59,alice@test.com,2025-08-13 11:43:22,True,5.06,16.15,64.16,0
2025-08-13 12:34:59,bob@test.com,2025-08-13 12:19:24,True,61.68,43.47,72.48,4
2025-08-13 12:34:59,hanilee@test.com,2025-08-13 12:15:22,True,25.56,33.85,77.14,2
2025-08-13 12:34:59,tim@test.com,2025-08-13 11:33:22,True,34.8,12.03,40.48,2
2025-08-13 12:34:59,fran@test.com,2025-08-13 11:41:31,True,46.8,13.79,49.14,2
2025-08-13 12:34:59,delen@test.com,2025-08-13 10:51:24,True,57.45,16.42,53.58,5
2025-08-13 12:34:59,sera@test.com,2025-08-13 11:21:22,True,50.44,15.54,23.23,2
2025-08-13 12:34:59,jack@test.com,2025-08-13 10:48:24,True,21.82,22.75,7.27,0
2025-08-13 12:35:01,alice@test.com,2025-08-13 11:43:22,True,11.49,25.92,63.63,1
2025-08-13 12:35:01,bob@test.com,2025-08-13 12:19:24,True,61.69,46.65,70.38,5
2025-08-13 12:35:01,hanilee@test.com,2025-08-13 12:15:22,True,23.39,28.51,79.82,2
2025-08-13 12:35:01,tim@test.com,2025-08-13 11:33:22,True,31.1,12.84,41.13,1
2025-08-13 12:35:01,fran@test.com,2025-08-13 11:41:31,True,45.96,8.41,47.65,1
2025-08-13 12:35:01,delen@test.com,2025-08-13 10:51:24,True,55.43,10.49,52.09,3
2025-08-13 12:35:01,sera@test.com,2025-08-13 11:21:22,True,45.05,16.37,26.24,0
2025-08-13 12:35:01,jack@test.com,2025-08-13 10:48:24,True,20.02,17.78,9.3,0
2025-08-13 12:35:03,alice@test.com,2025-08-13 11:43:22,True,16.23,23.78,59.39,2
2025-08-13 12:35:03,bob@test.com,2025-08-13 12:19:24,True,63.93,45.74,69.53,6
2025-08-13 12:35:03,hanilee@test.com,2025-08-13 12:15:22,True,17.78,26.22,74.47,2
2025-08-13 12:35:03,tim@test.com,2025-08-13 11:33:22,True,37.25,12.99,41.87,0
2025-08-13 12:35:03,fran@test.com,2025-08-13 11:41:31,True,44.19,13.09,48.36,3
2025-08-13 12:35:03,delen@test.com,2025-08-13 10:51:24,True,49.51,18.1,50.53,4
2025-08-13 12:35:03,sera@test.com,2025-08-13 11:21:22,True,49.74,19.12,22.07,0
2025-08-13 12:35:03,jack@test.com,2025-08-13 10:48:24,True,15.35,15.69,10.36,1
2025-08-13 12:35:05,alice@test.com,2025-08-13 11:43:22,True,11.96,15.37,62.03,2
2025-08-13 12:35:05,bob@test.com,2025-08-13 12:19:24,True,63.42,39.33,69.15,4
2025-08-13 12:35:05,hanilee@test.com,2025-08-13 12:15:22,True,23.73,30.14,76.52,3
2025-08-13 12:35:05,tim@test.com,2025-08-13 11:33:22,True,37.09,11.75,36.83,1
2025-08-13 12:35:05,fran@test.com,2025-08-13 11:41:31,True,43.8,15.48,47.64,4
2025-08-13 12:35:05,delen@test.com,2025-08-13 10:51:24,True,55.77,13.62,51.13,4
2025-08-13 12:35:05,sera@test.com,2025-08-13 11:21:22,True,49.38,14.56,27.55,1
2025-08-13 12:35:05,jack@test.com,2025-08-13 10:48:24,True,17.27,16.03,10.8,1
2025-08-13 12:35:07,alice@test.com,2025-08-13 11:43:22,True,9.63,21.41,62.45,1
2025-08-13 12:35:07,bob@test.com,2025-08-13 12:19:24,True,59.44,44.27,73.02,5
2025-08-13 12:35:07,hanilee@test.com,2025-08-13 12:15:22,True,24.7,29.34,78.85,3
2025-08-13 12:35:07,tim@test.com,2025-08-13 11:33:22,True,36.75,14.09,40.67,3
2025-08-13 12:35:07,fran@test.com,2025-08-13 11:41:31,True,42.19,8.77,47.09,2
2025-08-13 12:35:07,delen@test.com,2025-08-13 10:51:24,True,53.83,15.48,51.39,4
2025-08-13 12:35:07,sera@test.com,2025-08-13 11:21:22,True,50.19,16.7,21.48,1
2025-08-13 12:35:07,jack@test.com,2025-08-13 10:48:24,True,20.22,18.26,8.94,1
2025-08-13 12:35:09,alice@test.com,2025-08-13 11:43:22,True,9.22,17.6,60.38,3
2025-08-13 12:35:09,bob@test.com,2025-08-13 12:19:24,True,59.5,47.3,70.28,6
2025-08-13 12:35:09,hanilee@test.com,2025-08-13 12:15:22,True,23.74,26.17,79.93,1
2025-08-13 12:35:09,tim@test.com,2025-08-13 11:33:22,True,38.96,11.19,37.91,1
2025-08-13 12:35:09,fran@test.com,2025-08-13 11:41:31,True,47.04,14.68,53.71,2
2025-08-13 12:35:09,delen@test.com,2025-08-13 10:51:24,True,58.22,12.89,48.05,4
2025-08-13 12:35:09,sera@test.com,2025-08-13 11:21:22,True,52.91,20.56,24.27,3
2025-08-13 12:35:09,jack@test.com,2025-08-13 10:48:24,True,15.19,21.0,10.63,0
2025-08-13 12:35:11,alice@test.com,2025-08-13 11:43:22,True,11.31,19.27,63.66,2
2025-08-13 12:35:11,bob@test.com,2025-08-13 12:19:24,True,65.68,44.55,69.18,6
2025-08-13 12:35:11,hanilee@test.com,2025-08-13 12:15:22,True,29.85,26.63,77.4,1
2025-08-13 12:35:11,tim@test.com,2025-08-13 11:33:22,True,37.92,19.24,42.37,1
2025-08-13 12:35:11,fran@test.com,2025-08-13 11:41:31,True,48.15,15.65,52.93,1
2025-08-13 12:35:11,delen@test.com,2025-08-13 10:51:24,True,52.64,13.26,51.16,2
2025-08-13 12:35:11,sera@test.com,2025-08-13 11:21:22,True,49.81,14.85,26.93,2
2025-08-13 12:35:11,jack@test.com,2025-08-13 10:48:24,True,18.44,15.32,7.03,0
2025-08-13 12:35:13,alice@test.com,2025-08-13 11:43:22,True,8.93,19.18,64.79,0
2025-08-13 12:35:13,bob@test.com,2025-08-13 12:19:24,True,63.16,36.74,71.05,5
2025-08-13 12:35:13,hanilee@test.com,2025-08-13 12:15:22,True,27.58,29.54,75.87,2
2025-08-13 12:35:13,tim@test.com,2025-08-13 11:33:22,True,30.56,11.81,39.5,3
2025-08-13 12:35:13,fran@test.com,2025-08-13 11:41:31,True,44.48,9.28,49.3,1
2025-08-13 12:35:13,delen@test.com,2025-08-13 10:51:24,True,58.68,14.11,49.94,4
2025-08-13 12:35:13,sera@test.com,2025-08-13 11:21:22,True,54.61,12.78,24.77,3
2025-08-13 12:35:13,jack@test.com,2025-08-13 10:48:24,True,21.27,19.72,9.97,0
2025-08-13 12:35:15,alice@test.com,2025-08-13 11:43:22,True,6.83,20.46,59.66,1
2025-08-13 12:35:15,bob@test.com,2025-08-13 12:19:24,True,60.02,46.13,70.14,5
2025-08-13 12:35:15,hanilee@test.com,2025-08-13 12:15:22,True,29.04,26.71,75.86,2
2025-08-13 12:35:15,tim@test.com,2025-08-13 11:33:22,True,40.51,10.74,35.39,2
2025-08-13 12:35:15,fran@test.com,2025-08-13 11:41:31,True,40.53,10.98,49.98,2
2025-08-13 12:35:15,delen@test.com,2025-08-13 10:51:24,True,52.33,15.87,53.04,2
2025-08-13 12:35:15,sera@test.com,2025-08-13 11:21:22,True,50.12,19.82,24.33,1
2025-08-13 12:35:15,jack@test.com,2025-08-13 10:48:24,True,21.68,15.88,10.52,2
2025-08-13 12:35:17,alice@test.com,2025-08-13 11:43:22,True,16.09,18.14,60.48,2
2025-08-13 12:35:17,bob@test.com,2025-08-13 12:19:24,True,59.13,44.63,71.22,5
2025-08-13 12:35:17,hanilee@test.com,2025-08-13 12:15:22,True,25.44,29.38,77.98,1
2025-08-13 12:35:17,tim@test.com,2025-08-13 11:33:22,True,33.34,14.85,37.97,1
2025-08-13 12:35:17,fran@test.com,2025-08-13 11:41:31,True,49.64,12.08,52.08,4
2025-08-13 12:35:17,delen@test.com,2025-08-13 10:51:24,True,47.55,14.48,50.22,3
2025-08-13 12:35:17,sera@test.com,2025-08-13 11:21:22,True,49.99,15.99,23.59,2
2025-08-13 12:35:17,jack@test.com,2025-08-13 10:48:24,True,18.39,16.89,11.97,1
2025-08-13 12:35:19,alice@test.com,2025-08-13 11:43:22,True,15.74,21.81,60.9,2
2025-08-13 12:35:19,bob@test.com,2025-08-13 12:19:24,True,56.03,45.46,68.37,5
2025-08-13 12:35:19,hanilee@test.com,2025-08-13 12:15:22,True,27.0,37.11,73.97,2
2025-08-13 12:35:19,tim@test.com,2025-08-13 11:33:22,True,40.83,9.52,39.15,1
2025-08-13 12:35:19,fran@test.com,2025-08-13 11:41:31,True,43.86,15.32,52.54,3
2025-08-13 12:35:19,delen@test.com,2025-08-13 10:51:24,True,53.9,17.3,52.43,2
2025-08-13 12:35:19,sera@test.com,2025-08-13 11:21:22,True,50.86,16.29,24.99,2
2025-08-13 12:35:19,jack@test.com,2025-08-13 10:48:24,True,17.23,21.17,11.01,1
2025-08-13 12:35:21,alice@test.com,2025-08-13 11:43:22,True,10.31,19.3,62.48,1
2025-08-13 12:35:21,bob@test.com,2025-08-13 12:19:24,True,55.75,46.96,68.57,5
2025-08-13 12:35:21,hanilee@test.com,2025-08-13 12:15:22,True,23.43,32.39,77.16,5
2025-08-13 12:35:21,tim@test.com,2025-08-13 11:33:22,True,33.11,8.26,40.61,4
2025-08-13 12:35:21,fran@test.com,2025-08-13 11:41:31,True,39.01,15.01,50.19,3
2025-08-13 12:35:21,delen@test.com,2025-08-13 10:51:24,True,55.34,11.35,45.51,3
2025-08-13 12:35:21,sera@test.com,2025-08-13 11:21:22,True,48.68,14.81,25.26,4
2025-08-13 12:35:21,jack@test.com,2025-08-13 10:48:24,True,17.39,17.27,9.85,0
2025-08-13 12:35:23,alice@test.com,2025-08-13 11:43:22,True,9.28,22.04,60.38,1
2025-08-13 12:35:23,bob@test.com,2025-08-13 12:19:24,True,63.7,47.24,73.11,5
2025-08-13 12:35:23,hanilee@test.com,2025-08-13 12:15:22,True,24.34,30.17,75.51,4
2025-08-13 12:35:23,tim@test.com,2025-08-13 11:33:22,True,36.14,17.15,43.14,0
2025-08-13 12:35:23,fran@test.com,2025-08-13 11:41:31,True,45.25,12.74,53.3,2
2025-08-13 12:35:23,delen@test.com,2025-08-13 10:51:24,True,56.18,7.45,51.13,4
2025-08-13 12:35:23,sera@test.com,2025-08-13 11:21:22,True,46.37,18.13,26.24,2
2025-08-13 12:35:23,jack@test.com,2025-08-13 10:48:24,True,18.85,20.4,6.36,1
2025-08-13 12:35:25,alice@test.com,2025-08-13 11:43:22,True,4.01,17.32,64.65,0
2025-08-13 12:35:25,bob@test.com,2025-08-13 12:19:24,True,64.4,47.68,70.7,5
2025-08-13 12:35:25,hanilee@test.com,2025-08-13 12:15:22,True,28.32,28.79,76.1,4
2025-08-13 12:35:25,tim@test.com,2025-08-13 11:33:22,True,37.12,8.88,35.91,1
2025-08-13 12:35:25,fran@test.com,2025-08-13 11:41:31,True,50.31,7.7,50.88,3
2025-08-13 12:35:25,delen@test.com,2025-08-13 10:51:24,True,55.22,14.98,50.22,5
2025-08-13 12:35:25,sera@test.com,2025-08-13 11:21:22,True,51.07,18.54,24.27,3
2025-08-13 12:35:25,jack@test.com,2025-08-13 10:48:24,True,22.37,21.93,7.46,0
2025-08-13 12:35:27,alice@test.com,2025-08-13 11:43:22,True,11.68,22.95,61.06,2
2025-08-13 12:35:27,bob@test.com,2025-08-13 12:19:24,True,62.55,48.04,71.98,5
2025-08-13 12:35:27,hanilee@test.com,2025-08-13 12:15:22,True,27.78,29.43,76.04,3
2025-08-13 12:35:27,tim@test.com,2025-08-13 11:33:22,True,32.62,15.31,38.44,2
2025-08-13 12:35:27,fran@test.com,2025-08-13 11:41:31,True,42.02,10.49,49.56,3
2025-08-13 12:35:27,delen@test.com,2025-08-13 10:51:24,True,57.07,17.98,51.04,4
2025-08-13 12:35:27,sera@test.com,2025-08-13 11:21:22,True,49.23,12.75,26.52,2
2025-08-13 12:35:27,jack@test.com,2025-08-13 10:48:24,True,25.41,18.34,10.28,0
2025-08-13 12:35:29,alice@test.com,2025-08-13 11:43:22,True,6.77,21.12,66.77,2
2025-08-13 12:35:29,bob@test.com,2025-08-13 12:19:24,True,62.3,43.13,72.56,5
2025-08-13 12:35:29,hanilee@test.com,2025-08-13 12:15:22,True,21.43,25.45,73.12,4
2025-08-13 12:35:29,tim@test.com,2025-08-13 11:33:22,True,31.38,13.34,40.12,2
2025-08-13 12:35:29,fran@test.com,2025-08-13 11:41:31,True,45.09,13.3,52.23,3
2025-08-13 12:35:29,delen@test.com,2025-08-13 10:51:24,True,58.44,17.53,50.01,4
2025-08-13 12:35:29,sera@test.com,2025-08-13 11:21:22,True,44.91,15.21,23.56,0
2025-08-13 12:35:29,jack@test.com,2025-08-13 10:48:24,True,21.26,19.64,7.42,0
2025-08-13 12:35:31,alice@test.com,2025-08-13 11:43:22,True,6.05,19.47,61.54,1
2025-08-13 12:35:31,bob@test.com,2025-08-13 12:19:24,True,53.96,47.77,68.19,5
2025-08-13 12:35:31,hanilee@test.com,2025-08-13 12:15:22,True,26.85,30.32,73.61,5
2025-08-13 12:35:31,tim@test.com,2025-08-13 11:33:22,True,38.21,9.34,40.55,1
2025-08-13 12:35:31,fran@test.com,2025-08-13 11:41:31,True,44.41,15.35,51.11,2
2025-08-13 12:35:31,delen@test.com,2025-08-13 10:51:24,True,52.45,17.23,49.71,3
2025-08-13 12:35:31,sera@test.com,2025-08-13 11:21:22,True,49.81,20.04,21.6,2
2025-08-13 12:35:31,jack@test.com,2025-08-13 10:48:24,True,17.14,21.51,7.63,2
2025-08-13 12:35:33,alice@test.com,2025-08-13 11:43:22,True,10.15,17.73,60.35,2
2025-08-13 12:35:33,bob@test.com,2025-08-13 12:19:24,True,60.51,47.32,67.52,5
2025-08-13 12:35:33,hanilee@test.com,2025-08-13 12:15:22,True,27.08,27.95,76.98,2
2025-08-13 12:35:33,tim@test.com,2025-08-13 11:33:22,True,34.92,10.07,40.69,1
2025-08-13 12:35:33,fran@test.com,2025-08-13 11:41:31,True,43.81,15.7,49.25,3
2025-08-13 12:35:33,delen@test.com,2025-08-13 10:51:24,True,54.03,17.29,55.89,3
2025-08-13 12:35:33,sera@test.com,2025-08-13 11:21:22,True,50.89,11.1,23.23,1
2025-08-13 12:35:33,jack@test.com,2025-08-13 10:48:24,True,21.14,17.04,8.86,1
2025-08-13 12:35:35,alice@test.com,2025-08-13 11:43:22,True,7.87,16.16,64.52,1
2025-08-13 12:35:35,bob@test.com,2025-08-13 12:19:24,True,58.65,47.5,71.79,7
2025-08-13 12:35:35,hanilee@test.com,2025-08-13 12:15:22,True,26.5,29.85,80.98,4
2025-08-13 12:35:35,tim@test.com,2025-08-13 11:33:22,True,35.66,9.8,42.28,1
2025-08-13 12:35:35,fran@test.com,2025-08-13 11:41:31,True,46.97,9.89,48.91,2
2025-08-13 12:35:35,delen@test.com,2025-08-13 10:51:24,True,56.35,13.58,49.34,3
2025-08-13 12:35:35,sera@test.com,2025-08-13 11:21:22,True,51.79,16.16,24.77,3
2025-08-13 12:35:35,jack@test.com,2025-08-13 10:48:24,True,26.56,21.62,9.0,0
2025-08-13 12:35:37,alice@test.com,2025-08-13 11:43:22,True,13.95,19.3,61.92,2
2025-08-13 12:35:37,bob@test.com,2025-08-13 12:19:24,True,57.68,41.39,72.55,5
2025-08-13 12:35:37,hanilee@test.com,2025-08-13 12:15:22,True,30.8,33.78,78.52,2
2025-08-13 12:35:37,tim@test.com,2025-08-13 11:33:22,True,37.16,9.06,40.64,2
2025-08-13 12:35:37,fran@test.com,2025-08-13 11:41:31,True,42.91,13.5,49.58,2
2025-08-13 12:35:37,delen@test.com,2025-08-13 10:51:24,True,49.89,13.77,53.94,4
2025-08-13 12:35:37,sera@test.com,2025-08-13 11:21:22,True,53.85,17.46,27.3,4
2025-08-13 12:35:37,jack@test.com,2025-08-13 10:48:24,True,19.51,16.84,9.63,0
2025-08-13 12:35:39,alice@test.com,2025-08-13 11:43:22,True,10.07,22.79,60.58,1
2025-08-13 12:35:39,bob@test.com,2025-08-13 12:19:24,True,56.57,44.08,69.42,2
2025-08-13 12:35:39,hanilee@test.com,2025-08-13 12:15:22,True,26.32,31.98,78.89,2
2025-08-13 12:35:39,tim@test.com,2025-08-13 11:33:22,True,29.95,8.57,42.91,2
2025-08-13 12:35:39,fran@test.com,2025-08-13 11:41:31,True,42.33,16.88,49.15,3
2025-08-13 12:35:39,delen@test.com,2025-08-13 10:51:24,True,54.27,14.7,51.36,3
2025-08-13 12:35:39,sera@test.com,2025-08-13 11:21:22,True,47.71,15.57,22.96,3
2025-08-13 12:35:39,jack@test.com,2025-08-13 10:48:24,True,13.43,15.43,10.92,1
2025-08-13 12:35:41,alice@test.com,2025-08-13 11:43:22,True,9.09,19.93,64.97,3
2025-08-13 12:35:41,bob@test.com,2025-08-13 12:19:24,True,60.86,47.4,71.15,6
2025-08-13 12:35:41,hanilee@test.com,2025-08-13 12:15:22,True,29.09,34.07,78.05,2
2025-08-13 12:35:41,tim@test.com,2025-08-13 11:33:22,True,32.31,12.37,43.4,1
2025-08-13 12:35:41,fran@test.com,2025-08-13 11:41:31,True,43.63,11.17,51.87,1
2025-08-13 12:35:41,delen@test.com,2025-08-13 10:51:24,True,52.43,15.43,49.75,4
2025-08-13 12:35:41,sera@test.com,2025-08-13 11:21:22,True,47.52,16.31,27.87,3
2025-08-13 12:35:41,jack@test.com,2025-08-13 10:48:24,True,19.02,16.43,7.73,0
2025-08-13 12:35:43,alice@test.com,2025-08-13 11:43:22,True,5.13,17.63,58.92,1
2025-08-13 12:35:43,bob@test.com,2025-08-13 12:19:24,True,57.15,47.12,69.53,7
2025-08-13 12:35:43,hanilee@test.com,2025-08-13 12:15:22,True,23.47,34.56,79.42,3
2025-08-13 12:35:43,tim@test.com,2025-08-13 11:33:22,True,32.71,9.88,42.3,1
2025-08-13 12:35:43,fran@test.com,2025-08-13 11:41:31,True,46.24,11.18,50.37,3
2025-08-13 12:35:43,delen@test.com,2025-08-13 10:51:24,True,50.02,13.45,50.12,5
2025-08-13 12:35:43,sera@test.com,2025-08-13 11:21:22,True,50.78,19.37,23.95,1
2025-08-13 12:35:43,jack@test.com,2025-08-13 10:48:24,True,13.64,21.8,6.49,0
2025-08-13 12:35:45,alice@test.com,2025-08-13 11:43:22,True,11.41,15.04,62.25,1
2025-08-13 12:35:45,bob@test.com,2025-08-13 12:19:24,True,60.43,42.4,70.84,5
2025-08-13 12:35:45,hanilee@test.com,2025-08-13 12:15:22,True,25.42,30.43,75.9,2
2025-08-13 12:35:45,tim@test.com,2025-08-13 11:33:22,True,38.61,6.89,37.03,1
2025-08-13 12:35:45,fran@test.com,2025-08-13 11:41:31,True,50.47,13.09,53.21,3
2025-08-13 12:35:45,delen@test.com,2025-08-13 10:51:24,True,54.42,15.05,48.7,5
2025-08-13 12:35:45,sera@test.com,2025-08-13 11:21:22,True,49.91,17.32,26.59,1
2025-08-13 12:35:45,jack@test.com,2025-08-13 10:48:24,True,23.43,18.2,12.38,0
2025-08-13 12:35:47,alice@test.com,2025-08-13 11:43:22,True,7.04,21.68,64.34,0
2025-08-13 12:35:47,bob@test.com,2025-08-13 12:19:24,True,63.86,41.87,67.67,7
2025-08-13 12:35:47,hanilee@test.com,2025-08-13 12:15:22,True,26.08,28.99,73.95,3
2025-08-13 12:35:47,tim@test.com,2025-08-13 11:33:22,True,36.87,11.64,38.87,4
2025-08-13 12:35:47,fran@test.com,2025-08-13 11:41:31,True,45.37,9.31,50.25,4
2025-08-13 12:35:47,delen@test.com,2025-08-13 10:51:24,True,54.49,17.2,50.1,4
2025-08-13 12:35:47,sera@test.com,2025-08-13 11:21:22,True,52.97,13.23,21.72,1
2025-08-13 12:35:47,jack@test.com,2025-08-13 10:48:24,True,19.86,14.44,11.1,0
2025-08-13 12:35:49,alice@test.com,2025-08-13 11:43:22,True,9.53,19.49,63.05,1
2025-08-13 12:35:49,bob@test.com,2025-08-13 12:19:24,True,57.39,42.94,70.45,6
2025-08-13 12:35:49,hanilee@test.com,2025-08-13 12:15:22,True,23.13,31.7,76.32,2
2025-08-13 12:35:49,tim@test.com,2025-08-13 11:33:22,True,32.46,14.1,41.13,2
2025-08-13 12:35:49,fran@test.com,2025-08-13 11:41:31,True,44.31,15.39,48.58,2
2025-08-13 12:35:49,delen@test.com,2025-08-13 10:51:24,True,53.7,16.83,50.71,4
2025-08-13 12:35:49,sera@test.com,2025-08-13 11:21:22,True,46.84,15.16,24.24,1
2025-08-13 12:35:49,jack@test.com,2025-08-13 10:48:24,True,21.83,17.34,11.81,1
2025-08-13 12:35:51,alice@test.com,2025-08-13 11:43:22,True,11.92,14.36,63.36,2
2025-08-13 12:35:51,bob@test.com,2025-08-13 12:19:24,True,53.2,44.32,72.11,5
2025-08-13 12:35:51,hanilee@test.com,2025-08-13 12:15:22,True,24.91,34.67,79.91,2
2025-08-13 12:35:51,tim@test.com,2025-08-13 11:33:22,True,34.36,13.17,40.59,2
2025-08-13 12:35:51,fran@test.com,2025-08-13 11:41:31,True,47.86,12.62,51.52,3
2025-08-13 12:35:51,delen@test.com,2025-08-13 10:51:24,True,59.22,18.37,51.48,3
2025-08-13 12:35:51,sera@test.com,2025-08-13 11:21:22,True,48.21,19.04,22.15,2
2025-08-13 12:35:51,jack@test.com,2025-08-13 10:48:24,True,14.35,19.29,7.72,0
2025-08-13 12:35:53,alice@test.com,2025-08-13 11:43:22,True,9.35,17.54,64.16,2
2025-08-13 12:35:53,bob@test.com,2025-08-13 12:19:24,True,64.93,42.99,69.53,6
2025-08-13 12:35:53,hanilee@test.com,2025-08-13 12:15:22,True,20.09,28.3,76.37,3
2025-08-13 12:35:53,tim@test.com,2025-08-13 11:33:22,True,37.07,12.36,37.13,2
2025-08-13 12:35:53,fran@test.com,2025-08-13 11:41:31,True,41.24,16.15,50.25,2
2025-08-13 12:35:53,delen@test.com,2025-08-13 10:51:24,True,59.68,12.87,52.14,5
2025-08-13 12:35:53,sera@test.com,2025-08-13 11:21:22,True,51.24,14.47,24.66,2
2025-08-13 12:35:53,jack@test.com,2025-08-13 10:48:24,True,23.2,20.7,11.65,1
2025-08-13 12:35:55,alice@test.com,2025-08-13 11:43:22,True,12.12,18.36,65.07,2
2025-08-13 12:35:55,bob@test.com,2025-08-13 12:19:24,True,60.9,45.34,72.53,5
2025-08-13 12:35:55,hanilee@test.com,2025-08-13 12:15:22,True,27.13,28.93,75.11,3
2025-08-13 12:35:55,tim@test.com,2025-08-13 11:33:22,True,34.84,10.18,37.55,1
2025-08-13 12:35:55,fran@test.com,2025-08-13 11:41:31,True,50.08,7.08,47.2,3
2025-08-13 12:35:55,delen@test.com,2025-08-13 10:51:24,True,53.62,16.25,51.72,3
2025-08-13 12:35:55,sera@test.com,2025-08-13 11:21:22,True,51.08,17.41,25.23,0
2025-08-13 12:35:55,jack@test.com,2025-08-13 10:48:24,True,18.69,16.15,13.0,0
2025-08-13 12:35:57,alice@test.com,2025-08-13 11:43:22,True,8.21,17.8,65.91,3
2025-08-13 12:35:57,bob@test.com,2025-08-13 12:19:24,True,53.25,46.04,71.53,5
2025-08-13 12:35:57,hanilee@test.com,2025-08-13 12:15:22,True,27.24,29.14,76.34,3
2025-08-13 12:35:57,tim@test.com,2025-08-13 11:33:22,True,40.02,12.39,35.34,2
2025-08-13 12:35:57,fran@test.com,2025-08-13 11:41:31,True,46.95,11.67,50.37,2
2025-08-13 12:35:57,delen@test.com,2025-08-13 10:51:24,True,53.7,17.43,49.89,3
2025-08-13 12:35:57,sera@test.com,2025-08-13 11:21:22,True,50.08,12.02,24.55,2
2025-08-13 12:35:57,jack@test.com,2025-08-13 10:48:24,True,19.71,17.11,11.04,0
2025-08-13 12:35:59,alice@test.com,2025-08-13 11:43:22,True,9.7,22.56,61.34,3
2025-08-13 12:35:59,bob@test.com,2025-08-13 12:19:24,True,62.94,50.32,72.04,4
2025-08-13 12:35:59,hanilee@test.com,2025-08-13 12:15:22,True,24.45,29.15,77.61,2
2025-08-13 12:35:59,tim@test.com,2025-08-13 11:33:22,True,34.57,14.16,42.05,2
2025-08-13 12:35:59,fran@test.com,2025-08-13 11:41:31,True,50.68,12.17,51.54,2
2025-08-13 12:35:59,delen@test.com,2025-08-13 10:51:24,True,55.46,13.99,49.3,3
2025-08-13 12:35:59,sera@test.com,2025-08-13 11:21:22,True,39.79,15.2,23.46,2
2025-08-13 12:35:59,jack@test.com,2025-08-13 10:48:24,True,24.12,14.86,9.87,0
2025-08-13 12:36:01,alice@test.com,2025-08-13 11:43:22,True,9.68,21.83,63.08,2
2025-08-13 12:36:01,bob@test.com,2025-08-13 12:19:24,True,57.49,45.2,68.8,5
2025-08-13 12:36:01,hanilee@test.com,2025-08-13 12:15:22,True,23.26,32.25,76.43,1
2025-08-13 12:36:01,tim@test.com,2025-08-13 11:33:22,True,30.26,12.89,40.12,2
2025-08-13 12:36:01,fran@test.com,2025-08-13 11:41:31,True,44.39,12.75,48.65,3
2025-08-13 12:36:01,delen@test.com,2025-08-13 10:51:24,True,51.48,14.67,53.55,3
2025-08-13 12:36:01,sera@test.com,2025-08-13 11:21:22,True,47.68,15.86,27.0,2
2025-08-13 12:36:01,jack@test.com,2025-08-13 10:48:24,True,20.06,16.2,9.53,1
2025-08-13 12:36:03,alice@test.com,2025-08-13 11:43:22,True,10.0,18.68,60.67,1
2025-08-13 12:36:03,bob@test.com,2025-08-13 12:19:24,True,60.17,43.03,71.8,6
2025-08-13 12:36:03,hanilee@test.com,2025-08-13 12:15:22,True,25.58,26.79,75.32,2
2025-08-13 12:36:03,tim@test.com,2025-08-13 11:33:22,True,37.31,10.89,40.85,2
2025-08-13 12:36:03,fran@test.com,2025-08-13 11:41:31,True,38.76,14.46,47.55,4
2025-08-13 12:36:03,delen@test.com,2025-08-13 10:51:24,True,52.12,20.56,49.08,3
2025-08-13 12:36:03,sera@test.com,2025-08-13 11:21:22,True,46.3,14.53,27.06,2
2025-08-13 12:36:03,jack@test.com,2025-08-13 10:48:24,True,26.56,16.93,6.46,1
2025-08-13 12:36:05,alice@test.com,2025-08-13 11:43:22,True,9.83,26.55,62.8,1
2025-08-13 12:36:05,bob@test.com,2025-08-13 12:19:24,True,60.9,49.3,70.53,5
2025-08-13 12:36:05,hanilee@test.com,2025-08-13 12:15:22,True,26.31,30.34,75.85,2
2025-08-13 12:36:05,tim@test.com,2025-08-13 11:33:22,True,31.69,10.08,42.91,1
2025-08-13 12:36:05,fran@test.com,2025-08-13 11:41:31,True,47.61,15.62,51.05,3
2025-08-13 12:36:05,delen@test.com,2025-08-13 10:51:24,True,57.51,12.93,50.76,3
2025-08-13 12:36:05,sera@test.com,2025-08-13 11:21:22,True,48.75,11.63,25.5,1
2025-08-13 12:36:05,jack@test.com,2025-08-13 10:48:24,True,22.45,16.31,10.33,2
2025-08-13 12:36:07,alice@test.com,2025-08-13 11:43:22,True,8.76,18.31,58.99,1
2025-08-13 12:36:07,bob@test.com,2025-08-13 12:19:24,True,56.05,48.4,69.03,5
2025-08-13 12:36:07,hanilee@test.com,2025-08-13 12:15:22,True,20.95,33.23,80.95,3
2025-08-13 12:36:07,tim@test.com,2025-08-13 11:33:22,True,32.79,8.69,42.14,1
2025-08-13 12:36:07,fran@test.com,2025-08-13 11:41:31,True,44.85,17.65,46.79,5
2025-08-13 12:36:07,delen@test.com,2025-08-13 10:51:24,True,56.39,14.28,50.67,2
2025-08-13 12:36:07,sera@test.com,2025-08-13 11:21:22,True,49.32,20.89,24.49,2
2025-08-13 12:36:07,jack@test.com,2025-08-13 10:48:24,True,27.85,13.17,11.5,0
2025-08-13 12:36:09,alice@test.com,2025-08-13 11:43:22,True,10.5,16.6,58.41,1
2025-08-13 12:36:09,bob@test.com,2025-08-13 12:19:24,True,57.4,50.89,68.91,6
2025-08-13 12:36:09,hanilee@test.com,2025-08-13 12:15:22,True,26.86,27.22,74.67,2
2025-08-13 12:36:09,tim@test.com,2025-08-13 11:33:22,True,34.18,10.35,44.59,2
2025-08-13 12:36:09,fran@test.com,2025-08-13 11:41:31,True,47.67,15.73,48.0,5
2025-08-13 12:36:09,delen@test.com,2025-08-13 10:51:24,True,54.44,13.52,49.53,3
2025-08-13 12:36:09,sera@test.com,2025-08-13 11:21:22,True,48.33,12.97,23.66,2
2025-08-13 12:36:09,jack@test.com,2025-08-13 10:48:24,True,18.56,17.46,9.27,1
2025-08-13 12:36:11,alice@test.com,2025-08-13 11:43:22,True,5.74,20.54,62.58,1
2025-08-13 12:36:11,bob@test.com,2025-08-13 12:19:24,True,58.87,48.0,69.96,6
2025-08-13 12:36:11,hanilee@test.com,2025-08-13 12:15:22,True,23.87,29.33,77.01,2
2025-08-13 12:36:11,tim@test.com,2025-08-13 11:33:22,True,35.34,7.45,39.62,1
2025-08-13 12:36:11,fran@test.com,2025-08-13 11:41:31,True,44.03,14.54,47.84,4
2025-08-13 12:36:11,delen@test.com,2025-08-13 10:51:24,True,54.16,17.39,46.37,2
2025-08-13 12:36:11,sera@test.com,2025-08-13 11:21:22,True,43.66,16.79,24.46,0
2025-08-13 12:36:11,jack@test.com,2025-08-13 10:48:24,True,21.5,17.62,10.37,0
2025-08-13 12:36:13,alice@test.com,2025-08-13 11:43:22,True,9.85,22.57,62.57,0
2025-08-13 12:36:13,bob@test.com,2025-08-13 12:19:24,True,58.75,41.35,70.13,5
2025-08-13 12:36:13,hanilee@test.com,2025-08-13 12:15:22,True,21.63,27.25,73.67,2
2025-08-13 12:36:13,tim@test.com,2025-08-13 11:33:22,True,32.76,13.43,38.97,2
2025-08-13 12:36:13,fran@test.com,2025-08-13 11:41:31,True,45.04,12.82,50.15,5
2025-08-13 12:36:13,delen@test.com,2025-08-13 10:51:24,True,54.71,16.45,48.46,3
2025-08-13 12:36:13,sera@test.com,2025-08-13 11:21:22,True,48.54,20.12,21.89,2
2025-08-13 12:36:13,jack@test.com,2025-08-13 10:48:24,True,21.71,18.25,9.29,2
2025-08-13 12:36:15,alice@test.com,2025-08-13 11:43:22,True,10.65,25.34,60.63,1
2025-08-13 12:36:15,bob@test.com,2025-08-13 12:19:24,True,60.65,43.18,71.2,4
2025-08-13 12:36:15,hanilee@test.com,2025-08-13 12:15:22,True,29.17,34.02,75.25,2
2025-08-13 12:36:15,tim@test.com,2025-08-13 11:33:22,True,33.33,13.77,36.11,2
2025-08-13 12:36:15,fran@test.com,2025-08-13 11:41:31,True,40.9,13.71,49.08,3
2025-08-13 12:36:15,delen@test.com,2025-08-13 10:51:24,True,58.98,15.77,46.84,5
2025-08-13 12:36:15,sera@test.com,2025-08-13 11:21:22,True,47.07,18.02,24.93,3
2025-08-13 12:36:15,jack@test.com,2025-08-13 10:48:24,True,26.44,17.89,7.03,1
2025-08-13 12:36:17,alice@test.com,2025-08-13 11:43:22,True,15.3,19.59,58.69,2
2025-08-13 12:36:17,bob@test.com,2025-08-13 12:19:24,True,63.39,45.1,71.15,6
2025-08-13 12:36:17,hanilee@test.com,2025-08-13 12:15:22,True,24.36,33.38,75.53,3
2025-08-13 12:36:17,tim@test.com,2025-08-13 11:33:22,True,39.6,16.45,41.89,2
2025-08-13 12:36:17,fran@test.com,2025-08-13 11:41:31,True,42.68,11.64,51.51,3
2025-08-13 12:36:17,delen@test.com,2025-08-13 10:51:24,True,58.65,13.77,47.43,4
2025-08-13 12:36:17,sera@test.com,2025-08-13 11:21:22,True,50.09,12.5,23.72,0
2025-08-13 12:36:17,jack@test.com,2025-08-13 10:48:24,True,20.07,15.99,5.19,1
2025-08-13 12:36:19,alice@test.com,2025-08-13 11:43:22,True,10.94,23.89,63.84,3
2025-08-13 12:36:19,bob@test.com,2025-08-13 12:19:24,True,63.65,46.42,73.63,5
2025-08-13 12:36:19,hanilee@test.com,2025-08-13 12:15:22,True,26.76,31.92,80.65,3
2025-08-13 12:36:19,tim@test.com,2025-08-13 11:33:22,True,35.59,14.31,39.2,2
2025-08-13 12:36:19,fran@test.com,2025-08-13 11:41:31,True,48.88,14.06,52.68,4
2025-08-13 12:36:19,delen@test.com,2025-08-13 10:51:24,True,52.72,20.63,54.13,3
2025-08-13 12:36:19,sera@test.com,2025-08-13 11:21:22,True,49.12,9.52,25.76,2
2025-08-13 12:36:19,jack@test.com,2025-08-13 10:48:24,True,24.34,10.38,12.14,1
2025-08-13 12:36:21,alice@test.com,2025-08-13 11:43:22,True,12.99,24.76,62.85,1
2025-08-13 12:36:21,bob@test.com,2025-08-13 12:19:24,True,64.28,44.2,70.43,6
2025-08-13 12:36:21,hanilee@test.com,2025-08-13 12:15:22,True,24.91,34.51,75.82,1
2025-08-13 12:36:21,tim@test.com,2025-08-13 11:33:22,True,35.91,7.02,39.34,1
2025-08-13 12:36:21,fran@test.com,2025-08-13 11:41:31,True,44.28,12.82,51.21,4
2025-08-13 12:36:21,delen@test.com,2025-08-13 10:51:24,True,53.06,10.89,48.78,4
2025-08-13 12:36:21,sera@test.com,2025-08-13 11:21:22,True,48.38,9.56,24.03,2
2025-08-13 12:36:21,jack@test.com,2025-08-13 10:48:24,True,25.22,17.58,10.8,1
2025-08-13 12:36:23,alice@test.com,2025-08-13 11:43:22,True,7.84,21.81,62.25,3
2025-08-13 12:36:23,bob@test.com,2025-08-13 12:19:24,True,63.81,40.01,66.25,5
2025-08-13 12:36:23,hanilee@test.com,2025-08-13 12:15:22,True,24.79,30.89,76.82,2
2025-08-13 12:36:23,tim@test.com,2025-08-13 11:33:22,True,38.16,14.19,36.55,2
2025-08-13 12:36:23,fran@test.com,2025-08-13 11:41:31,True,45.02,12.59,52.4,4
2025-08-13 12:36:23,delen@test.com,2025-08-13 10:51:24,True,59.24,11.93,52.15,5
2025-08-13 12:36:23,sera@test.com,2025-08-13 11:21:22,True,54.09,15.42,23.95,1
2025-08-13 12:36:23,jack@test.com,2025-08-13 10:48:24,True,20.87,14.51,9.9,1
2025-08-13 12:36:25,alice@test.com,2025-08-13 11:43:22,True,8.85,21.4,64.94,0
2025-08-13 12:36:25,bob@test.com,2025-08-13 12:19:24,True,57.4,42.39,73.74,5
2025-08-13 12:36:25,hanilee@test.com,2025-08-13 12:15:22,True,25.88,29.24,77.98,3
2025-08-13 12:36:25,tim@test.com,2025-08-13 11:33:22,True,35.61,11.86,44.51,2
2025-08-13 12:36:25,fran@test.com,2025-08-13 11:41:31,True,48.62,15.15,52.09,2
2025-08-13 12:36:25,delen@test.com,2025-08-13 10:51:24,True,52.77,17.71,52.83,5
2025-08-13 12:36:25,sera@test.com,2025-08-13 11:21:22,True,48.35,17.85,29.36,1
2025-08-13 12:36:25,jack@test.com,2025-08-13 10:48:24,True,23.9,16.24,15.01,2
2025-08-13 12:36:27,alice@test.com,2025-08-13 11:43:22,True,16.68,24.88,60.63,3
2025-08-13 12:36:27,bob@test.com,2025-08-13 12:19:24,True,54.76,46.78,68.84,7
2025-08-13 12:36:27,hanilee@test.com,2025-08-13 12:15:22,True,20.22,34.53,76.41,3
2025-08-13 12:36:27,tim@test.com,2025-08-13 11:33:22,True,32.47,16.47,39.14,2
2025-08-13 12:36:27,fran@test.com,2025-08-13 11:41:31,True,46.0,11.96,51.72,3
2025-08-13 12:36:27,delen@test.com,2025-08-13 10:51:24,True,53.26,15.35,48.13,4
2025-08-13 12:36:27,sera@test.com,2025-08-13 11:21:22,True,51.34,13.04,27.81,1
2025-08-13 12:36:27,jack@test.com,2025-08-13 10:48:24,True,14.45,10.6,13.41,0
2025-08-13 12:36:29,alice@test.com,2025-08-13 11:43:22,True,12.78,21.28,65.19,0
2025-08-13 12:36:29,bob@test.com,2025-08-13 12:19:24,True,55.79,45.68,73.78,5
2025-08-13 12:36:29,hanilee@test.com,2025-08-13 12:15:22,True,23.69,34.36,74.7,2
2025-08-13 12:36:29,tim@test.com,2025-08-13 11:33:22,True,37.74,17.05,41.14,2
2025-08-13 12:36:29,fran@test.com,2025-08-13 11:41:31,True,41.94,16.34,49.05,1
2025-08-13 12:36:29,delen@test.com,2025-08-13 10:51:24,True,57.66,17.71,51.55,4
2025-08-13 12:36:29,sera@test.com,2025-08-13 11:21:22,True,49.43,17.17,24.85,2
2025-08-13 12:36:29,jack@test.com,2025-08-13 10:48:24,True,19.59,16.83,10.04,2
2025-08-13 12:36:31,alice@test.com,2025-08-13 11:43:22,True,7.09,25.61,61.07,2
2025-08-13 12:36:31,bob@test.com,2025-08-13 12:19:24,True,59.35,45.04,71.62,5
2025-08-13 12:36:31,hanilee@test.com,2025-08-13 12:15:22,True,25.36,27.81,80.26,3
2025-08-13 12:36:31,tim@test.com,2025-08-13 11:33:22,True,32.94,12.52,41.69,2
2025-08-13 12:36:31,fran@test.com,2025-08-13 11:41:31,True,46.75,9.87,49.77,2
2025-08-13 12:36:31,delen@test.com,2025-08-13 10:51:24,True,51.1,15.79,51.94,3
2025-08-13 12:36:31,sera@test.com,2025-08-13 11:21:22,True,52.47,15.84,26.09,1
2025-08-13 12:36:31,jack@test.com,2025-08-13 10:48:24,True,22.3,16.97,9.04,0
2025-08-13 12:36:33,alice@test.com,2025-08-13 11:43:22,True,14.53,22.14,59.74,1
2025-08-13 12:36:33,bob@test.com,2025-08-13 12:19:24,True,58.39,39.36,70.0,5
2025-08-13 12:36:33,hanilee@test.com,2025-08-13 12:15:22,True,22.69,31.65,76.34,3
2025-08-13 12:36:33,tim@test.com,2025-08-13 11:33:22,True,38.84,10.73,41.22,2
2025-08-13 12:36:33,fran@test.com,2025-08-13 11:41:31,True,43.45,13.89,50.53,3
2025-08-13 12:36:33,delen@test.com,2025-08-13 10:51:24,True,52.98,14.64,52.99,3
2025-08-13 12:36:33,sera@test.com,2025-08-13 11:21:22,True,47.35,17.33,24.15,1
2025-08-13 12:36:33,jack@test.com,2025-08-13 10:48:24,True,21.15,20.31,11.71,1
2025-08-13 12:36:35,alice@test.com,2025-08-13 11:43:22,True,10.71,16.58,61.72,2
2025-08-13 12:36:35,bob@test.com,2025-08-13 12:19:24,True,61.82,46.35,68.97,7
2025-08-13 12:36:35,hanilee@test.com,2025-08-13 12:15:22,True,28.12,31.13,78.44,2
2025-08-13 12:36:35,tim@test.com,2025-08-13 11:33:22,True,38.43,9.84,41.49,3
2025-08-13 12:36:35,fran@test.com,2025-08-13 11:41:31,True,44.88,14.83,46.29,3
2025-08-13 12:36:35,delen@test.com,2025-08-13 10:51:24,True,51.9,14.83,49.82,5
2025-08-13 12:36:35,sera@test.com,2025-08-13 11:21:22,True,44.63,14.79,25.47,2
2025-08-13 12:36:35,jack@test.com,2025-08-13 10:48:24,True,18.3,18.53,12.67,0
2025-08-13 12:36:37,alice@test.com,2025-08-13 11:43:22,True,14.04,21.28,63.83,2
2025-08-13 12:36:37,bob@test.com,2025-08-13 12:19:24,True,61.64,43.9,71.72,5
2025-08-13 12:36:37,hanilee@test.com,2025-08-13 12:15:22,True,23.07,29.95,77.87,4
2025-08-13 12:36:37,tim@test.com,2025-08-13 11:33:22,True,35.64,5.17,38.55,1
2025-08-13 12:36:37,fran@test.com,2025-08-13 11:41:31,True,43.49,15.6,49.28,3
2025-08-13 12:36:37,delen@test.com,2025-08-13 10:51:24,True,50.71,14.55,47.39,6
2025-08-13 12:36:37,sera@test.com,2025-08-13 11:21:22,True,44.44,12.12,21.93,2
2025-08-13 12:36:37,jack@test.com,2025-08-13 10:48:24,True,24.26,20.42,8.3,2
2025-08-13 12:36:39,alice@test.com,2025-08-13 11:43:22,True,3.44,11.81,64.96,2
2025-08-13 12:36:39,bob@test.com,2025-08-13 12:19:24,True,68.84,45.53,69.4,4
2025-08-13 12:36:39,hanilee@test.com,2025-08-13 12:15:22,True,19.58,35.25,76.74,2
2025-08-13 12:36:39,tim@test.com,2025-08-13 11:33:22,True,37.1,14.25,43.05,3
2025-08-13 12:36:39,fran@test.com,2025-08-13 11:41:31,True,43.76,16.32,50.36,3
2025-08-13 12:36:39,delen@test.com,2025-08-13 10:51:24,True,57.12,17.04,47.33,3
2025-08-13 12:36:39,sera@test.com,2025-08-13 11:21:22,True,48.8,14.67,25.46,3
2025-08-13 12:36:39,jack@test.com,2025-08-13 10:48:24,True,14.7,17.72,9.64,0
2025-08-13 12:36:41,alice@test.com,2025-08-13 11:43:22,True,14.45,15.75,60.47,2
2025-08-13 12:36:41,bob@test.com,2025-08-13 12:19:24,True,55.61,51.87,68.25,6
2025-08-13 12:36:41,hanilee@test.com,2025-08-13 12:15:22,True,22.38,24.95,80.27,1
2025-08-13 12:36:41,tim@test.com,2025-08-13 11:33:22,True,33.57,15.15,42.3,1
2025-08-13 12:36:41,fran@test.com,2025-08-13 11:41:31,True,43.19,9.13,49.38,1
2025-08-13 12:36:41,delen@test.com,2025-08-13 10:51:24,True,53.9,13.38,48.93,4
2025-08-13 12:36:41,sera@test.com,2025-08-13 11:21:22,True,51.47,17.9,24.7,0
2025-08-13 12:36:41,jack@test.com,2025-08-13 10:48:24,True,21.24,14.73,8.53,0
2025-08-13 12:36:43,alice@test.com,2025-08-13 11:43:22,True,13.13,20.76,62.69,2
2025-08-13 12:36:43,bob@test.com,2025-08-13 12:19:24,True,60.14,49.81,69.33,5
2025-08-13 12:36:43,hanilee@test.com,2025-08-13 12:15:22,True,30.06,29.1,78.37,3
2025-08-13 12:36:43,tim@test.com,2025-08-13 11:33:22,True,38.64,15.91,37.6,2
2025-08-13 12:36:43,fran@test.com,2025-08-13 11:41:31,True,44.17,11.33,49.68,3
2025-08-13 12:36:43,delen@test.com,2025-08-13 10:51:24,True,52.41,21.32,49.83,3
2025-08-13 12:36:43,sera@test.com,2025-08-13 11:21:22,True,46.77,13.85,24.35,3
2025-08-13 12:36:43,jack@test.com,2025-08-13 10:48:24,True,20.69,13.92,7.63,0
2025-08-13 12:36:45,alice@test.com,2025-08-13 11:43:22,True,11.11,21.2,59.92,0
2025-08-13 12:36:45,bob@test.com,2025-08-13 12:19:24,True,64.46,42.26,70.58,5
2025-08-13 12:36:45,hanilee@test.com,2025-08-13 12:15:22,True,26.36,27.85,80.91,2
2025-08-13 12:36:45,tim@test.com,2025-08-13 11:33:22,True,37.05,13.0,38.97,1
2025-08-13 12:36:45,fran@test.com,2025-08-13 11:41:31,True,40.69,10.73,50.86,4
2025-08-13 12:36:45,delen@test.com,2025-08-13 10:51:24,True,53.41,11.2,52.71,3
2025-08-13 12:36:45,sera@test.com,2025-08-13 11:21:22,True,51.85,20.17,27.94,2
2025-08-13 12:36:45,jack@test.com,2025-08-13 10:48:24,True,20.66,13.34,12.26,1
2025-08-13 12:36:47,alice@test.com,2025-08-13 11:43:22,True,7.73,21.97,62.06,2
2025-08-13 12:36:47,bob@test.com,2025-08-13 12:19:24,True,55.22,41.04,70.49,5
2025-08-13 12:36:47,hanilee@test.com,2025-08-13 12:15:22,True,23.75,26.86,75.99,5
2025-08-13 12:36:47,tim@test.com,2025-08-13 11:33:22,True,35.41,14.81,40.77,0
2025-08-13 12:36:47,fran@test.com,2025-08-13 11:41:31,True,38.37,15.44,52.63,2
2025-08-13 12:36:47,delen@test.com,2025-08-13 10:51:24,True,54.9,19.54,53.64,3
2025-08-13 12:36:47,sera@test.com,2025-08-13 11:21:22,True,48.68,17.75,27.44,0
2025-08-13 12:36:47,jack@test.com,2025-08-13 10:48:24,True,24.48,17.95,7.99,1
2025-08-13 12:36:49,alice@test.com,2025-08-13 11:43:22,True,10.94,18.64,64.93,2
2025-08-13 12:36:49,bob@test.com,2025-08-13 12:19:24,True,60.34,45.92,69.9,6
2025-08-13 12:36:49,hanilee@test.com,2025-08-13 12:15:22,True,20.22,31.36,78.04,1
2025-08-13 12:36:49,tim@test.com,2025-08-13 11:33:22,True,36.22,11.7,39.56,1
2025-08-13 12:36:49,fran@test.com,2025-08-13 11:41:31,True,44.38,15.23,46.77,2
2025-08-13 12:36:49,delen@test.com,2025-08-13 10:51:24,True,49.68,14.72,49.85,4
2025-08-13 12:36:49,sera@test.com,2025-08-13 11:21:22,True,46.31,17.03,26.02,2
2025-08-13 12:36:49,jack@test.com,2025-08-13 10:48:24,True,17.57,19.29,7.92,4
2025-08-13 12:36:51,alice@test.com,2025-08-13 11:43:22,True,9.15,18.87,63.35,2
2025-08-13 12:36:51,bob@test.com,2025-08-13 12:19:24,True,64.67,49.35,69.35,6
2025-08-13 12:36:51,hanilee@test.com,2025-08-13 12:15:22,True,24.09,33.57,73.93,2
2025-08-13 12:36:51,tim@test.com,2025-08-13 11:33:22,True,34.35,15.65,40.67,3
2025-08-13 12:36:51,fran@test.com,2025-08-13 11:41:31,True,43.21,13.75,50.4,1
2025-08-13 12:36:51,delen@test.com,2025-08-13 10:51:24,True,57.69,14.04,48.39,3
2025-08-13 12:36:51,sera@test.com,2025-08-13 11:21:22,True,49.7,10.76,22.17,1
2025-08-13 12:36:51,jack@test.com,2025-08-13 10:48:24,True,14.57,18.3,12.23,1
2025-08-13 12:36:53,alice@test.com,2025-08-13 11:43:22,True,5.97,25.75,60.0,1
2025-08-13 12:36:53,bob@test.com,2025-08-13 12:19:24,True,57.64,44.04,71.72,6
2025-08-13 12:36:53,hanilee@test.com,2025-08-13 12:15:22,True,28.28,28.05,76.6,2
2025-08-13 12:36:53,tim@test.com,2025-08-13 11:33:22,True,32.05,11.27,40.44,1
2025-08-13 12:36:53,fran@test.com,2025-08-13 11:41:31,True,41.46,11.27,50.46,1
2025-08-13 12:36:53,delen@test.com,2025-08-13 10:51:24,True,54.19,14.8,49.04,1
2025-08-13 12:36:53,sera@test.com,2025-08-13 11:21:22,True,52.53,11.51,26.33,1
2025-08-13 12:36:53,jack@test.com,2025-08-13 10:48:24,True,16.04,13.82,8.25,0
2025-08-13 12:36:55,alice@test.com,2025-08-13 11:43:22,True,13.66,18.01,59.6,1
2025-08-13 12:36:55,bob@test.com,2025-08-13 12:19:24,True,61.47,41.2,71.25,5
2025-08-13 12:36:55,hanilee@test.com,2025-08-13 12:15:22,True,25.87,27.44,74.1,1
2025-08-13 12:36:55,tim@test.com,2025-08-13 11:33:22,True,35.22,12.74,35.22,0
2025-08-13 12:36:55,fran@test.com,2025-08-13 11:41:31,True,48.15,11.94,51.45,3
2025-08-13 12:36:55,delen@test.com,2025-08-13 10:51:24,True,57.42,12.1,47.39,2
2025-08-13 12:36:55,sera@test.com,2025-08-13 11:21:22,True,49.66,20.42,27.42,1
2025-08-13 12:36:55,jack@test.com,2025-08-13 10:48:24,True,16.5,13.57,11.96,1
2025-08-13 12:36:57,alice@test.com,2025-08-13 11:43:22,True,11.44,20.93,60.61,1
2025-08-13 12:36:57,bob@test.com,2025-08-13 12:19:24,True,56.67,40.33,71.29,4
2025-08-13 12:36:57,hanilee@test.com,2025-08-13 12:15:22,True,22.94,27.58,77.15,3
2025-08-13 12:36:57,tim@test.com,2025-08-13 11:33:22,True,37.67,10.73,40.93,1
2025-08-13 12:36:57,fran@test.com,2025-08-13 11:41:31,True,42.78,14.78,51.22,2
2025-08-13 12:36:57,delen@test.com,2025-08-13 10:51:24,True,57.4,15.63,51.9,4
2025-08-13 12:36:57,sera@test.com,2025-08-13 11:21:22,True,48.14,13.06,26.64,2
2025-08-13 12:36:57,jack@test.com,2025-08-13 10:48:24,True,12.89,11.11,11.8,1
2025-08-13 12:36:59,alice@test.com,2025-08-13 11:43:22,True,9.85,24.77,62.91,2
2025-08-13 12:36:59,bob@test.com,2025-08-13 12:19:24,True,60.44,43.59,71.48,6
2025-08-13 12:36:59,hanilee@test.com,2025-08-13 12:15:22,True,25.3,32.17,78.95,2
2025-08-13 12:36:59,tim@test.com,2025-08-13 11:33:22,True,36.76,11.0,41.5,2
2025-08-13 12:36:59,fran@test.com,2025-08-13 11:41:31,True,46.22,13.39,50.67,4
2025-08-13 12:36:59,delen@test.com,2025-08-13 10:51:24,True,51.1,10.94,49.92,3
2025-08-13 12:36:59,sera@test.com,2025-08-13 11:21:22,True,50.41,14.28,28.93,1
2025-08-13 12:36:59,jack@test.com,2025-08-13 10:48:24,True,17.22,16.13,11.58,1
2025-08-13 12:37:01,alice@test.com,2025-08-13 11:43:22,True,7.93,16.61,60.53,2
2025-08-13 12:37:01,bob@test.com,2025-08-13 12:19:24,True,63.38,44.77,73.3,6
2025-08-13 12:37:01,hanilee@test.com,2025-08-13 12:15:22,True,26.98,22.9,80.01,3
2025-08-13 12:37:01,tim@test.com,2025-08-13 11:33:22,True,31.85,6.85,37.24,2
2025-08-13 12:37:01,fran@test.com,2025-08-13 11:41:31,True,41.62,16.47,52.57,3
2025-08-13 12:37:01,delen@test.com,2025-08-13 10:51:24,True,58.7,18.16,46.78,3
2025-08-13 12:37:01,sera@test.com,2025-08-13 11:21:22,True,57.56,15.69,26.44,3
2025-08-13 12:37:01,jack@test.com,2025-08-13 10:48:24,True,20.12,16.88,7.5,0
2025-08-13 12:37:03,alice@test.com,2025-08-13 11:43:22,True,8.69,25.16,63.49,1
2025-08-13 12:37:03,bob@test.com,2025-08-13 12:19:24,True,58.62,44.93,70.78,6
2025-08-13 12:37:03,hanilee@test.com,2025-08-13 12:15:22,True,26.84,32.57,76.26,4
2025-08-13 12:37:03,tim@test.com,2025-08-13 11:33:22,True,29.3,18.62,39.87,3
2025-08-13 12:37:03,fran@test.com,2025-08-13 11:41:31,True,41.97,11.43,50.16,3
2025-08-13 12:37:03,delen@test.com,2025-08-13 10:51:24,True,58.31,13.92,54.25,2
2025-08-13 12:37:03,sera@test.com,2025-08-13 11:21:22,True,51.28,21.85,25.27,0
2025-08-13 12:37:03,jack@test.com,2025-08-13 10:48:24,True,22.52,12.86,11.11,0
2025-08-13 12:37:05,alice@test.com,2025-08-13 11:43:22,True,7.34,20.52,62.13,1
2025-08-13 12:37:05,bob@test.com,2025-08-13 12:19:24,True,62.32,48.89,68.32,4
2025-08-13 12:37:05,hanilee@test.com,2025-08-13 12:15:22,True,22.44,27.1,77.76,3
2025-08-13 12:37:05,tim@test.com,2025-08-13 11:33:22,True,38.34,10.68,38.29,2
2025-08-13 12:37:05,fran@test.com,2025-08-13 11:41:31,True,48.86,14.77,47.29,2
2025-08-13 12:37:05,delen@test.com,2025-08-13 10:51:24,True,57.3,16.49,47.45,4
2025-08-13 12:37:05,sera@test.com,2025-08-13 11:21:22,True,52.3,7.11,22.48,1
2025-08-13 12:37:05,jack@test.com,2025-08-13 10:48:24,True,17.69,20.18,5.51,1
2025-08-13 12:37:07,alice@test.com,2025-08-13 11:43:22,True,13.78,13.91,62.97,3
2025-08-13 12:37:07,bob@test.com,2025-08-13 12:19:24,True,62.91,45.41,71.37,5
2025-08-13 12:37:07,hanilee@test.com,2025-08-13 12:15:22,True,26.51,30.92,76.55,3
2025-08-13 12:37:07,tim@test.com,2025-08-13 11:33:22,True,38.83,12.1,41.69,0
2025-08-13 12:37:07,fran@test.com,2025-08-13 11:41:31,True,43.96,12.14,47.51,3
2025-08-13 12:37:07,delen@test.com,2025-08-13 10:51:24,True,54.66,18.83,49.23,3
2025-08-13 12:37:07,sera@test.com,2025-08-13 11:21:22,True,50.94,12.19,23.67,0
2025-08-13 12:37:07,jack@test.com,2025-08-13 10:48:24,True,18.29,19.89,10.28,2
2025-08-13 12:37:09,alice@test.com,2025-08-13 11:43:22,True,9.4,21.62,60.54,0
2025-08-13 12:37:09,bob@test.com,2025-08-13 12:19:24,True,58.61,39.19,72.69,5
2025-08-13 12:37:09,hanilee@test.com,2025-08-13 12:15:22,True,22.47,31.79,76.36,4
2025-08-13 12:37:09,tim@test.com,2025-08-13 11:33:22,True,33.49,16.0,41.6,0
2025-08-13 12:37:09,fran@test.com,2025-08-13 11:41:31,True,40.27,9.98,49.36,3
2025-08-13 12:37:09,delen@test.com,2025-08-13 10:51:24,True,56.98,11.56,49.12,4
2025-08-13 12:37:09,sera@test.com,2025-08-13 11:21:22,True,50.88,10.37,24.65,2
2025-08-13 12:37:09,jack@test.com,2025-08-13 10:48:24,True,15.71,16.05,4.05,1
2025-08-13 12:37:11,alice@test.com,2025-08-13 11:43:22,True,13.85,21.17,62.44,2
2025-08-13 12:37:11,bob@test.com,2025-08-13 12:19:24,True,61.0,42.98,74.55,5
2025-08-13 12:37:11,hanilee@test.com,2025-08-13 12:15:22,True,23.73,31.1,79.1,1
2025-08-13 12:37:11,tim@test.com,2025-08-13 11:33:22,True,32.15,9.6,43.86,3
2025-08-13 12:37:11,fran@test.com,2025-08-13 11:41:31,True,41.27,15.31,48.96,3
2025-08-13 12:37:11,delen@test.com,2025-08-13 10:51:24,True,59.21,14.04,50.42,2
2025-08-13 12:37:11,sera@test.com,2025-08-13 11:21:22,True,52.14,18.44,27.24,1
2025-08-13 12:37:11,jack@test.com,2025-08-13 10:48:24,True,23.02,15.62,5.53,0
2025-08-13 12:37:13,alice@test.com,2025-08-13 11:43:22,True,13.43,20.82,63.43,3
2025-08-13 12:37:13,bob@test.com,2025-08-13 12:19:24,True,62.23,42.26,69.43,7
2025-08-13 12:37:13,hanilee@test.com,2025-08-13 12:15:22,True,25.22,29.94,74.6,5
2025-08-13 12:37:13,tim@test.com,2025-08-13 11:33:22,True,31.83,12.0,38.65,3
2025-08-13 12:37:13,fran@test.com,2025-08-13 11:41:31,True,38.94,15.78,48.31,1
2025-08-13 12:37:13,delen@test.com,2025-08-13 10:51:24,True,52.31,15.51,48.58,3
2025-08-13 12:37:13,sera@test.com,2025-08-13 11:21:22,True,51.06,12.57,20.21,1
2025-08-13 12:37:13,jack@test.com,2025-08-13 10:48:24,True,17.38,22.17,9.97,1
2025-08-13 12:37:15,alice@test.com,2025-08-13 11:43:22,True,10.92,17.86,63.29,3
2025-08-13 12:37:15,bob@test.com,2025-08-13 12:19:24,True,57.15,47.82,68.96,4
2025-08-13 12:37:15,hanilee@test.com,2025-08-13 12:15:22,True,23.54,31.22,78.1,3
2025-08-13 12:37:15,tim@test.com,2025-08-13 11:33:22,True,36.18,14.1,41.32,1
2025-08-13 12:37:15,fran@test.com,2025-08-13 11:41:31,True,43.34,10.62,50.99,4
2025-08-13 12:37:15,delen@test.com,2025-08-13 10:51:24,True,54.01,10.62,49.07,3
2025-08-13 12:37:15,sera@test.com,2025-08-13 11:21:22,True,49.54,12.28,27.94,1
2025-08-13 12:37:15,jack@test.com,2025-08-13 10:48:24,True,21.19,22.1,6.54,0
2025-08-13 12:37:17,alice@test.com,2025-08-13 11:43:22,True,12.44,18.57,61.58,4
2025-08-13 12:37:17,bob@test.com,2025-08-13 12:19:24,True,62.97,39.83,68.05,7
2025-08-13 12:37:17,hanilee@test.com,2025-08-13 12:15:22,True,24.25,30.26,78.96,3
2025-08-13 12:37:17,tim@test.com,2025-08-13 11:33:22,True,34.69,18.02,34.63,2
2025-08-13 12:37:17,fran@test.com,2025-08-13 11:41:31,True,48.78,7.92,45.89,2
2025-08-13 12:37:17,delen@test.com,2025-08-13 10:51:24,True,55.42,19.84,54.77,4
2025-08-13 12:37:17,sera@test.com,2025-08-13 11:21:22,True,47.33,13.64,24.36,2
2025-08-13 12:37:17,jack@test.com,2025-08-13 10:48:24,True,22.23,19.63,7.43,0
2025-08-13 12:37:19,alice@test.com,2025-08-13 11:43:22,True,9.01,16.07,59.73,2
2025-08-13 12:37:19,bob@test.com,2025-08-13 12:19:24,True,58.89,47.54,66.92,5
2025-08-13 12:37:19,hanilee@test.com,2025-08-13 12:15:22,True,19.79,31.31,78.76,2
2025-08-13 12:37:19,tim@test.com,2025-08-13 11:33:22,True,36.65,11.75,42.1,0
2025-08-13 12:37:19,fran@test.com,2025-08-13 11:41:31,True,47.71,18.02,49.81,2
2025-08-13 12:37:19,delen@test.com,2025-08-13 10:51:24,True,54.66,11.17,53.04,4
2025-08-13 12:37:19,sera@test.com,2025-08-13 11:21:22,True,47.25,14.43,28.72,2
2025-08-13 12:37:19,jack@test.com,2025-08-13 10:48:24,True,16.16,20.19,9.19,0
2025-08-13 12:37:21,alice@test.com,2025-08-13 11:43:22,True,9.4,24.47,63.62,2
2025-08-13 12:37:21,bob@test.com,2025-08-13 12:19:24,True,58.24,50.52,70.84,6
2025-08-13 12:37:21,hanilee@test.com,2025-08-13 12:15:22,True,23.22,34.15,81.3,2
2025-08-13 12:37:21,tim@test.com,2025-08-13 11:33:22,True,33.97,10.73,38.1,1
2025-08-13 12:37:21,fran@test.com,2025-08-13 11:41:31,True,49.04,18.34,52.12,0
2025-08-13 12:37:21,delen@test.com,2025-08-13 10:51:24,True,53.4,14.61,49.03,4
2025-08-13 12:37:21,sera@test.com,2025-08-13 11:21:22,True,46.74,17.85,26.35,3
2025-08-13 12:37:21,jack@test.com,2025-08-13 10:48:24,True,18.58,16.61,10.1,0
2025-08-13 12:37:23,alice@test.com,2025-08-13 11:43:22,True,13.88,17.64,64.92,4
2025-08-13 12:37:23,bob@test.com,2025-08-13 12:19:24,True,65.71,47.21,66.33,5
2025-08-13 12:37:23,hanilee@test.com,2025-08-13 12:15:22,True,24.59,30.64,77.16,1
2025-08-13 12:37:23,tim@test.com,2025-08-13 11:33:22,True,37.59,13.93,39.71,2
2025-08-13 12:37:23,fran@test.com,2025-08-13 11:41:31,True,48.09,11.08,48.12,3
2025-08-13 12:37:23,delen@test.com,2025-08-13 10:51:24,True,58.01,14.14,52.06,6
2025-08-13 12:37:23,sera@test.com,2025-08-13 11:21:22,True,51.44,12.78,24.6,2
2025-08-13 12:37:23,jack@test.com,2025-08-13 10:48:24,True,21.61,16.38,8.63,1
2025-08-13 12:37:25,alice@test.com,2025-08-13 11:43:22,True,10.99,19.17,61.37,1
2025-08-13 12:37:25,bob@test.com,2025-08-13 12:19:24,True,55.4,37.91,69.32,5
2025-08-13 12:37:25,hanilee@test.com,2025-08-13 12:15:22,True,24.08,30.89,77.22,0
2025-08-13 12:37:25,tim@test.com,2025-08-13 11:33:22,True,38.78,12.99,39.18,1
2025-08-13 12:37:25,fran@test.com,2025-08-13 11:41:31,True,44.94,10.77,46.99,2
2025-08-13 12:37:25,delen@test.com,2025-08-13 10:51:24,True,54.38,19.16,45.63,4
2025-08-13 12:37:25,sera@test.com,2025-08-13 11:21:22,True,51.13,20.92,24.23,2
2025-08-13 12:37:25,jack@test.com,2025-08-13 10:48:24,True,19.89,14.06,13.51,1
2025-08-13 12:37:27,alice@test.com,2025-08-13 11:43:22,True,7.24,21.18,62.79,1
2025-08-13 12:37:27,bob@test.com,2025-08-13 12:19:24,True,62.64,50.65,70.4,7
2025-08-13 12:37:27,hanilee@test.com,2025-08-13 12:15:22,True,29.48,33.58,75.85,2
2025-08-13 12:37:27,tim@test.com,2025-08-13 11:33:22,True,35.92,13.83,40.26,3
2025-08-13 12:37:27,fran@test.com,2025-08-13 11:41:31,True,43.96,9.3,50.55,4
2025-08-13 12:37:27,delen@test.com,2025-08-13 10:51:24,True,55.85,9.71,47.54,4
2025-08-13 12:37:27,sera@test.com,2025-08-13 11:21:22,True,45.05,16.68,24.73,0
2025-08-13 12:37:27,jack@test.com,2025-08-13 10:48:24,True,20.52,13.83,14.45,0
2025-08-13 12:37:29,alice@test.com,2025-08-13 11:43:22,True,10.13,21.79,59.69,3
2025-08-13 12:37:29,bob@test.com,2025-08-13 12:19:24,True,58.44,39.1,71.01,4
2025-08-13 12:37:29,hanilee@test.com,2025-08-13 12:15:22,True,24.94,28.86,75.36,4
2025-08-13 12:37:29,tim@test.com,2025-08-13 11:33:22,True,41.23,11.1,42.62,2
2025-08-13 12:37:29,fran@test.com,2025-08-13 11:41:31,True,40.8,13.66,51.04,3
2025-08-13 12:37:29,delen@test.com,2025-08-13 10:51:24,True,58.62,18.02,49.31,2
2025-08-13 12:37:29,sera@test.com,2025-08-13 11:21:22,True,49.69,22.21,24.74,1
2025-08-13 12:37:29,jack@test.com,2025-08-13 10:48:24,True,21.46,14.98,10.63,0
2025-08-13 12:37:31,alice@test.com,2025-08-13 11:43:22,True,5.97,17.6,59.82,2
2025-08-13 12:37:31,bob@test.com,2025-08-13 12:19:24,True,57.53,41.29,72.49,5
2025-08-13 12:37:31,hanilee@test.com,2025-08-13 12:15:22,True,24.9,29.57,78.02,1
2025-08-13 12:37:31,tim@test.com,2025-08-13 11:33:22,True,41.79,6.11,37.79,2
2025-08-13 12:37:31,fran@test.com,2025-08-13 11:41:31,True,48.06,13.42,51.18,3
2025-08-13 12:37:31,delen@test.com,2025-08-13 10:51:24,True,56.25,18.14,50.98,4
2025-08-13 12:37:31,sera@test.com,2025-08-13 11:21:22,True,51.33,12.29,24.4,2
2025-08-13 12:37:31,jack@test.com,2025-08-13 10:48:24,True,22.39,14.33,11.23,0
2025-08-13 12:37:33,alice@test.com,2025-08-13 11:43:22,True,7.88,22.86,64.02,2
2025-08-13 12:37:33,bob@test.com,2025-08-13 12:19:24,True,67.19,42.65,70.08,4
2025-08-13 12:37:33,hanilee@test.com,2025-08-13 12:15:22,True,24.13,32.82,73.99,2
2025-08-13 12:37:33,tim@test.com,2025-08-13 11:33:22,True,36.77,10.49,39.99,1
2025-08-13 12:37:33,fran@test.com,2025-08-13 11:41:31,True,48.59,11.97,53.54,3
2025-08-13 12:37:33,delen@test.com,2025-08-13 10:51:24,True,55.08,13.77,49.55,2
2025-08-13 12:37:33,sera@test.com,2025-08-13 11:21:22,True,53.89,14.57,23.25,0
2025-08-13 12:37:33,jack@test.com,2025-08-13 10:48:24,True,16.57,13.51,8.27,0
2025-08-13 12:37:35,alice@test.com,2025-08-13 11:43:22,True,5.73,24.47,63.28,1
2025-08-13 12:37:35,bob@test.com,2025-08-13 12:19:24,True,58.0,45.07,70.38,7
2025-08-13 12:37:35,hanilee@test.com,2025-08-13 12:15:22,True,22.3,32.73,77.42,4
2025-08-13 12:37:35,tim@test.com,2025-08-13 11:33:22,True,35.83,11.12,44.14,2
2025-08-13 12:37:35,fran@test.com,2025-08-13 11:41:31,True,42.86,14.96,47.43,2
2025-08-13 12:37:35,delen@test.com,2025-08-13 10:51:24,True,58.92,17.89,49.52,4
2025-08-13 12:37:35,sera@test.com,2025-08-13 11:21:22,True,52.16,16.65,26.73,0
2025-08-13 12:37:35,jack@test.com,2025-08-13 10:48:24,True,21.07,13.77,6.44,0
2025-08-13 12:37:37,alice@test.com,2025-08-13 11:43:22,True,4.59,22.09,57.67,1
2025-08-13 12:37:37,bob@test.com,2025-08-13 12:19:24,True,58.99,49.69,68.97,6
2025-08-13 12:37:37,hanilee@test.com,2025-08-13 12:15:22,True,26.41,31.38,73.89,1
2025-08-13 12:37:37,tim@test.com,2025-08-13 11:33:22,True,32.61,14.45,41.85,1
2025-08-13 12:37:37,fran@test.com,2025-08-13 11:41:31,True,44.19,12.88,44.97,2
2025-08-13 12:37:37,delen@test.com,2025-08-13 10:51:24,True,50.06,15.08,47.51,5
2025-08-13 12:37:37,sera@test.com,2025-08-13 11:21:22,True,49.81,20.12,23.74,1
2025-08-13 12:37:37,jack@test.com,2025-08-13 10:48:24,True,21.73,16.69,7.24,1
2025-08-13 12:37:39,alice@test.com,2025-08-13 11:43:22,True,7.05,16.82,63.21,0
2025-08-13 12:37:39,bob@test.com,2025-08-13 12:19:24,True,61.8,42.62,71.34,7
2025-08-13 12:37:39,hanilee@test.com,2025-08-13 12:15:22,True,23.03,30.15,74.59,1
2025-08-13 12:37:39,tim@test.com,2025-08-13 11:33:22,True,29.09,8.61,40.18,1
2025-08-13 12:37:39,fran@test.com,2025-08-13 11:41:31,True,44.1,16.94,49.91,3
2025-08-13 12:37:39,delen@test.com,2025-08-13 10:51:24,True,63.83,18.04,52.86,4
2025-08-13 12:37:39,sera@test.com,2025-08-13 11:21:22,True,54.63,13.8,24.5,0
2025-08-13 12:37:39,jack@test.com,2025-08-13 10:48:24,True,21.04,18.28,10.58,0
2025-08-13 12:37:41,alice@test.com,2025-08-13 11:43:22,True,7.79,17.7,60.91,2
2025-08-13 12:37:41,bob@test.com,2025-08-13 12:19:24,True,59.69,40.39,69.9,8
2025-08-13 12:37:41,hanilee@test.com,2025-08-13 12:15:22,True,23.84,28.21,75.22,1
2025-08-13 12:37:41,tim@test.com,2025-08-13 11:33:22,True,33.83,11.68,38.57,2
2025-08-13 12:37:41,fran@test.com,2025-08-13 11:41:31,True,42.49,13.3,51.25,3
2025-08-13 12:37:41,delen@test.com,2025-08-13 10:51:24,True,55.3,19.27,49.95,2
2025-08-13 12:37:41,sera@test.com,2025-08-13 11:21:22,True,41.76,10.24,21.5,1
2025-08-13 12:37:41,jack@test.com,2025-08-13 10:48:24,True,17.23,19.41,12.24,0
2025-08-13 12:37:43,alice@test.com,2025-08-13 11:43:22,True,11.08,24.94,62.87,3
2025-08-13 12:37:43,bob@test.com,2025-08-13 12:19:24,True,62.51,41.88,67.62,4
2025-08-13 12:37:43,hanilee@test.com,2025-08-13 12:15:22,True,22.59,31.96,75.13,2
2025-08-13 12:37:43,tim@test.com,2025-08-13 11:33:22,True,32.08,9.25,42.51,2
2025-08-13 12:37:43,fran@test.com,2025-08-13 11:41:31,True,46.24,15.79,50.34,3
2025-08-13 12:37:43,delen@test.com,2025-08-13 10:51:24,True,51.94,17.16,49.08,2
2025-08-13 12:37:43,sera@test.com,2025-08-13 11:21:22,True,48.63,14.86,29.0,1
2025-08-13 12:37:43,jack@test.com,2025-08-13 10:48:24,True,18.45,17.48,13.29,0
2025-08-13 12:37:45,alice@test.com,2025-08-13 11:43:22,True,11.45,15.23,61.63,2
2025-08-13 12:37:45,bob@test.com,2025-08-13 12:19:24,True,58.84,39.66,70.07,5
2025-08-13 12:37:45,hanilee@test.com,2025-08-13 12:15:22,True,21.83,32.97,78.68,0
2025-08-13 12:37:45,tim@test.com,2025-08-13 11:33:22,True,34.83,8.06,40.25,2
2025-08-13 12:37:45,fran@test.com,2025-08-13 11:41:31,True,42.57,13.18,49.66,3
2025-08-13 12:37:45,delen@test.com,2025-08-13 10:51:24,True,55.62,11.68,53.6,3
2025-08-13 12:37:45,sera@test.com,2025-08-13 11:21:22,True,49.57,17.61,24.6,1
2025-08-13 12:37:45,jack@test.com,2025-08-13 10:48:24,True,22.44,20.16,10.42,0
2025-08-13 12:37:47,alice@test.com,2025-08-13 11:43:22,True,10.56,20.65,61.56,3
2025-08-13 12:37:47,bob@test.com,2025-08-13 12:19:24,True,62.02,45.49,73.93,4
2025-08-13 12:37:47,hanilee@test.com,2025-08-13 12:15:22,True,24.89,30.62,79.14,3
2025-08-13 12:37:47,tim@test.com,2025-08-13 11:33:22,True,34.7,13.4,35.6,1
2025-08-13 12:37:47,fran@test.com,2025-08-13 11:41:31,True,40.21,17.08,50.19,3
2025-08-13 12:37:47,delen@test.com,2025-08-13 10:51:24,True,57.34,19.01,48.74,3
2025-08-13 12:37:47,sera@test.com,2025-08-13 11:21:22,True,52.22,10.91,23.66,1
2025-08-13 12:37:47,jack@test.com,2025-08-13 10:48:24,True,18.56,11.78,9.68,0
2025-08-13 12:37:49,alice@test.com,2025-08-13 11:43:22,True,7.9,20.37,61.2,1
2025-08-13 12:37:49,bob@test.com,2025-08-13 12:19:24,True,60.8,50.81,70.64,5
2025-08-13 12:37:49,hanilee@test.com,2025-08-13 12:15:22,True,24.27,29.37,78.62,2
2025-08-13 12:37:49,tim@test.com,2025-08-13 11:33:22,True,40.49,10.63,42.7,2
2025-08-13 12:37:49,fran@test.com,2025-08-13 11:41:31,True,48.25,12.33,51.61,3
2025-08-13 12:37:49,delen@test.com,2025-08-13 10:51:24,True,55.97,16.72,47.3,4
2025-08-13 12:37:49,sera@test.com,2025-08-13 11:21:22,True,44.62,17.26,22.75,1
2025-08-13 12:37:49,jack@test.com,2025-08-13 10:48:24,True,16.74,14.9,9.35,0
2025-08-13 12:37:51,alice@test.com,2025-08-13 11:43:22,True,12.72,12.5,63.04,2
2025-08-13 12:37:51,bob@test.com,2025-08-13 12:19:24,True,57.73,43.77,69.88,7
2025-08-13 12:37:51,hanilee@test.com,2025-08-13 12:15:22,True,21.08,23.88,75.15,2
2025-08-13 12:37:51,tim@test.com,2025-08-13 11:33:22,True,36.39,11.24,38.02,1
2025-08-13 12:37:51,fran@test.com,2025-08-13 11:41:31,True,39.72,9.97,51.49,1
2025-08-13 12:37:51,delen@test.com,2025-08-13 10:51:24,True,52.12,14.53,54.4,3
2025-08-13 12:37:51,sera@test.com,2025-08-13 11:21:22,True,53.93,25.23,22.99,4
2025-08-13 12:37:51,jack@test.com,2025-08-13 10:48:24,True,19.26,14.64,11.98,0
2025-08-13 12:37:53,alice@test.com,2025-08-13 11:43:22,True,6.77,21.42,63.14,0
2025-08-13 12:37:53,bob@test.com,2025-08-13 12:19:24,True,60.56,45.34,71.8,6
2025-08-13 12:37:53,hanilee@test.com,2025-08-13 12:15:22,True,18.5,29.76,74.76,4
2025-08-13 12:37:53,tim@test.com,2025-08-13 11:33:22,True,34.44,14.09,37.34,2
2025-08-13 12:37:53,fran@test.com,2025-08-13 11:41:31,True,44.9,16.87,48.62,3
2025-08-13 12:37:53,delen@test.com,2025-08-13 10:51:24,True,57.42,17.19,50.9,4
2025-08-13 12:37:53,sera@test.com,2025-08-13 11:21:22,True,53.87,15.5,24.53,0
2025-08-13 12:37:53,jack@test.com,2025-08-13 10:48:24,True,20.2,22.24,10.77,0
2025-08-13 12:37:55,alice@test.com,2025-08-13 11:43:22,True,13.36,22.88,60.63,1
2025-08-13 12:37:55,bob@test.com,2025-08-13 12:19:24,True,59.66,47.09,73.63,5
2025-08-13 12:37:55,hanilee@test.com,2025-08-13 12:15:22,True,25.8,22.93,74.21,1
2025-08-13 12:37:55,tim@test.com,2025-08-13 11:33:22,True,33.41,12.69,42.32,2
2025-08-13 12:37:55,fran@test.com,2025-08-13 11:41:31,True,46.35,13.46,49.35,3
2025-08-13 12:37:55,delen@test.com,2025-08-13 10:51:24,True,52.56,20.49,48.75,3
2025-08-13 12:37:55,sera@test.com,2025-08-13 11:21:22,True,44.2,15.55,24.83,1
2025-08-13 12:37:55,jack@test.com,2025-08-13 10:48:24,True,20.68,17.41,10.34,0
2025-08-13 12:37:57,alice@test.com,2025-08-13 11:43:22,True,11.05,16.35,63.87,1
2025-08-13 12:37:57,bob@test.com,2025-08-13 12:19:24,True,56.33,45.45,71.17,4
2025-08-13 12:37:57,hanilee@test.com,2025-08-13 12:15:22,True,28.83,28.43,79.99,3
2025-08-13 12:37:57,tim@test.com,2025-08-13 11:33:22,True,34.61,12.79,38.8,1
2025-08-13 12:37:57,fran@test.com,2025-08-13 11:41:31,True,47.95,14.71,51.82,3
2025-08-13 12:37:57,delen@test.com,2025-08-13 10:51:24,True,56.14,19.8,52.88,1
2025-08-13 12:37:57,sera@test.com,2025-08-13 11:21:22,True,51.21,18.61,24.15,0
2025-08-13 12:37:57,jack@test.com,2025-08-13 10:48:24,True,18.7,17.85,9.08,1
2025-08-13 12:37:59,alice@test.com,2025-08-13 11:43:22,True,8.91,22.05,62.0,1
2025-08-13 12:37:59,bob@test.com,2025-08-13 12:19:24,True,60.96,45.58,70.42,5
2025-08-13 12:37:59,hanilee@test.com,2025-08-13 12:15:22,True,17.94,32.01,76.05,4
2025-08-13 12:37:59,tim@test.com,2025-08-13 11:33:22,True,40.12,13.23,39.46,4
2025-08-13 12:37:59,fran@test.com,2025-08-13 11:41:31,True,49.26,14.41,51.2,2
2025-08-13 12:37:59,delen@test.com,2025-08-13 10:51:24,True,56.64,14.91,48.15,4
2025-08-13 12:37:59,sera@test.com,2025-08-13 11:21:22,True,49.49,17.68,22.74,2
2025-08-13 12:37:59,jack@test.com,2025-08-13 10:48:24,True,18.18,18.36,10.19,0
2025-08-13 12:38:01,alice@test.com,2025-08-13 11:43:22,True,8.13,17.57,65.02,2
2025-08-13 12:38:01,bob@test.com,2025-08-13 12:19:24,True,62.56,44.91,68.06,7
2025-08-13 12:38:01,hanilee@test.com,2025-08-13 12:15:22,True,28.71,31.11,74.43,3
2025-08-13 12:38:01,tim@test.com,2025-08-13 11:33:22,True,33.17,8.46,38.66,3
2025-08-13 12:38:01,fran@test.com,2025-08-13 11:41:31,True,44.91,15.4,48.51,4
2025-08-13 12:38:01,delen@test.com,2025-08-13 10:51:24,True,56.14,19.53,49.89,2
2025-08-13 12:38:01,sera@test.com,2025-08-13 11:21:22,True,52.24,16.29,26.17,2
2025-08-13 12:38:01,jack@test.com,2025-08-13 10:48:24,True,20.93,16.02,10.02,0
2025-08-13 12:38:03,alice@test.com,2025-08-13 11:43:22,True,13.4,20.48,57.34,0
2025-08-13 12:38:03,bob@test.com,2025-08-13 12:19:24,True,59.6,44.87,69.05,5
2025-08-13 12:38:03,hanilee@test.com,2025-08-13 12:15:22,True,26.88,28.64,78.08,3
2025-08-13 12:38:03,tim@test.com,2025-08-13 11:33:22,True,37.06,8.7,41.54,4
2025-08-13 12:38:03,fran@test.com,2025-08-13 11:41:31,True,43.08,14.91,50.19,3
2025-08-13 12:38:03,delen@test.com,2025-08-13 10:51:24,True,50.09,13.61,52.02,4
2025-08-13 12:38:03,sera@test.com,2025-08-13 11:21:22,True,52.45,16.99,25.36,1
2025-08-13 12:38:03,jack@test.com,2025-08-13 10:48:24,True,20.93,16.21,11.95,1
2025-08-13 12:38:05,alice@test.com,2025-08-13 11:43:22,True,7.84,19.11,63.93,1
2025-08-13 12:38:05,bob@test.com,2025-08-13 12:19:24,True,57.13,45.12,70.04,6
2025-08-13 12:38:05,hanilee@test.com,2025-08-13 12:15:22,True,28.68,33.0,72.8,3
2025-08-13 12:38:05,tim@test.com,2025-08-13 11:33:22,True,29.25,13.73,38.47,1
2025-08-13 12:38:05,fran@test.com,2025-08-13 11:41:31,True,47.67,13.95,51.07,3
2025-08-13 12:38:05,delen@test.com,2025-08-13 10:51:24,True,58.1,15.72,51.04,3
2025-08-13 12:38:05,sera@test.com,2025-08-13 11:21:22,True,44.04,20.95,28.41,2
2025-08-13 12:38:05,jack@test.com,2025-08-13 10:48:24,True,23.85,17.7,8.51,0
2025-08-13 12:38:07,alice@test.com,2025-08-13 11:43:22,True,6.52,19.27,58.49,3
2025-08-13 12:38:07,bob@test.com,2025-08-13 12:19:24,True,63.45,51.15,69.61,5
2025-08-13 12:38:07,hanilee@test.com,2025-08-13 12:15:22,True,29.81,28.63,79.12,2
2025-08-13 12:38:07,tim@test.com,2025-08-13 11:33:22,True,42.27,11.14,40.91,2
2025-08-13 12:38:07,fran@test.com,2025-08-13 11:41:31,True,46.22,13.9,45.22,3
2025-08-13 12:38:07,delen@test.com,2025-08-13 10:51:24,True,56.7,19.67,47.48,2
2025-08-13 12:38:07,sera@test.com,2025-08-13 11:21:22,True,49.93,16.03,26.14,2
2025-08-13 12:38:07,jack@test.com,2025-08-13 10:48:24,True,15.87,17.88,10.58,2
2025-08-13 12:38:09,alice@test.com,2025-08-13 11:43:22,True,6.3,21.21,63.37,4
2025-08-13 12:38:09,bob@test.com,2025-08-13 12:19:24,True,58.54,42.69,69.86,6
2025-08-13 12:38:09,hanilee@test.com,2025-08-13 12:15:22,True,22.7,27.99,79.12,4
2025-08-13 12:38:09,tim@test.com,2025-08-13 11:33:22,True,32.9,16.17,42.58,2
2025-08-13 12:38:09,fran@test.com,2025-08-13 11:41:31,True,42.16,14.34,48.29,1
2025-08-13 12:38:09,delen@test.com,2025-08-13 10:51:24,True,51.46,11.02,50.35,2
2025-08-13 12:38:09,sera@test.com,2025-08-13 11:21:22,True,48.78,22.36,25.29,1
2025-08-13 12:38:09,jack@test.com,2025-08-13 10:48:24,True,19.29,17.73,7.22,1
2025-08-13 12:38:11,alice@test.com,2025-08-13 11:43:22,True,3.15,20.39,60.74,1
2025-08-13 12:38:11,bob@test.com,2025-08-13 12:19:24,True,58.36,42.27,70.05,8
2025-08-13 12:38:11,hanilee@test.com,2025-08-13 12:15:22,True,24.19,33.71,76.09,1
2025-08-13 12:38:11,tim@test.com,2025-08-13 11:33:22,True,34.08,15.23,42.42,2
2025-08-13 12:38:11,fran@test.com,2025-08-13 11:41:31,True,43.23,10.34,49.76,1
2025-08-13 12:38:11,delen@test.com,2025-08-13 10:51:24,True,58.52,13.0,48.92,3
2025-08-13 12:38:11,sera@test.com,2025-08-13 11:21:22,True,51.32,13.38,23.91,0
2025-08-13 12:38:11,jack@test.com,2025-08-13 10:48:24,True,20.38,18.48,11.32,3
2025-08-13 12:38:13,alice@test.com,2025-08-13 11:43:22,True,15.25,17.9,61.16,0
2025-08-13 12:38:13,bob@test.com,2025-08-13 12:19:24,True,57.37,42.8,65.29,3
2025-08-13 12:38:13,hanilee@test.com,2025-08-13 12:15:22,True,26.11,32.51,74.62,2
2025-08-13 12:38:13,tim@test.com,2025-08-13 11:33:22,True,30.92,7.86,40.21,0
2025-08-13 12:38:13,fran@test.com,2025-08-13 11:41:31,True,43.76,16.88,49.56,2
2025-08-13 12:38:13,delen@test.com,2025-08-13 10:51:24,True,50.8,18.97,51.14,4
2025-08-13 12:38:13,sera@test.com,2025-08-13 11:21:22,True,52.83,14.56,22.34,0
2025-08-13 12:38:13,jack@test.com,2025-08-13 10:48:24,True,18.45,16.2,8.21,0
2025-08-13 12:38:15,alice@test.com,2025-08-13 11:43:22,True,6.51,22.05,62.44,3
2025-08-13 12:38:15,bob@test.com,2025-08-13 12:19:24,True,61.23,45.3,72.11,8
2025-08-13 12:38:15,hanilee@test.com,2025-08-13 12:15:22,True,26.04,26.21,76.5,3
2025-08-13 12:38:15,tim@test.com,2025-08-13 11:33:22,True,35.4,10.23,35.89,3
2025-08-13 12:38:15,fran@test.com,2025-08-13 11:41:31,True,41.24,12.86,48.56,2
2025-08-13 12:38:15,delen@test.com,2025-08-13 10:51:24,True,57.07,14.63,50.08,3
2025-08-13 12:38:15,sera@test.com,2025-08-13 11:21:22,True,49.18,18.12,24.49,3
2025-08-13 12:38:15,jack@test.com,2025-08-13 10:48:24,True,18.22,13.45,7.04,0
2025-08-13 12:38:17,alice@test.com,2025-08-13 11:43:22,True,15.38,23.36,63.31,1
2025-08-13 12:38:17,bob@test.com,2025-08-13 12:19:24,True,57.57,44.57,69.21,7
2025-08-13 12:38:17,hanilee@test.com,2025-08-13 12:15:22,True,22.47,31.08,79.68,2
2025-08-13 12:38:17,tim@test.com,2025-08-13 11:33:22,True,39.94,13.34,37.21,2
2025-08-13 12:38:17,fran@test.com,2025-08-13 11:41:31,True,47.28,8.06,48.09,2
2025-08-13 12:38:17,delen@test.com,2025-08-13 10:51:24,True,51.37,17.81,49.36,4
2025-08-13 12:38:17,sera@test.com,2025-08-13 11:21:22,True,52.79,14.4,25.91,1
2025-08-13 12:38:17,jack@test.com,2025-08-13 10:48:24,True,16.03,15.6,9.91,0
2025-08-13 12:38:19,alice@test.com,2025-08-13 11:43:22,True,7.88,18.46,60.22,0
2025-08-13 12:38:19,bob@test.com,2025-08-13 12:19:24,True,62.32,53.26,71.03,7
2025-08-13 12:38:19,hanilee@test.com,2025-08-13 12:15:22,True,22.45,23.34,77.41,4
2025-08-13 12:38:19,tim@test.com,2025-08-13 11:33:22,True,38.35,14.49,41.43,2
2025-08-13 12:38:19,fran@test.com,2025-08-13 11:41:31,True,42.01,10.84,51.42,3
2025-08-13 12:38:19,delen@test.com,2025-08-13 10:51:24,True,56.57,14.25,50.92,4
2025-08-13 12:38:19,sera@test.com,2025-08-13 11:21:22,True,49.29,16.83,24.82,2
2025-08-13 12:38:19,jack@test.com,2025-08-13 10:48:24,True,19.11,19.43,8.81,0
2025-08-13 12:38:21,alice@test.com,2025-08-13 11:43:22,True,9.21,23.06,60.31,1
2025-08-13 12:38:21,bob@test.com,2025-08-13 12:19:24,True,56.14,45.84,71.69,5
2025-08-13 12:38:21,hanilee@test.com,2025-08-13 12:15:22,True,26.95,33.16,80.04,2
2025-08-13 12:38:21,tim@test.com,2025-08-13 11:33:22,True,38.96,14.8,43.14,1
2025-08-13 12:38:21,fran@test.com,2025-08-13 11:41:31,True,43.44,14.63,52.65,3
2025-08-13 12:38:21,delen@test.com,2025-08-13 10:51:24,True,52.28,15.34,50.0,4
2025-08-13 12:38:21,sera@test.com,2025-08-13 11:21:22,True,48.53,14.42,25.79,3
2025-08-13 12:38:21,jack@test.com,2025-08-13 10:48:24,True,23.01,13.64,9.5,0
2025-08-13 12:38:23,alice@test.com,2025-08-13 11:43:22,True,8.58,24.25,60.01,2
2025-08-13 12:38:23,bob@test.com,2025-08-13 12:19:24,True,60.99,44.87,68.67,4
2025-08-13 12:38:23,hanilee@test.com,2025-08-13 12:15:22,True,23.01,26.05,74.87,1
2025-08-13 12:38:23,tim@test.com,2025-08-13 11:33:22,True,34.36,9.83,38.92,0
2025-08-13 12:38:23,fran@test.com,2025-08-13 11:41:31,True,43.83,17.37,51.52,2
2025-08-13 12:38:23,delen@test.com,2025-08-13 10:51:24,True,61.06,8.35,52.69,3
2025-08-13 12:38:23,sera@test.com,2025-08-13 11:21:22,True,49.17,19.4,25.74,2
2025-08-13 12:38:23,jack@test.com,2025-08-13 10:48:24,True,20.11,15.76,8.37,1
2025-08-13 12:38:25,alice@test.com,2025-08-13 11:43:22,True,9.76,24.71,66.17,3
2025-08-13 12:38:25,bob@test.com,2025-08-13 12:19:24,True,63.41,49.22,68.98,4
2025-08-13 12:38:25,hanilee@test.com,2025-08-13 12:15:22,True,28.85,30.38,74.49,2
2025-08-13 12:38:25,tim@test.com,2025-08-13 11:33:22,True,35.12,13.38,41.5,1
2025-08-13 12:38:25,fran@test.com,2025-08-13 11:41:31,True,44.19,20.16,48.92,3
2025-08-13 12:38:25,delen@test.com,2025-08-13 10:51:24,True,54.68,13.12,48.79,4
2025-08-13 12:38:25,sera@test.com,2025-08-13 11:21:22,True,51.16,14.26,22.79,0
2025-08-13 12:38:25,jack@test.com,2025-08-13 10:48:24,True,22.88,21.63,12.27,1
2025-08-13 12:38:27,alice@test.com,2025-08-13 11:43:22,True,5.34,23.25,61.47,3
2025-08-13 12:38:27,bob@test.com,2025-08-13 12:19:24,True,62.35,42.71,74.84,4
2025-08-13 12:38:27,hanilee@test.com,2025-08-13 12:15:22,True,26.3,30.5,78.79,4
2025-08-13 12:38:27,tim@test.com,2025-08-13 11:33:22,True,39.55,16.1,40.83,1
2025-08-13 12:38:27,fran@test.com,2025-08-13 11:41:31,True,47.51,10.64,51.38,3
2025-08-13 12:38:27,delen@test.com,2025-08-13 10:51:24,True,53.14,14.42,52.07,2
2025-08-13 12:38:27,sera@test.com,2025-08-13 11:21:22,True,51.59,14.82,26.85,2
2025-08-13 12:38:27,jack@test.com,2025-08-13 10:48:24,True,21.83,14.49,10.55,0
2025-08-13 12:38:29,alice@test.com,2025-08-13 11:43:22,True,8.36,18.84,62.28,2
2025-08-13 12:38:29,bob@test.com,2025-08-13 12:19:24,True,59.92,44.52,69.68,6
2025-08-13 12:38:29,hanilee@test.com,2025-08-13 12:15:22,True,26.47,33.4,73.8,3
2025-08-13 12:38:29,tim@test.com,2025-08-13 11:33:22,True,36.43,14.1,43.0,0
2025-08-13 12:38:29,fran@test.com,2025-08-13 11:41:31,True,46.19,11.74,47.83,0
2025-08-13 12:38:29,delen@test.com,2025-08-13 10:51:24,True,59.16,17.31,50.89,4
2025-08-13 12:38:29,sera@test.com,2025-08-13 11:21:22,True,42.82,20.12,23.7,3
2025-08-13 12:38:29,jack@test.com,2025-08-13 10:48:24,True,19.62,16.89,10.74,0
2025-08-13 12:38:31,alice@test.com,2025-08-13 11:43:22,True,11.19,16.09,60.44,0
2025-08-13 12:38:31,bob@test.com,2025-08-13 12:19:24,True,58.11,42.5,69.19,5
2025-08-13 12:38:31,hanilee@test.com,2025-08-13 12:15:22,True,22.87,29.25,74.6,3
2025-08-13 12:38:31,tim@test.com,2025-08-13 11:33:22,True,33.19,10.45,41.01,0
2025-08-13 12:38:31,fran@test.com,2025-08-13 11:41:31,True,50.35,13.96,50.39,2
2025-08-13 12:38:31,delen@test.com,2025-08-13 10:51:24,True,54.49,12.06,53.5,3
2025-08-13 12:38:31,sera@test.com,2025-08-13 11:21:22,True,45.56,16.06,27.37,1
2025-08-13 12:38:31,jack@test.com,2025-08-13 10:48:24,True,17.35,19.79,8.11,1
2025-08-13 12:38:33,alice@test.com,2025-08-13 11:43:22,True,9.43,22.84,61.86,0
2025-08-13 12:38:33,bob@test.com,2025-08-13 12:19:24,True,60.5,44.91,70.07,6
2025-08-13 12:38:33,hanilee@test.com,2025-08-13 12:15:22,True,31.84,30.86,74.25,2
2025-08-13 12:38:33,tim@test.com,2025-08-13 11:33:22,True,33.42,10.27,37.27,1
2025-08-13 12:38:33,fran@test.com,2025-08-13 11:41:31,True,41.54,12.1,46.18,2
2025-08-13 12:38:33,delen@test.com,2025-08-13 10:51:24,True,52.66,16.15,51.38,3
2025-08-13 12:38:33,sera@test.com,2025-08-13 11:21:22,True,47.38,18.46,22.91,1
2025-08-13 12:38:33,jack@test.com,2025-08-13 10:48:24,True,18.03,15.8,9.17,0
2025-08-13 12:38:35,alice@test.com,2025-08-13 11:43:22,True,13.83,25.6,60.65,3
2025-08-13 12:38:35,bob@test.com,2025-08-13 12:19:24,True,60.61,46.14,71.94,5
2025-08-13 12:38:35,hanilee@test.com,2025-08-13 12:15:22,True,27.24,37.73,77.55,2
2025-08-13 12:38:35,tim@test.com,2025-08-13 11:33:22,True,28.2,6.28,42.29,1
2025-08-13 12:38:35,fran@test.com,2025-08-13 11:41:31,True,46.95,12.37,51.28,2
2025-08-13 12:38:35,delen@test.com,2025-08-13 10:51:24,True,54.95,11.79,49.58,4
2025-08-13 12:38:35,sera@test.com,2025-08-13 11:21:22,True,46.37,14.99,25.72,1
2025-08-13 12:38:35,jack@test.com,2025-08-13 10:48:24,True,17.9,17.8,10.81,0
2025-08-13 12:38:37,alice@test.com,2025-08-13 11:43:22,True,10.22,19.87,61.2,0
2025-08-13 12:38:37,bob@test.com,2025-08-13 12:19:24,True,59.77,43.02,68.65,5
2025-08-13 12:38:37,hanilee@test.com,2025-08-13 12:15:22,True,24.71,31.27,78.2,3
2025-08-13 12:38:37,tim@test.com,2025-08-13 11:33:22,True,30.73,12.02,39.35,0
2025-08-13 12:38:37,fran@test.com,2025-08-13 11:41:31,True,50.75,11.39,50.08,2
2025-08-13 12:38:37,delen@test.com,2025-08-13 10:51:24,True,58.4,16.65,49.15,4
2025-08-13 12:38:37,sera@test.com,2025-08-13 11:21:22,True,47.26,24.75,28.59,3
2025-08-13 12:38:37,jack@test.com,2025-08-13 10:48:24,True,17.39,17.66,12.47,0
2025-08-13 12:38:39,alice@test.com,2025-08-13 11:43:22,True,13.78,18.29,59.94,0
2025-08-13 12:38:39,bob@test.com,2025-08-13 12:19:24,True,61.81,47.21,68.95,6
2025-08-13 12:38:39,hanilee@test.com,2025-08-13 12:15:22,True,23.3,27.05,75.26,2
2025-08-13 12:38:39,tim@test.com,2025-08-13 11:33:22,True,26.53,10.19,40.45,1
2025-08-13 12:38:39,fran@test.com,2025-08-13 11:41:31,True,43.13,14.82,47.27,3
2025-08-13 12:38:39,delen@test.com,2025-08-13 10:51:24,True,57.79,19.18,46.85,4
2025-08-13 12:38:39,sera@test.com,2025-08-13 11:21:22,True,52.15,11.44,25.53,1
2025-08-13 12:38:39,jack@test.com,2025-08-13 10:48:24,True,18.68,16.61,9.82,1
2025-08-13 12:38:41,alice@test.com,2025-08-13 11:43:22,True,10.25,25.55,63.93,1
2025-08-13 12:38:41,bob@test.com,2025-08-13 12:19:24,True,60.43,42.18,70.5,6
2025-08-13 12:38:41,hanilee@test.com,2025-08-13 12:15:22,True,23.6,32.51,77.07,2
2025-08-13 12:38:41,tim@test.com,2025-08-13 11:33:22,True,38.5,7.65,37.77,2
2025-08-13 12:38:41,fran@test.com,2025-08-13 11:41:31,True,46.86,21.52,50.13,2
2025-08-13 12:38:41,delen@test.com,2025-08-13 10:51:24,True,62.14,17.2,48.78,2
2025-08-13 12:38:41,sera@test.com,2025-08-13 11:21:22,True,49.39,21.12,25.37,1
2025-08-13 12:38:41,jack@test.com,2025-08-13 10:48:24,True,18.06,20.03,9.88,0
2025-08-13 12:38:43,alice@test.com,2025-08-13 11:43:22,True,4.83,23.87,60.87,1
2025-08-13 12:38:43,bob@test.com,2025-08-13 12:19:24,True,58.84,42.15,69.84,4
2025-08-13 12:38:43,hanilee@test.com,2025-08-13 12:15:22,True,27.42,35.21,75.05,1
2025-08-13 12:38:43,tim@test.com,2025-08-13 11:33:22,True,34.45,10.34,40.75,1
2025-08-13 12:38:43,fran@test.com,2025-08-13 11:41:31,True,39.71,11.12,51.16,4
2025-08-13 12:38:43,delen@test.com,2025-08-13 10:51:24,True,51.71,17.77,51.0,3
2025-08-13 12:38:43,sera@test.com,2025-08-13 11:21:22,True,49.03,19.21,24.24,2
2025-08-13 12:38:43,jack@test.com,2025-08-13 10:48:24,True,22.37,13.65,10.06,0
2025-08-13 12:38:45,alice@test.com,2025-08-13 11:43:22,True,10.89,18.45,60.3,0
2025-08-13 12:38:45,bob@test.com,2025-08-13 12:19:24,True,57.85,46.93,72.61,6
2025-08-13 12:38:45,hanilee@test.com,2025-08-13 12:15:22,True,23.09,26.7,81.24,2
2025-08-13 12:38:45,tim@test.com,2025-08-13 11:33:22,True,36.81,7.52,36.04,0
2025-08-13 12:38:45,fran@test.com,2025-08-13 11:41:31,True,45.74,12.59,47.37,1
2025-08-13 12:38:45,delen@test.com,2025-08-13 10:51:24,True,57.59,15.3,50.63,4
2025-08-13 12:38:45,sera@test.com,2025-08-13 11:21:22,True,57.89,18.24,30.23,2
2025-08-13 12:38:45,jack@test.com,2025-08-13 10:48:24,True,22.23,18.05,8.74,0
2025-08-13 12:38:47,alice@test.com,2025-08-13 11:43:22,True,9.18,21.5,58.65,0
2025-08-13 12:38:47,bob@test.com,2025-08-13 12:19:24,True,60.5,43.98,70.96,4
2025-08-13 12:38:47,hanilee@test.com,2025-08-13 12:15:22,True,27.5,30.09,75.98,4
2025-08-13 12:38:47,tim@test.com,2025-08-13 11:33:22,True,37.46,11.84,42.97,1
2025-08-13 12:38:47,fran@test.com,2025-08-13 11:41:31,True,42.31,9.65,52.09,1
2025-08-13 12:38:47,delen@test.com,2025-08-13 10:51:24,True,56.41,12.14,49.3,4
2025-08-13 12:38:47,sera@test.com,2025-08-13 11:21:22,True,49.73,13.68,24.17,3
2025-08-13 12:38:47,jack@test.com,2025-08-13 10:48:24,True,22.47,18.74,10.61,0
2025-08-13 12:38:49,alice@test.com,2025-08-13 11:43:22,True,8.1,23.3,61.64,1
2025-08-13 12:38:49,bob@test.com,2025-08-13 12:19:24,True,63.06,44.68,69.22,6
2025-08-13 12:38:49,hanilee@test.com,2025-08-13 12:15:22,True,22.25,27.81,77.53,2
2025-08-13 12:38:49,tim@test.com,2025-08-13 11:33:22,True,31.21,6.99,37.49,0
2025-08-13 12:38:49,fran@test.com,2025-08-13 11:41:31,True,44.14,17.35,50.39,2
2025-08-13 12:38:49,delen@test.com,2025-08-13 10:51:24,True,55.18,15.47,49.02,3
2025-08-13 12:38:49,sera@test.com,2025-08-13 11:21:22,True,52.72,16.99,26.98,1
2025-08-13 12:38:49,jack@test.com,2025-08-13 10:48:24,True,20.43,23.96,13.3,0
2025-08-13 12:38:51,alice@test.com,2025-08-13 11:43:22,True,12.94,19.94,64.68,2
2025-08-13 12:38:51,bob@test.com,2025-08-13 12:19:24,True,61.08,40.24,70.51,5
2025-08-13 12:38:51,hanilee@test.com,2025-08-13 12:15:22,True,27.44,27.01,77.47,2
2025-08-13 12:38:51,tim@test.com,2025-08-13 11:33:22,True,30.99,5.75,39.68,2
2025-08-13 12:38:51,fran@test.com,2025-08-13 11:41:31,True,38.96,14.45,50.13,2
2025-08-13 12:38:51,delen@test.com,2025-08-13 10:51:24,True,53.69,15.11,48.34,2
2025-08-13 12:38:51,sera@test.com,2025-08-13 11:21:22,True,50.6,14.8,22.45,0
2025-08-13 12:38:51,jack@test.com,2025-08-13 10:48:24,True,20.68,19.19,9.11,1
2025-08-13 12:38:53,alice@test.com,2025-08-13 11:43:22,True,11.7,22.97,59.9,1
2025-08-13 12:38:53,bob@test.com,2025-08-13 12:19:24,True,60.56,47.15,70.51,4
2025-08-13 12:38:53,hanilee@test.com,2025-08-13 12:15:22,True,21.45,38.5,75.9,3
2025-08-13 12:38:53,tim@test.com,2025-08-13 11:33:22,True,35.76,10.35,40.68,2
2025-08-13 12:38:53,fran@test.com,2025-08-13 11:41:31,True,47.33,14.15,53.23,4
2025-08-13 12:38:53,delen@test.com,2025-08-13 10:51:24,True,57.8,12.98,49.56,2
2025-08-13 12:38:53,sera@test.com,2025-08-13 11:21:22,True,51.99,14.77,26.49,2
2025-08-13 12:38:53,jack@test.com,2025-08-13 10:48:24,True,19.92,17.07,13.1,0
2025-08-13 12:38:55,alice@test.com,2025-08-13 11:43:22,True,8.88,22.08,63.28,2
2025-08-13 12:38:55,bob@test.com,2025-08-13 12:19:24,True,53.87,46.51,67.34,5
2025-08-13 12:38:55,hanilee@test.com,2025-08-13 12:15:22,True,23.49,36.25,77.49,5
2025-08-13 12:38:55,tim@test.com,2025-08-13 11:33:22,True,34.07,12.15,43.47,1
2025-08-13 12:38:55,fran@test.com,2025-08-13 11:41:31,True,48.55,14.15,52.3,2
2025-08-13 12:38:55,delen@test.com,2025-08-13 10:51:24,True,55.16,15.9,50.98,3
2025-08-13 12:38:55,sera@test.com,2025-08-13 11:21:22,True,45.18,16.69,26.48,2
2025-08-13 12:38:55,jack@test.com,2025-08-13 10:48:24,True,19.55,16.44,5.68,0
2025-08-13 12:38:57,alice@test.com,2025-08-13 11:43:22,True,12.74,22.55,61.06,2
2025-08-13 12:38:57,bob@test.com,2025-08-13 12:19:24,True,58.5,44.21,70.56,5
2025-08-13 12:38:57,hanilee@test.com,2025-08-13 12:15:22,True,27.83,30.61,81.25,3
2025-08-13 12:38:57,tim@test.com,2025-08-13 11:33:22,True,35.66,10.1,39.99,1
2025-08-13 12:38:57,fran@test.com,2025-08-13 11:41:31,True,42.62,11.93,51.79,2
2025-08-13 12:38:57,delen@test.com,2025-08-13 10:51:24,True,54.58,14.43,50.34,5
2025-08-13 12:38:57,sera@test.com,2025-08-13 11:21:22,True,50.7,18.26,24.96,0
2025-08-13 12:38:57,jack@test.com,2025-08-13 10:48:24,True,16.45,17.86,10.81,1
2025-08-13 12:38:59,alice@test.com,2025-08-13 11:43:22,True,7.59,17.59,61.11,1
2025-08-13 12:38:59,bob@test.com,2025-08-13 12:19:24,True,60.0,44.63,71.33,5
2025-08-13 12:38:59,hanilee@test.com,2025-08-13 12:15:22,True,29.43,25.79,78.11,0
2025-08-13 12:38:59,tim@test.com,2025-08-13 11:33:22,True,37.07,15.11,39.5,2
2025-08-13 12:38:59,fran@test.com,2025-08-13 11:41:31,True,44.8,20.22,51.11,2
2025-08-13 12:38:59,delen@test.com,2025-08-13 10:51:24,True,55.33,15.63,52.24,3
2025-08-13 12:38:59,sera@test.com,2025-08-13 11:21:22,True,51.55,17.62,24.31,0
2025-08-13 12:38:59,jack@test.com,2025-08-13 10:48:24,True,25.59,19.8,10.96,0
2025-08-13 12:39:01,alice@test.com,2025-08-13 11:43:22,True,14.81,19.39,62.59,2
2025-08-13 12:39:01,bob@test.com,2025-08-13 12:19:24,True,56.86,46.78,72.58,6
2025-08-13 12:39:01,hanilee@test.com,2025-08-13 12:15:22,True,31.09,28.4,80.59,3
2025-08-13 12:39:01,tim@test.com,2025-08-13 11:33:22,True,32.44,15.19,38.07,0
2025-08-13 12:39:01,fran@test.com,2025-08-13 11:41:31,True,46.32,15.73,50.69,2
2025-08-13 12:39:01,delen@test.com,2025-08-13 10:51:24,True,58.35,15.15,54.16,4
2025-08-13 12:39:01,sera@test.com,2025-08-13 11:21:22,True,50.53,13.68,26.98,1
2025-08-13 12:39:01,jack@test.com,2025-08-13 10:48:24,True,19.24,18.78,7.8,0
2025-08-13 12:39:03,alice@test.com,2025-08-13 11:43:22,True,11.27,20.08,60.24,1
2025-08-13 12:39:03,bob@test.com,2025-08-13 12:19:24,True,59.28,46.93,71.42,6
2025-08-13 12:39:03,hanilee@test.com,2025-08-13 12:15:22,True,29.28,35.46,77.74,1
2025-08-13 12:39:03,tim@test.com,2025-08-13 11:33:22,True,37.08,16.38,38.71,1
2025-08-13 12:39:03,fran@test.com,2025-08-13 11:41:31,True,43.25,10.7,49.19,1
2025-08-13 12:39:03,delen@test.com,2025-08-13 10:51:24,True,52.39,15.27,47.14,5
2025-08-13 12:39:03,sera@test.com,2025-08-13 11:21:22,True,47.74,21.94,24.11,1
2025-08-13 12:39:03,jack@test.com,2025-08-13 10:48:24,True,19.61,17.24,11.1,1
2025-08-13 12:39:05,alice@test.com,2025-08-13 11:43:22,True,10.26,19.88,58.29,2
2025-08-13 12:39:05,bob@test.com,2025-08-13 12:19:24,True,62.72,45.73,72.16,4
2025-08-13 12:39:05,hanilee@test.com,2025-08-13 12:15:22,True,25.86,23.4,74.86,3
2025-08-13 12:39:05,tim@test.com,2025-08-13 11:33:22,True,39.9,9.71,42.06,2
2025-08-13 12:39:05,fran@test.com,2025-08-13 11:41:31,True,41.95,17.71,50.17,3
2025-08-13 12:39:05,delen@test.com,2025-08-13 10:51:24,True,54.75,13.38,54.98,5
2025-08-13 12:39:05,sera@test.com,2025-08-13 11:21:22,True,46.6,15.5,25.61,2
2025-08-13 12:39:05,jack@test.com,2025-08-13 10:48:24,True,19.25,16.6,11.2,0
2025-08-13 12:39:07,alice@test.com,2025-08-13 11:43:22,True,6.53,19.96,62.1,1
2025-08-13 12:39:07,bob@test.com,2025-08-13 12:19:24,True,58.36,44.56,70.75,5
2025-08-13 12:39:07,hanilee@test.com,2025-08-13 12:15:22,True,18.35,27.85,81.4,3
2025-08-13 12:39:07,tim@test.com,2025-08-13 11:33:22,True,30.74,10.39,42.37,4
2025-08-13 12:39:07,fran@test.com,2025-08-13 11:41:31,True,43.4,16.9,48.94,2
2025-08-13 12:39:07,delen@test.com,2025-08-13 10:51:24,True,56.66,14.12,51.47,4
2025-08-13 12:39:07,sera@test.com,2025-08-13 11:21:22,True,47.56,11.1,24.81,2
2025-08-13 12:39:07,jack@test.com,2025-08-13 10:48:24,True,23.36,16.13,9.24,0
2025-08-13 12:39:09,alice@test.com,2025-08-13 11:43:22,True,10.66,21.98,64.0,0
2025-08-13 12:39:09,bob@test.com,2025-08-13 12:19:24,True,59.94,45.48,68.21,6
2025-08-13 12:39:09,hanilee@test.com,2025-08-13 12:15:22,True,26.23,29.95,75.69,3
2025-08-13 12:39:09,tim@test.com,2025-08-13 11:33:22,True,34.28,9.99,39.59,1
2025-08-13 12:39:09,fran@test.com,2025-08-13 11:41:31,True,41.92,20.8,47.95,3
2025-08-13 12:39:09,delen@test.com,2025-08-13 10:51:24,True,57.09,18.73,50.76,4
2025-08-13 12:39:09,sera@test.com,2025-08-13 11:21:22,True,51.87,15.12,26.9,1
2025-08-13 12:39:09,jack@test.com,2025-08-13 10:48:24,True,19.72,15.24,11.63,0
2025-08-13 12:39:11,alice@test.com,2025-08-13 11:43:22,True,11.81,21.64,62.23,2
2025-08-13 12:39:11,bob@test.com,2025-08-13 12:19:24,True,59.66,45.2,70.48,5
2025-08-13 12:39:11,hanilee@test.com,2025-08-13 12:15:22,True,26.06,28.3,78.98,2
2025-08-13 12:39:11,tim@test.com,2025-08-13 11:33:22,True,32.54,8.47,39.64,1
2025-08-13 12:39:11,fran@test.com,2025-08-13 11:41:31,True,47.09,11.73,48.45,3
2025-08-13 12:39:11,delen@test.com,2025-08-13 10:51:24,True,58.23,11.5,46.05,3
2025-08-13 12:39:11,sera@test.com,2025-08-13 11:21:22,True,52.89,15.81,24.3,2
2025-08-13 12:39:11,jack@test.com,2025-08-13 10:48:24,True,22.59,18.89,10.85,2
2025-08-13 12:39:13,alice@test.com,2025-08-13 11:43:22,True,11.93,18.13,61.14,1
2025-08-13 12:39:13,bob@test.com,2025-08-13 12:19:24,True,56.89,46.67,70.09,5
2025-08-13 12:39:13,hanilee@test.com,2025-08-13 12:15:22,True,24.4,32.66,79.51,3
2025-08-13 12:39:13,tim@test.com,2025-08-13 11:33:22,True,37.06,11.06,40.21,1
2025-08-13 12:39:13,fran@test.com,2025-08-13 11:41:31,True,44.16,15.68,48.42,3
2025-08-13 12:39:13,delen@test.com,2025-08-13 10:51:24,True,51.59,11.03,49.74,2
2025-08-13 12:39:13,sera@test.com,2025-08-13 11:21:22,True,48.87,20.33,19.2,2
2025-08-13 12:39:13,jack@test.com,2025-08-13 10:48:24,True,13.8,14.81,10.35,0
2025-08-13 12:39:15,alice@test.com,2025-08-13 11:43:22,True,9.87,21.39,59.94,2
2025-08-13 12:39:15,bob@test.com,2025-08-13 12:19:24,True,60.32,46.99,72.18,6
2025-08-13 12:39:15,hanilee@test.com,2025-08-13 12:15:22,True,18.27,28.73,75.51,1
2025-08-13 12:39:15,tim@test.com,2025-08-13 11:33:22,True,37.71,8.31,44.08,3
2025-08-13 12:39:15,fran@test.com,2025-08-13 11:41:31,True,43.2,15.94,52.65,2
2025-08-13 12:39:15,delen@test.com,2025-08-13 10:51:24,True,50.32,8.53,47.49,5
2025-08-13 12:39:15,sera@test.com,2025-08-13 11:21:22,True,49.83,16.21,25.57,1
2025-08-13 12:39:15,jack@test.com,2025-08-13 10:48:24,True,18.18,16.99,16.82,1
2025-08-13 12:39:17,alice@test.com,2025-08-13 11:43:22,True,13.2,21.12,60.88,2
2025-08-13 12:39:17,bob@test.com,2025-08-13 12:19:24,True,59.56,42.72,72.3,6
2025-08-13 12:39:17,hanilee@test.com,2025-08-13 12:15:22,True,24.74,23.08,76.73,1
2025-08-13 12:39:17,tim@test.com,2025-08-13 11:33:22,True,36.16,10.96,38.97,1
2025-08-13 12:39:17,fran@test.com,2025-08-13 11:41:31,True,40.58,9.81,49.68,2
2025-08-13 12:39:17,delen@test.com,2025-08-13 10:51:24,True,56.08,12.35,46.3,3
2025-08-13 12:39:17,sera@test.com,2025-08-13 11:21:22,True,56.03,15.3,23.47,2
2025-08-13 12:39:17,jack@test.com,2025-08-13 10:48:24,True,18.42,15.74,8.85,0
2025-08-13 12:39:19,alice@test.com,2025-08-13 11:43:22,True,5.67,19.19,62.45,1
2025-08-13 12:39:19,bob@test.com,2025-08-13 12:19:24,True,56.11,43.41,71.3,7
2025-08-13 12:39:19,hanilee@test.com,2025-08-13 12:15:22,True,24.2,30.23,76.71,3
2025-08-13 12:39:19,tim@test.com,2025-08-13 11:33:22,True,38.29,11.21,38.84,3
2025-08-13 12:39:19,fran@test.com,2025-08-13 11:41:31,True,44.49,16.11,51.98,3
2025-08-13 12:39:19,delen@test.com,2025-08-13 10:51:24,True,57.26,14.39,50.12,3
2025-08-13 12:39:19,sera@test.com,2025-08-13 11:21:22,True,55.93,18.43,23.62,2
2025-08-13 12:39:19,jack@test.com,2025-08-13 10:48:24,True,18.76,18.68,11.05,1
2025-08-13 12:39:21,alice@test.com,2025-08-13 11:43:22,True,8.38,19.46,62.31,1
2025-08-13 12:39:21,bob@test.com,2025-08-13 12:19:24,True,58.4,49.39,69.84,5
2025-08-13 12:39:21,hanilee@test.com,2025-08-13 12:15:22,True,21.89,31.59,77.39,3
2025-08-13 12:39:21,tim@test.com,2025-08-13 11:33:22,True,35.59,11.76,40.71,3
2025-08-13 12:39:21,fran@test.com,2025-08-13 11:41:31,True,39.01,13.31,52.85,5
2025-08-13 12:39:21,delen@test.com,2025-08-13 10:51:24,True,47.84,11.97,50.13,6
2025-08-13 12:39:21,sera@test.com,2025-08-13 11:21:22,True,46.04,14.38,26.67,1
2025-08-13 12:39:21,jack@test.com,2025-08-13 10:48:24,True,16.17,13.81,7.11,0
2025-08-13 12:39:23,alice@test.com,2025-08-13 11:43:22,True,12.42,24.12,60.29,4
2025-08-13 12:39:23,bob@test.com,2025-08-13 12:19:24,True,59.51,44.22,67.69,7
2025-08-13 12:39:23,hanilee@test.com,2025-08-13 12:15:22,True,27.96,31.58,74.31,3
2025-08-13 12:39:23,tim@test.com,2025-08-13 11:33:22,True,35.11,13.18,44.39,1
2025-08-13 12:39:23,fran@test.com,2025-08-13 11:41:31,True,44.31,14.51,48.73,2
2025-08-13 12:39:23,delen@test.com,2025-08-13 10:51:24,True,54.52,17.38,49.85,4
2025-08-13 12:39:23,sera@test.com,2025-08-13 11:21:22,True,48.1,18.62,25.9,0
2025-08-13 12:39:23,jack@test.com,2025-08-13 10:48:24,True,18.15,15.55,11.76,0
2025-08-13 12:39:25,alice@test.com,2025-08-13 11:43:22,True,12.45,20.93,63.76,2
2025-08-13 12:39:25,bob@test.com,2025-08-13 12:19:24,True,61.42,49.43,72.87,4
2025-08-13 12:39:25,hanilee@test.com,2025-08-13 12:15:22,True,23.57,30.82,78.85,3
2025-08-13 12:39:25,tim@test.com,2025-08-13 11:33:22,True,35.2,13.56,43.22,2
2025-08-13 12:39:25,fran@test.com,2025-08-13 11:41:31,True,43.53,12.12,48.04,3
2025-08-13 12:39:25,delen@test.com,2025-08-13 10:51:24,True,51.26,14.33,53.19,4
2025-08-13 12:39:25,sera@test.com,2025-08-13 11:21:22,True,44.77,21.38,24.51,1
2025-08-13 12:39:25,jack@test.com,2025-08-13 10:48:24,True,19.46,19.73,10.41,1
2025-08-13 12:39:27,alice@test.com,2025-08-13 11:43:22,True,7.84,18.75,59.49,2
2025-08-13 12:39:27,bob@test.com,2025-08-13 12:19:24,True,65.09,45.67,71.85,3
2025-08-13 12:39:27,hanilee@test.com,2025-08-13 12:15:22,True,25.57,30.33,76.07,3
2025-08-13 12:39:27,tim@test.com,2025-08-13 11:33:22,True,40.01,9.89,38.75,3
2025-08-13 12:39:27,fran@test.com,2025-08-13 11:41:31,True,40.23,13.99,49.18,4
2025-08-13 12:39:27,delen@test.com,2025-08-13 10:51:24,True,55.55,9.75,49.98,2
2025-08-13 12:39:27,sera@test.com,2025-08-13 11:21:22,True,50.64,17.8,26.93,2
2025-08-13 12:39:27,jack@test.com,2025-08-13 10:48:24,True,18.37,20.9,8.99,2
2025-08-13 12:39:29,alice@test.com,2025-08-13 11:43:22,True,3.38,23.76,60.26,1
2025-08-13 12:39:29,bob@test.com,2025-08-13 12:19:24,True,53.71,46.04,70.38,5
2025-08-13 12:39:29,hanilee@test.com,2025-08-13 12:15:22,True,23.15,27.93,78.41,1
2025-08-13 12:39:29,tim@test.com,2025-08-13 11:33:22,True,33.21,8.61,40.24,2
2025-08-13 12:39:29,fran@test.com,2025-08-13 11:41:31,True,44.51,20.32,49.71,1
2025-08-13 12:39:29,delen@test.com,2025-08-13 10:51:24,True,59.02,12.59,48.25,4
2025-08-13 12:39:29,sera@test.com,2025-08-13 11:21:22,True,47.64,17.03,22.62,2
2025-08-13 12:39:29,jack@test.com,2025-08-13 10:48:24,True,17.56,18.97,10.99,0
2025-08-13 12:39:31,alice@test.com,2025-08-13 11:43:22,True,6.04,25.69,64.01,2
2025-08-13 12:39:31,bob@test.com,2025-08-13 12:19:24,True,62.41,47.37,67.47,6
2025-08-13 12:39:31,hanilee@test.com,2025-08-13 12:15:22,True,21.07,30.52,79.8,2
2025-08-13 12:39:31,tim@test.com,2025-08-13 11:33:22,True,35.09,8.02,36.98,0
2025-08-13 12:39:31,fran@test.com,2025-08-13 11:41:31,True,45.7,13.84,52.52,1
2025-08-13 12:39:31,delen@test.com,2025-08-13 10:51:24,True,50.88,23.4,46.31,2
2025-08-13 12:39:31,sera@test.com,2025-08-13 11:21:22,True,47.13,17.3,20.96,2
2025-08-13 12:39:31,jack@test.com,2025-08-13 10:48:24,True,21.64,12.5,13.7,0
2025-08-13 12:39:33,alice@test.com,2025-08-13 11:43:22,True,12.98,18.13,63.28,1
2025-08-13 12:39:33,bob@test.com,2025-08-13 12:19:24,True,61.89,46.61,71.35,5
2025-08-13 12:39:33,hanilee@test.com,2025-08-13 12:15:22,True,25.43,33.22,82.16,2
2025-08-13 12:39:33,tim@test.com,2025-08-13 11:33:22,True,35.42,11.57,36.53,3
2025-08-13 12:39:33,fran@test.com,2025-08-13 11:41:31,True,43.32,20.75,52.26,2
2025-08-13 12:39:33,delen@test.com,2025-08-13 10:51:24,True,55.98,9.46,47.72,2
2025-08-13 12:39:33,sera@test.com,2025-08-13 11:21:22,True,49.09,16.31,24.75,1
2025-08-13 12:39:33,jack@test.com,2025-08-13 10:48:24,True,19.13,19.59,10.09,2
2025-08-13 12:39:35,alice@test.com,2025-08-13 11:43:22,True,9.5,16.06,56.87,2
2025-08-13 12:39:35,bob@test.com,2025-08-13 12:19:24,True,60.32,46.42,71.4,4
2025-08-13 12:39:35,hanilee@test.com,2025-08-13 12:15:22,True,29.66,29.09,77.44,1
2025-08-13 12:39:35,tim@test.com,2025-08-13 11:33:22,True,32.13,15.64,40.44,1
2025-08-13 12:39:35,fran@test.com,2025-08-13 11:41:31,True,43.88,12.2,50.38,2
2025-08-13 12:39:35,delen@test.com,2025-08-13 10:51:24,True,51.14,12.26,51.62,5
2025-08-13 12:39:35,sera@test.com,2025-08-13 11:21:22,True,44.9,14.53,26.17,1
2025-08-13 12:39:35,jack@test.com,2025-08-13 10:48:24,True,23.73,14.88,10.76,1
2025-08-13 12:39:37,alice@test.com,2025-08-13 11:43:22,True,9.84,15.46,66.69,2
2025-08-13 12:39:37,bob@test.com,2025-08-13 12:19:24,True,60.4,44.26,71.76,4
2025-08-13 12:39:37,hanilee@test.com,2025-08-13 12:15:22,True,23.56,30.93,76.82,1
2025-08-13 12:39:37,tim@test.com,2025-08-13 11:33:22,True,42.06,14.72,43.56,0
2025-08-13 12:39:37,fran@test.com,2025-08-13 11:41:31,True,45.97,13.1,50.56,1
2025-08-13 12:39:37,delen@test.com,2025-08-13 10:51:24,True,55.34,13.98,49.37,4
2025-08-13 12:39:37,sera@test.com,2025-08-13 11:21:22,True,49.63,12.04,21.2,4
2025-08-13 12:39:37,jack@test.com,2025-08-13 10:48:24,True,27.23,23.94,10.44,0
2025-08-13 12:39:39,alice@test.com,2025-08-13 11:43:22,True,8.29,20.05,60.73,2
2025-08-13 12:39:39,bob@test.com,2025-08-13 12:19:24,True,59.78,42.18,68.95,4
2025-08-13 12:39:39,hanilee@test.com,2025-08-13 12:15:22,True,27.27,28.96,71.64,2
2025-08-13 12:39:39,tim@test.com,2025-08-13 11:33:22,True,31.31,11.65,37.18,0
2025-08-13 12:39:39,fran@test.com,2025-08-13 11:41:31,True,48.14,12.01,51.94,4
2025-08-13 12:39:39,delen@test.com,2025-08-13 10:51:24,True,56.22,12.35,54.32,2
2025-08-13 12:39:39,sera@test.com,2025-08-13 11:21:22,True,47.46,20.73,21.45,2
2025-08-13 12:39:39,jack@test.com,2025-08-13 10:48:24,True,18.41,15.07,6.58,2
2025-08-13 12:39:41,alice@test.com,2025-08-13 11:43:22,True,6.08,22.66,60.56,1
2025-08-13 12:39:41,bob@test.com,2025-08-13 12:19:24,True,64.3,45.85,70.34,5
2025-08-13 12:39:41,hanilee@test.com,2025-08-13 12:15:22,True,23.83,28.11,79.16,2
2025-08-13 12:39:41,tim@test.com,2025-08-13 11:33:22,True,32.33,10.52,39.31,1
2025-08-13 12:39:41,fran@test.com,2025-08-13 11:41:31,True,44.97,16.36,49.18,4
2025-08-13 12:39:41,delen@test.com,2025-08-13 10:51:24,True,55.33,15.68,49.06,3
2025-08-13 12:39:41,sera@test.com,2025-08-13 11:21:22,True,49.72,17.77,23.94,1
2025-08-13 12:39:41,jack@test.com,2025-08-13 10:48:24,True,20.71,13.7,7.37,2
2025-08-13 12:39:43,alice@test.com,2025-08-13 11:43:22,True,10.65,21.55,60.78,3
2025-08-13 12:39:43,bob@test.com,2025-08-13 12:19:24,True,59.13,42.47,69.68,5
2025-08-13 12:39:43,hanilee@test.com,2025-08-13 12:15:22,True,25.05,27.24,75.32,3
2025-08-13 12:39:43,tim@test.com,2025-08-13 11:33:22,True,29.83,9.8,40.65,1
2025-08-13 12:39:43,fran@test.com,2025-08-13 11:41:31,True,41.63,16.07,51.83,2
2025-08-13 12:39:43,delen@test.com,2025-08-13 10:51:24,True,49.42,10.8,50.55,5
2025-08-13 12:39:43,sera@test.com,2025-08-13 11:21:22,True,46.99,17.58,26.73,1
2025-08-13 12:39:43,jack@test.com,2025-08-13 10:48:24,True,18.88,16.23,13.1,0
2025-08-13 12:39:45,alice@test.com,2025-08-13 11:43:22,True,15.32,23.16,63.94,0
2025-08-13 12:39:45,bob@test.com,2025-08-13 12:19:24,True,66.38,44.98,68.88,5
2025-08-13 12:39:45,hanilee@test.com,2025-08-13 12:15:22,True,28.66,25.84,75.64,2
2025-08-13 12:39:45,tim@test.com,2025-08-13 11:33:22,True,30.91,9.88,41.17,3
2025-08-13 12:39:45,fran@test.com,2025-08-13 11:41:31,True,47.26,15.75,50.33,2
2025-08-13 12:39:45,delen@test.com,2025-08-13 10:51:24,True,53.07,12.98,48.47,4
2025-08-13 12:39:45,sera@test.com,2025-08-13 11:21:22,True,46.62,19.09,24.52,2
2025-08-13 12:39:45,jack@test.com,2025-08-13 10:48:24,True,17.15,15.19,8.14,1
2025-08-13 12:39:47,alice@test.com,2025-08-13 11:43:22,True,13.36,22.88,60.94,1
2025-08-13 12:39:47,bob@test.com,2025-08-13 12:19:24,True,64.08,48.03,69.65,6
2025-08-13 12:39:47,hanilee@test.com,2025-08-13 12:15:22,True,24.71,30.03,78.01,5
2025-08-13 12:39:47,tim@test.com,2025-08-13 11:33:22,True,33.88,16.52,42.2,1
2025-08-13 12:39:47,fran@test.com,2025-08-13 11:41:31,True,43.76,16.2,51.05,4
2025-08-13 12:39:47,delen@test.com,2025-08-13 10:51:24,True,56.59,15.94,45.95,2
2025-08-13 12:39:47,sera@test.com,2025-08-13 11:21:22,True,48.02,18.29,26.91,3
2025-08-13 12:39:47,jack@test.com,2025-08-13 10:48:24,True,20.17,17.07,9.29,0
2025-08-13 12:39:49,alice@test.com,2025-08-13 11:43:22,True,13.71,21.69,62.1,0
2025-08-13 12:39:49,bob@test.com,2025-08-13 12:19:24,True,58.69,40.78,71.12,5
2025-08-13 12:39:49,hanilee@test.com,2025-08-13 12:15:22,True,30.61,28.1,78.37,3
2025-08-13 12:39:49,tim@test.com,2025-08-13 11:33:22,True,34.71,11.47,40.1,1
2025-08-13 12:39:49,fran@test.com,2025-08-13 11:41:31,True,48.51,8.39,50.19,2
2025-08-13 12:39:49,delen@test.com,2025-08-13 10:51:24,True,61.52,14.43,46.84,3
2025-08-13 12:39:49,sera@test.com,2025-08-13 11:21:22,True,51.7,17.82,24.58,3
2025-08-13 12:39:49,jack@test.com,2025-08-13 10:48:24,True,21.36,15.33,7.67,2
2025-08-13 12:39:51,alice@test.com,2025-08-13 11:43:22,True,9.61,20.21,65.16,1
2025-08-13 12:39:51,bob@test.com,2025-08-13 12:19:24,True,57.34,45.55,68.77,5
2025-08-13 12:39:51,hanilee@test.com,2025-08-13 12:15:22,True,32.77,26.87,78.8,2
2025-08-13 12:39:51,tim@test.com,2025-08-13 11:33:22,True,38.31,12.61,41.65,0
2025-08-13 12:39:51,fran@test.com,2025-08-13 11:41:31,True,40.03,11.55,50.63,1
2025-08-13 12:39:51,delen@test.com,2025-08-13 10:51:24,True,52.37,15.04,48.25,3
2025-08-13 12:39:51,sera@test.com,2025-08-13 11:21:22,True,54.2,14.14,29.56,3
2025-08-13 12:39:51,jack@test.com,2025-08-13 10:48:24,True,14.49,21.59,7.22,1
2025-08-13 12:39:53,alice@test.com,2025-08-13 11:43:22,True,13.73,20.33,61.32,2
2025-08-13 12:39:53,bob@test.com,2025-08-13 12:19:24,True,60.1,51.18,67.28,7
2025-08-13 12:39:53,hanilee@test.com,2025-08-13 12:15:22,True,23.29,35.24,77.32,3
2025-08-13 12:39:53,tim@test.com,2025-08-13 11:33:22,True,29.03,15.71,43.82,2
2025-08-13 12:39:53,fran@test.com,2025-08-13 11:41:31,True,44.34,13.78,48.81,3
2025-08-13 12:39:53,delen@test.com,2025-08-13 10:51:24,True,57.15,14.76,46.87,4
2025-08-13 12:39:53,sera@test.com,2025-08-13 11:21:22,True,51.84,13.33,23.27,1
2025-08-13 12:39:53,jack@test.com,2025-08-13 10:48:24,True,19.15,18.66,8.43,1
2025-08-13 12:39:55,alice@test.com,2025-08-13 11:43:22,True,12.57,19.48,57.65,2
2025-08-13 12:39:55,bob@test.com,2025-08-13 12:19:24,True,59.46,45.63,68.36,6
2025-08-13 12:39:55,hanilee@test.com,2025-08-13 12:15:22,True,27.37,26.33,75.0,3
2025-08-13 12:39:55,tim@test.com,2025-08-13 11:33:22,True,41.55,7.16,44.49,2
2025-08-13 12:39:55,fran@test.com,2025-08-13 11:41:31,True,44.58,6.74,53.55,2
2025-08-13 12:39:55,delen@test.com,2025-08-13 10:51:24,True,53.75,14.29,48.21,5
2025-08-13 12:39:55,sera@test.com,2025-08-13 11:21:22,True,48.51,21.48,26.62,1
2025-08-13 12:39:55,jack@test.com,2025-08-13 10:48:24,True,21.9,18.4,12.0,0
2025-08-13 12:39:57,alice@test.com,2025-08-13 11:43:22,True,10.33,23.24,58.66,1
2025-08-13 12:39:57,bob@test.com,2025-08-13 12:19:24,True,62.38,49.21,70.82,5
2025-08-13 12:39:57,hanilee@test.com,2025-08-13 12:15:22,True,23.21,29.87,79.18,2
2025-08-13 12:39:57,tim@test.com,2025-08-13 11:33:22,True,31.83,13.24,40.14,2
2025-08-13 12:39:57,fran@test.com,2025-08-13 11:41:31,True,42.71,17.23,50.42,4
2025-08-13 12:39:57,delen@test.com,2025-08-13 10:51:24,True,57.82,13.18,46.11,5
2025-08-13 12:39:57,sera@test.com,2025-08-13 11:21:22,True,46.73,13.89,22.48,1
2025-08-13 12:39:57,jack@test.com,2025-08-13 10:48:24,True,23.13,16.13,12.37,0
2025-08-13 12:39:59,alice@test.com,2025-08-13 11:43:22,True,12.74,18.29,61.66,2
2025-08-13 12:39:59,bob@test.com,2025-08-13 12:19:24,True,60.98,40.63,69.0,7
2025-08-13 12:39:59,hanilee@test.com,2025-08-13 12:15:22,True,25.02,26.26,78.0,1
2025-08-13 12:39:59,tim@test.com,2025-08-13 11:33:22,True,34.27,12.11,37.04,2
2025-08-13 12:39:59,fran@test.com,2025-08-13 11:41:31,True,40.53,18.95,48.21,4
2025-08-13 12:39:59,delen@test.com,2025-08-13 10:51:24,True,52.4,12.26,50.85,2
2025-08-13 12:39:59,sera@test.com,2025-08-13 11:21:22,True,46.89,16.84,32.29,0
2025-08-13 12:39:59,jack@test.com,2025-08-13 10:48:24,True,13.71,13.39,8.02,0
2025-08-13 12:40:01,alice@test.com,2025-08-13 11:43:22,True,9.68,21.33,60.52,1
2025-08-13 12:40:01,bob@test.com,2025-08-13 12:19:24,True,57.94,39.53,72.07,3
2025-08-13 12:40:01,hanilee@test.com,2025-08-13 12:15:22,True,19.85,31.51,75.81,2
2025-08-13 12:40:01,tim@test.com,2025-08-13 11:33:22,True,32.64,15.51,39.91,1
2025-08-13 12:40:01,fran@test.com,2025-08-13 11:41:31,True,45.16,9.88,50.85,2
2025-08-13 12:40:01,delen@test.com,2025-08-13 10:51:24,True,53.66,14.38,50.47,3
2025-08-13 12:40:01,sera@test.com,2025-08-13 11:21:22,True,51.39,18.6,25.84,1
2025-08-13 12:40:01,jack@test.com,2025-08-13 10:48:24,True,14.05,22.94,14.07,1
2025-08-13 12:40:03,alice@test.com,2025-08-13 11:43:22,True,9.01,16.37,64.85,1
2025-08-13 12:40:03,bob@test.com,2025-08-13 12:19:24,True,57.41,44.49,70.65,3
2025-08-13 12:40:03,hanilee@test.com,2025-08-13 12:15:22,True,24.14,27.72,73.48,4
2025-08-13 12:40:03,tim@test.com,2025-08-13 11:33:22,True,33.53,13.37,42.47,1
2025-08-13 12:40:03,fran@test.com,2025-08-13 11:41:31,True,42.25,17.98,47.35,4
2025-08-13 12:40:03,delen@test.com,2025-08-13 10:51:24,True,54.02,16.79,47.87,5
2025-08-13 12:40:03,sera@test.com,2025-08-13 11:21:22,True,48.08,13.15,23.78,2
2025-08-13 12:40:03,jack@test.com,2025-08-13 10:48:24,True,17.55,11.07,11.63,0
2025-08-13 12:40:05,alice@test.com,2025-08-13 11:43:22,True,11.58,18.8,61.52,3
2025-08-13 12:40:05,bob@test.com,2025-08-13 12:19:24,True,59.63,41.22,72.15,5
2025-08-13 12:40:05,hanilee@test.com,2025-08-13 12:15:22,True,24.66,28.69,76.25,3
2025-08-13 12:40:05,tim@test.com,2025-08-13 11:33:22,True,36.31,12.33,39.46,2
2025-08-13 12:40:05,fran@test.com,2025-08-13 11:41:31,True,41.4,9.28,51.21,1
2025-08-13 12:40:05,delen@test.com,2025-08-13 10:51:24,True,56.94,22.24,49.81,4
2025-08-13 12:40:05,sera@test.com,2025-08-13 11:21:22,True,50.42,15.37,26.44,2
2025-08-13 12:40:05,jack@test.com,2025-08-13 10:48:24,True,20.3,16.45,9.93,0
2025-08-13 12:40:07,alice@test.com,2025-08-13 11:43:22,True,11.47,21.96,60.8,0
2025-08-13 12:40:07,bob@test.com,2025-08-13 12:19:24,True,55.88,39.9,72.82,7
2025-08-13 12:40:07,hanilee@test.com,2025-08-13 12:15:22,True,22.23,29.04,76.58,4
2025-08-13 12:40:07,tim@test.com,2025-08-13 11:33:22,True,31.4,14.87,41.38,1
2025-08-13 12:40:07,fran@test.com,2025-08-13 11:41:31,True,49.9,9.19,50.34,3
2025-08-13 12:40:07,delen@test.com,2025-08-13 10:51:24,True,57.52,16.62,54.16,2
2025-08-13 12:40:07,sera@test.com,2025-08-13 11:21:22,True,48.26,17.62,27.96,2
2025-08-13 12:40:07,jack@test.com,2025-08-13 10:48:24,True,23.46,11.17,10.31,1
2025-08-13 12:40:09,alice@test.com,2025-08-13 11:43:22,True,9.79,21.39,62.95,1
2025-08-13 12:40:09,bob@test.com,2025-08-13 12:19:24,True,62.74,42.47,69.44,6
2025-08-13 12:40:09,hanilee@test.com,2025-08-13 12:15:22,True,28.82,33.19,77.23,2
2025-08-13 12:40:09,tim@test.com,2025-08-13 11:33:22,True,39.61,11.3,41.75,2
2025-08-13 12:40:09,fran@test.com,2025-08-13 11:41:31,True,52.99,11.71,53.42,1
2025-08-13 12:40:09,delen@test.com,2025-08-13 10:51:24,True,60.21,13.58,54.57,3
2025-08-13 12:40:09,sera@test.com,2025-08-13 11:21:22,True,48.37,17.14,24.96,2
2025-08-13 12:40:09,jack@test.com,2025-08-13 10:48:24,True,16.78,19.38,14.33,1
2025-08-13 12:40:11,alice@test.com,2025-08-13 11:43:22,True,7.5,16.02,63.51,0
2025-08-13 12:40:11,bob@test.com,2025-08-13 12:19:24,True,60.53,44.95,71.7,4
2025-08-13 12:40:11,hanilee@test.com,2025-08-13 12:15:22,True,26.4,27.8,75.24,3
2025-08-13 12:40:11,tim@test.com,2025-08-13 11:33:22,True,40.65,3.88,38.84,2
2025-08-13 12:40:11,fran@test.com,2025-08-13 11:41:31,True,45.4,13.37,50.79,4
2025-08-13 12:40:11,delen@test.com,2025-08-13 10:51:24,True,56.61,19.09,51.16,5
2025-08-13 12:40:11,sera@test.com,2025-08-13 11:21:22,True,54.04,16.1,23.86,3
2025-08-13 12:40:11,jack@test.com,2025-08-13 10:48:24,True,20.53,15.72,9.79,1
2025-08-13 12:40:13,alice@test.com,2025-08-13 11:43:22,True,8.64,17.54,65.6,2
2025-08-13 12:40:13,bob@test.com,2025-08-13 12:19:24,True,57.59,44.99,70.16,7
2025-08-13 12:40:13,hanilee@test.com,2025-08-13 12:15:22,True,22.51,29.36,76.04,3
2025-08-13 12:40:13,tim@test.com,2025-08-13 11:33:22,True,34.02,11.54,37.46,2
2025-08-13 12:40:13,fran@test.com,2025-08-13 11:41:31,True,43.61,20.07,49.88,3
2025-08-13 12:40:13,delen@test.com,2025-08-13 10:51:24,True,52.45,15.92,48.78,4
2025-08-13 12:40:13,sera@test.com,2025-08-13 11:21:22,True,52.94,14.86,23.62,3
2025-08-13 12:40:13,jack@test.com,2025-08-13 10:48:24,True,19.23,16.52,11.06,0
2025-08-13 12:40:15,alice@test.com,2025-08-13 11:43:22,True,6.39,15.24,61.19,2
2025-08-13 12:40:15,bob@test.com,2025-08-13 12:19:24,True,58.82,46.41,70.55,4
2025-08-13 12:40:15,hanilee@test.com,2025-08-13 12:15:22,True,30.41,31.62,74.96,1
2025-08-13 12:40:15,tim@test.com,2025-08-13 11:33:22,True,31.81,12.46,39.42,1
2025-08-13 12:40:15,fran@test.com,2025-08-13 11:41:31,True,48.71,14.48,50.73,4
2025-08-13 12:40:15,delen@test.com,2025-08-13 10:51:24,True,53.89,13.75,49.31,5
2025-08-13 12:40:15,sera@test.com,2025-08-13 11:21:22,True,49.18,15.51,23.19,3
2025-08-13 12:40:15,jack@test.com,2025-08-13 10:48:24,True,21.02,12.0,10.73,0
2025-08-13 12:40:17,alice@test.com,2025-08-13 11:43:22,True,13.74,19.61,61.38,1
2025-08-13 12:40:17,bob@test.com,2025-08-13 12:19:24,True,63.44,42.3,72.4,5
2025-08-13 12:40:17,hanilee@test.com,2025-08-13 12:15:22,True,30.06,28.7,75.14,2
2025-08-13 12:40:17,tim@test.com,2025-08-13 11:33:22,True,35.16,12.68,40.61,1
2025-08-13 12:40:17,fran@test.com,2025-08-13 11:41:31,True,45.58,18.58,48.53,2
2025-08-13 12:40:17,delen@test.com,2025-08-13 10:51:24,True,52.0,17.74,47.86,5
2025-08-13 12:40:17,sera@test.com,2025-08-13 11:21:22,True,48.62,14.57,26.68,2
2025-08-13 12:40:17,jack@test.com,2025-08-13 10:48:24,True,20.6,13.72,10.09,0
2025-08-13 12:40:19,alice@test.com,2025-08-13 11:43:22,True,15.23,16.9,64.15,0
2025-08-13 12:40:19,bob@test.com,2025-08-13 12:19:24,True,61.4,44.08,68.64,3
2025-08-13 12:40:19,hanilee@test.com,2025-08-13 12:15:22,True,16.86,29.4,78.36,1
2025-08-13 12:40:19,tim@test.com,2025-08-13 11:33:22,True,36.51,16.16,38.15,1
2025-08-13 12:40:19,fran@test.com,2025-08-13 11:41:31,True,44.87,6.95,47.23,1
2025-08-13 12:40:19,delen@test.com,2025-08-13 10:51:24,True,55.77,14.67,48.3,3
2025-08-13 12:40:19,sera@test.com,2025-08-13 11:21:22,True,53.68,19.59,21.38,2
2025-08-13 12:40:19,jack@test.com,2025-08-13 10:48:24,True,23.53,13.7,10.9,1
2025-08-13 12:40:21,alice@test.com,2025-08-13 11:43:22,True,14.94,17.23,61.97,0
2025-08-13 12:40:21,bob@test.com,2025-08-13 12:19:24,True,58.94,42.64,70.31,5
2025-08-13 12:40:21,hanilee@test.com,2025-08-13 12:15:22,True,25.74,30.56,79.92,4
2025-08-13 12:40:21,tim@test.com,2025-08-13 11:33:22,True,37.12,7.86,41.0,0
2025-08-13 12:40:21,fran@test.com,2025-08-13 11:41:31,True,44.04,13.86,50.77,4
2025-08-13 12:40:21,delen@test.com,2025-08-13 10:51:24,True,54.14,12.12,53.64,1
2025-08-13 12:40:21,sera@test.com,2025-08-13 11:21:22,True,54.26,23.15,23.3,2
2025-08-13 12:40:21,jack@test.com,2025-08-13 10:48:24,True,16.93,15.51,9.91,0
2025-08-13 12:40:23,alice@test.com,2025-08-13 11:43:22,True,6.04,26.18,64.19,2
2025-08-13 12:40:23,bob@test.com,2025-08-13 12:19:24,True,64.61,44.06,71.13,7
2025-08-13 12:40:23,hanilee@test.com,2025-08-13 12:15:22,True,25.88,31.48,77.79,3
2025-08-13 12:40:23,tim@test.com,2025-08-13 11:33:22,True,39.63,7.45,38.18,1
2025-08-13 12:40:23,fran@test.com,2025-08-13 11:41:31,True,39.92,13.82,49.27,3
2025-08-13 12:40:23,delen@test.com,2025-08-13 10:51:24,True,53.36,14.98,52.85,2
2025-08-13 12:40:23,sera@test.com,2025-08-13 11:21:22,True,44.23,18.78,26.2,2
2025-08-13 12:40:23,jack@test.com,2025-08-13 10:48:24,True,18.49,16.78,12.73,2
2025-08-13 12:40:25,alice@test.com,2025-08-13 11:43:22,True,1.31,26.48,59.14,2
2025-08-13 12:40:25,bob@test.com,2025-08-13 12:19:24,True,66.66,42.41,70.81,6
2025-08-13 12:40:25,hanilee@test.com,2025-08-13 12:15:22,True,25.95,27.49,76.74,4
2025-08-13 12:40:25,tim@test.com,2025-08-13 11:33:22,True,36.65,14.11,39.72,4
2025-08-13 12:40:25,fran@test.com,2025-08-13 11:41:31,True,51.67,15.86,51.49,3
2025-08-13 12:40:25,delen@test.com,2025-08-13 10:51:24,True,54.67,13.87,50.55,2
2025-08-13 12:40:25,sera@test.com,2025-08-13 11:21:22,True,49.65,20.37,22.71,0
2025-08-13 12:40:25,jack@test.com,2025-08-13 10:48:24,True,21.47,13.8,14.35,1
2025-08-13 12:40:27,alice@test.com,2025-08-13 11:43:22,True,14.92,12.99,61.0,2
2025-08-13 12:40:27,bob@test.com,2025-08-13 12:19:24,True,55.12,49.76,69.34,7
2025-08-13 12:40:27,hanilee@test.com,2025-08-13 12:15:22,True,22.9,27.78,73.42,1
2025-08-13 12:40:27,tim@test.com,2025-08-13 11:33:22,True,35.77,13.41,40.61,3
2025-08-13 12:40:27,fran@test.com,2025-08-13 11:41:31,True,44.9,15.5,46.79,2
2025-08-13 12:40:27,delen@test.com,2025-08-13 10:51:24,True,58.69,16.83,47.83,4
2025-08-13 12:40:27,sera@test.com,2025-08-13 11:21:22,True,46.59,20.04,22.47,1
2025-08-13 12:40:27,jack@test.com,2025-08-13 10:48:24,True,14.9,17.59,9.87,2
2025-08-13 12:40:29,alice@test.com,2025-08-13 11:43:22,True,16.58,13.29,58.85,3
2025-08-13 12:40:29,bob@test.com,2025-08-13 12:19:24,True,61.12,47.7,69.97,5
2025-08-13 12:40:29,hanilee@test.com,2025-08-13 12:15:22,True,26.18,27.25,76.81,3
2025-08-13 12:40:29,tim@test.com,2025-08-13 11:33:22,True,35.99,14.27,41.14,1
2025-08-13 12:40:29,fran@test.com,2025-08-13 11:41:31,True,42.6,14.84,50.27,3
2025-08-13 12:40:29,delen@test.com,2025-08-13 10:51:24,True,54.89,7.18,53.45,3
2025-08-13 12:40:29,sera@test.com,2025-08-13 11:21:22,True,44.29,15.77,27.11,2
2025-08-13 12:40:29,jack@test.com,2025-08-13 10:48:24,True,16.76,17.69,11.57,0
2025-08-13 12:40:31,alice@test.com,2025-08-13 11:43:22,True,6.59,17.9,58.9,2
2025-08-13 12:40:31,bob@test.com,2025-08-13 12:19:24,True,55.06,42.61,71.74,5
2025-08-13 12:40:31,hanilee@test.com,2025-08-13 12:15:22,True,26.98,26.4,78.95,2
2025-08-13 12:40:31,tim@test.com,2025-08-13 11:33:22,True,35.28,17.73,40.61,3
2025-08-13 12:40:31,fran@test.com,2025-08-13 11:41:31,True,47.54,14.47,49.35,3
2025-08-13 12:40:31,delen@test.com,2025-08-13 10:51:24,True,53.75,14.47,50.57,4
2025-08-13 12:40:31,sera@test.com,2025-08-13 11:21:22,True,45.25,14.53,26.83,2
2025-08-13 12:40:31,jack@test.com,2025-08-13 10:48:24,True,18.48,19.25,13.55,1
2025-08-13 12:40:33,alice@test.com,2025-08-13 11:43:22,True,9.67,23.36,62.1,3
2025-08-13 12:40:33,bob@test.com,2025-08-13 12:19:24,True,60.98,44.46,67.54,5
2025-08-13 12:40:33,hanilee@test.com,2025-08-13 12:15:22,True,26.58,28.69,77.15,1
2025-08-13 12:40:33,tim@test.com,2025-08-13 11:33:22,True,38.81,10.22,37.3,2
2025-08-13 12:40:33,fran@test.com,2025-08-13 11:41:31,True,43.32,15.29,47.17,3
2025-08-13 12:40:33,delen@test.com,2025-08-13 10:51:24,True,50.8,20.06,48.98,3
2025-08-13 12:40:33,sera@test.com,2025-08-13 11:21:22,True,47.99,17.51,24.05,3
2025-08-13 12:40:33,jack@test.com,2025-08-13 10:48:24,True,19.65,18.77,12.27,2
2025-08-13 12:40:35,alice@test.com,2025-08-13 11:43:22,True,13.29,21.39,64.89,1
2025-08-13 12:40:35,bob@test.com,2025-08-13 12:19:24,True,62.69,50.51,70.79,6
2025-08-13 12:40:35,hanilee@test.com,2025-08-13 12:15:22,True,27.61,30.48,74.66,2
2025-08-13 12:40:35,tim@test.com,2025-08-13 11:33:22,True,30.75,9.95,37.97,1
2025-08-13 12:40:35,fran@test.com,2025-08-13 11:41:31,True,48.49,15.54,51.97,1
2025-08-13 12:40:35,delen@test.com,2025-08-13 10:51:24,True,52.26,12.02,48.39,1
2025-08-13 12:40:35,sera@test.com,2025-08-13 11:21:22,True,53.63,19.81,24.25,1
2025-08-13 12:40:35,jack@test.com,2025-08-13 10:48:24,True,20.73,18.11,10.49,1
2025-08-13 12:40:37,alice@test.com,2025-08-13 11:43:22,True,3.15,22.36,61.84,1
2025-08-13 12:40:37,bob@test.com,2025-08-13 12:19:24,True,59.53,49.3,74.98,5
2025-08-13 12:40:37,hanilee@test.com,2025-08-13 12:15:22,True,19.07,29.48,76.57,3
2025-08-13 12:40:37,tim@test.com,2025-08-13 11:33:22,True,37.03,11.76,44.07,2
2025-08-13 12:40:37,fran@test.com,2025-08-13 11:41:31,True,42.73,16.35,49.51,2
2025-08-13 12:40:37,delen@test.com,2025-08-13 10:51:24,True,54.44,12.13,51.84,3
2025-08-13 12:40:37,sera@test.com,2025-08-13 11:21:22,True,51.58,21.3,24.34,2
2025-08-13 12:40:37,jack@test.com,2025-08-13 10:48:24,True,19.54,13.15,12.7,0
2025-08-13 12:40:39,alice@test.com,2025-08-13 11:43:22,True,8.72,17.72,60.22,1
2025-08-13 12:40:39,bob@test.com,2025-08-13 12:19:24,True,62.75,45.4,69.82,6
2025-08-13 12:40:39,hanilee@test.com,2025-08-13 12:15:22,True,26.27,19.76,75.03,3
2025-08-13 12:40:39,tim@test.com,2025-08-13 11:33:22,True,33.69,14.71,39.0,0
2025-08-13 12:40:39,fran@test.com,2025-08-13 11:41:31,True,43.44,15.66,45.83,2
2025-08-13 12:40:39,delen@test.com,2025-08-13 10:51:24,True,55.41,11.33,50.34,4
2025-08-13 12:40:39,sera@test.com,2025-08-13 11:21:22,True,48.36,13.08,27.05,1
2025-08-13 12:40:39,jack@test.com,2025-08-13 10:48:24,True,22.12,14.67,10.54,1
2025-08-13 12:40:41,alice@test.com,2025-08-13 11:43:22,True,7.65,24.08,60.61,2
2025-08-13 12:40:41,bob@test.com,2025-08-13 12:19:24,True,51.87,43.62,68.53,7
2025-08-13 12:40:41,hanilee@test.com,2025-08-13 12:15:22,True,26.05,28.12,75.96,2
2025-08-13 12:40:41,tim@test.com,2025-08-13 11:33:22,True,36.01,11.61,39.96,1
2025-08-13 12:40:41,fran@test.com,2025-08-13 11:41:31,True,43.89,6.4,48.02,2
2025-08-13 12:40:41,delen@test.com,2025-08-13 10:51:24,True,56.02,15.1,47.45,4
2025-08-13 12:40:41,sera@test.com,2025-08-13 11:21:22,True,48.74,21.56,26.33,2
2025-08-13 12:40:41,jack@test.com,2025-08-13 10:48:24,True,18.45,14.63,9.68,1
2025-08-13 12:40:43,alice@test.com,2025-08-13 11:43:22,True,5.25,21.01,59.72,0
2025-08-13 12:40:43,bob@test.com,2025-08-13 12:19:24,True,61.66,40.71,72.85,5
2025-08-13 12:40:43,hanilee@test.com,2025-08-13 12:15:22,True,23.82,25.29,78.15,2
2025-08-13 12:40:43,tim@test.com,2025-08-13 11:33:22,True,40.92,12.61,38.91,2
2025-08-13 12:40:43,fran@test.com,2025-08-13 11:41:31,True,48.45,14.0,52.74,2
2025-08-13 12:40:43,delen@test.com,2025-08-13 10:51:24,True,49.66,20.8,49.56,4
2025-08-13 12:40:43,sera@test.com,2025-08-13 11:21:22,True,45.67,14.26,24.65,2
2025-08-13 12:40:43,jack@test.com,2025-08-13 10:48:24,True,14.89,24.26,9.68,0
2025-08-13 12:40:45,alice@test.com,2025-08-13 11:43:22,True,13.02,25.54,62.33,0
2025-08-13 12:40:45,bob@test.com,2025-08-13 12:19:24,True,58.37,49.19,70.32,6
2025-08-13 12:40:45,hanilee@test.com,2025-08-13 12:15:22,True,24.74,30.98,80.68,6
2025-08-13 12:40:45,tim@test.com,2025-08-13 11:33:22,True,39.28,8.58,41.94,1
2025-08-13 12:40:45,fran@test.com,2025-08-13 11:41:31,True,37.77,11.84,50.49,2
2025-08-13 12:40:45,delen@test.com,2025-08-13 10:51:24,True,55.4,11.84,50.25,3
2025-08-13 12:40:45,sera@test.com,2025-08-13 11:21:22,True,52.97,14.23,22.94,0
2025-08-13 12:40:45,jack@test.com,2025-08-13 10:48:24,True,22.98,16.9,7.05,0
2025-08-13 12:40:47,alice@test.com,2025-08-13 11:43:22,True,10.89,18.83,61.71,1
2025-08-13 12:40:47,bob@test.com,2025-08-13 12:19:24,True,60.86,46.42,70.59,5
2025-08-13 12:40:47,hanilee@test.com,2025-08-13 12:15:22,True,22.62,28.92,76.41,3
2025-08-13 12:40:47,tim@test.com,2025-08-13 11:33:22,True,30.13,14.52,41.88,3
2025-08-13 12:40:47,fran@test.com,2025-08-13 11:41:31,True,46.42,16.74,48.06,2
2025-08-13 12:40:47,delen@test.com,2025-08-13 10:51:24,True,50.44,13.29,46.35,4
2025-08-13 12:40:47,sera@test.com,2025-08-13 11:21:22,True,51.38,17.13,24.75,2
2025-08-13 12:40:47,jack@test.com,2025-08-13 10:48:24,True,19.45,11.42,9.22,0
2025-08-13 12:40:49,alice@test.com,2025-08-13 11:43:22,True,8.71,20.02,65.31,2
2025-08-13 12:40:49,bob@test.com,2025-08-13 12:19:24,True,57.71,43.96,70.48,7
2025-08-13 12:40:49,hanilee@test.com,2025-08-13 12:15:22,True,22.8,27.52,71.72,3
2025-08-13 12:40:49,tim@test.com,2025-08-13 11:33:22,True,32.55,18.37,37.38,3
2025-08-13 12:40:49,fran@test.com,2025-08-13 11:41:31,True,47.32,15.03,47.78,2
2025-08-13 12:40:49,delen@test.com,2025-08-13 10:51:24,True,58.23,18.64,51.37,2
2025-08-13 12:40:49,sera@test.com,2025-08-13 11:21:22,True,51.97,20.51,20.79,3
2025-08-13 12:40:49,jack@test.com,2025-08-13 10:48:24,True,16.75,17.54,9.81,1
2025-08-13 12:40:51,alice@test.com,2025-08-13 11:43:22,True,14.29,18.86,59.56,2
2025-08-13 12:40:51,bob@test.com,2025-08-13 12:19:24,True,62.29,43.98,66.02,5
2025-08-13 12:40:51,hanilee@test.com,2025-08-13 12:15:22,True,26.75,33.14,77.68,2
2025-08-13 12:40:51,tim@test.com,2025-08-13 11:33:22,True,35.75,13.15,42.51,3
2025-08-13 12:40:51,fran@test.com,2025-08-13 11:41:31,True,47.54,9.06,51.92,2
2025-08-13 12:40:51,delen@test.com,2025-08-13 10:51:24,True,54.28,15.96,49.23,4
2025-08-13 12:40:51,sera@test.com,2025-08-13 11:21:22,True,45.86,14.07,28.51,0
2025-08-13 12:40:51,jack@test.com,2025-08-13 10:48:24,True,20.52,15.06,8.86,1
2025-08-13 12:40:53,alice@test.com,2025-08-13 11:43:22,True,12.36,19.6,59.02,1
2025-08-13 12:40:53,bob@test.com,2025-08-13 12:19:24,True,58.86,45.73,68.05,6
2025-08-13 12:40:53,hanilee@test.com,2025-08-13 12:15:22,True,22.73,29.11,78.6,3
2025-08-13 12:40:53,tim@test.com,2025-08-13 11:33:22,True,35.17,11.06,39.46,2
2025-08-13 12:40:53,fran@test.com,2025-08-13 11:41:31,True,48.52,19.62,52.28,3
2025-08-13 12:40:53,delen@test.com,2025-08-13 10:51:24,True,53.51,16.68,52.39,4
2025-08-13 12:40:53,sera@test.com,2025-08-13 11:21:22,True,50.28,17.07,23.47,0
2025-08-13 12:40:53,jack@test.com,2025-08-13 10:48:24,True,24.45,16.59,13.0,1
2025-08-13 12:40:55,alice@test.com,2025-08-13 11:43:22,True,10.79,16.65,59.33,2
2025-08-13 12:40:55,bob@test.com,2025-08-13 12:19:24,True,60.94,45.82,71.04,6
2025-08-13 12:40:55,hanilee@test.com,2025-08-13 12:15:22,True,25.27,30.81,72.68,2
2025-08-13 12:40:55,tim@test.com,2025-08-13 11:33:22,True,39.09,13.7,41.32,1
2025-08-13 12:40:55,fran@test.com,2025-08-13 11:41:31,True,47.13,8.13,51.66,2
2025-08-13 12:40:55,delen@test.com,2025-08-13 10:51:24,True,58.41,22.68,52.41,2
2025-08-13 12:40:55,sera@test.com,2025-08-13 11:21:22,True,48.81,14.18,24.39,2
2025-08-13 12:40:55,jack@test.com,2025-08-13 10:48:24,True,18.03,16.76,9.54,1
2025-08-13 12:40:57,alice@test.com,2025-08-13 11:43:22,True,7.4,21.98,59.09,1
2025-08-13 12:40:57,bob@test.com,2025-08-13 12:19:24,True,62.71,42.54,66.66,6
2025-08-13 12:40:57,hanilee@test.com,2025-08-13 12:15:22,True,19.42,33.17,76.33,2
2025-08-13 12:40:57,tim@test.com,2025-08-13 11:33:22,True,32.32,10.91,40.27,1
2025-08-13 12:40:57,fran@test.com,2025-08-13 11:41:31,True,36.78,14.46,49.19,3
2025-08-13 12:40:57,delen@test.com,2025-08-13 10:51:24,True,52.99,11.77,49.74,4
2025-08-13 12:40:57,sera@test.com,2025-08-13 11:21:22,True,51.31,16.35,27.05,1
2025-08-13 12:40:57,jack@test.com,2025-08-13 10:48:24,True,19.85,13.47,7.57,0
2025-08-13 12:40:59,alice@test.com,2025-08-13 11:43:22,True,19.87,18.59,62.73,1
2025-08-13 12:40:59,bob@test.com,2025-08-13 12:19:24,True,66.7,46.73,68.09,6
2025-08-13 12:40:59,hanilee@test.com,2025-08-13 12:15:22,True,25.17,31.19,77.54,2
2025-08-13 12:40:59,tim@test.com,2025-08-13 11:33:22,True,42.5,10.75,41.48,1
2025-08-13 12:40:59,fran@test.com,2025-08-13 11:41:31,True,49.69,16.5,51.5,3
2025-08-13 12:40:59,delen@test.com,2025-08-13 10:51:24,True,49.36,14.78,49.93,5
2025-08-13 12:40:59,sera@test.com,2025-08-13 11:21:22,True,45.2,18.69,27.17,1
2025-08-13 12:40:59,jack@test.com,2025-08-13 10:48:24,True,20.1,14.25,10.83,0
2025-08-13 12:41:01,alice@test.com,2025-08-13 11:43:22,True,9.17,17.94,63.22,3
2025-08-13 12:41:01,bob@test.com,2025-08-13 12:19:24,True,60.69,42.29,70.85,4
2025-08-13 12:41:01,hanilee@test.com,2025-08-13 12:15:22,True,30.88,29.58,75.86,3
2025-08-13 12:41:01,tim@test.com,2025-08-13 11:33:22,True,36.65,12.7,37.79,2
2025-08-13 12:41:01,fran@test.com,2025-08-13 11:41:31,True,39.19,17.69,51.38,2
2025-08-13 12:41:01,delen@test.com,2025-08-13 10:51:24,True,57.47,18.15,52.56,4
2025-08-13 12:41:01,sera@test.com,2025-08-13 11:21:22,True,46.0,24.34,23.26,2
2025-08-13 12:41:01,jack@test.com,2025-08-13 10:48:24,True,20.25,15.72,9.45,1
2025-08-13 12:41:03,alice@test.com,2025-08-13 11:43:22,True,14.06,15.9,60.61,2
2025-08-13 12:41:03,bob@test.com,2025-08-13 12:19:24,True,61.12,46.17,72.98,6
2025-08-13 12:41:03,hanilee@test.com,2025-08-13 12:15:22,True,19.43,28.11,80.13,2
2025-08-13 12:41:03,tim@test.com,2025-08-13 11:33:22,True,35.51,5.03,39.48,2
2025-08-13 12:41:03,fran@test.com,2025-08-13 11:41:31,True,44.48,14.99,52.66,1
2025-08-13 12:41:03,delen@test.com,2025-08-13 10:51:24,True,52.0,16.33,47.91,4
2025-08-13 12:41:03,sera@test.com,2025-08-13 11:21:22,True,48.86,19.67,25.54,1
2025-08-13 12:41:03,jack@test.com,2025-08-13 10:48:24,True,20.39,19.31,11.9,1
2025-08-13 12:41:05,alice@test.com,2025-08-13 11:43:22,True,14.35,24.45,61.34,1
2025-08-13 12:41:05,bob@test.com,2025-08-13 12:19:24,True,59.08,51.04,67.25,4
2025-08-13 12:41:05,hanilee@test.com,2025-08-13 12:15:22,True,24.3,35.79,76.64,3
2025-08-13 12:41:05,tim@test.com,2025-08-13 11:33:22,True,35.24,12.9,40.45,0
2025-08-13 12:41:05,fran@test.com,2025-08-13 11:41:31,True,43.6,10.73,52.95,3
2025-08-13 12:41:05,delen@test.com,2025-08-13 10:51:24,True,51.47,14.38,49.91,5
2025-08-13 12:41:05,sera@test.com,2025-08-13 11:21:22,True,47.87,18.07,27.1,2
2025-08-13 12:41:05,jack@test.com,2025-08-13 10:48:24,True,20.73,14.8,12.65,2
2025-08-13 12:41:07,alice@test.com,2025-08-13 11:43:22,True,12.35,16.36,60.38,0
2025-08-13 12:41:07,bob@test.com,2025-08-13 12:19:24,True,64.24,48.81,68.78,8
2025-08-13 12:41:07,hanilee@test.com,2025-08-13 12:15:22,True,27.75,28.5,73.0,2
2025-08-13 12:41:07,tim@test.com,2025-08-13 11:33:22,True,35.41,13.88,40.31,2
2025-08-13 12:41:07,fran@test.com,2025-08-13 11:41:31,True,45.13,16.37,52.73,3
2025-08-13 12:41:07,delen@test.com,2025-08-13 10:51:24,True,52.35,13.57,48.69,4
2025-08-13 12:41:07,sera@test.com,2025-08-13 11:21:22,True,46.4,14.48,25.75,1
2025-08-13 12:41:07,jack@test.com,2025-08-13 10:48:24,True,22.34,22.38,9.88,1
2025-08-13 12:41:09,alice@test.com,2025-08-13 11:43:22,True,8.82,20.47,65.39,1
2025-08-13 12:41:09,bob@test.com,2025-08-13 12:19:24,True,60.78,44.38,69.45,5
2025-08-13 12:41:09,hanilee@test.com,2025-08-13 12:15:22,True,18.47,26.32,77.66,3
2025-08-13 12:41:09,tim@test.com,2025-08-13 11:33:22,True,26.91,13.25,35.27,2
2025-08-13 12:41:09,fran@test.com,2025-08-13 11:41:31,True,45.41,17.0,49.2,2
2025-08-13 12:41:09,delen@test.com,2025-08-13 10:51:24,True,56.11,12.24,50.38,4
2025-08-13 12:41:09,sera@test.com,2025-08-13 11:21:22,True,51.04,21.59,21.32,0
2025-08-13 12:41:09,jack@test.com,2025-08-13 10:48:24,True,21.61,20.35,10.9,2
2025-08-13 12:41:11,alice@test.com,2025-08-13 11:43:22,True,9.22,19.11,58.16,1
2025-08-13 12:41:11,bob@test.com,2025-08-13 12:19:24,True,57.22,38.15,69.01,5
2025-08-13 12:41:11,hanilee@test.com,2025-08-13 12:15:22,True,20.76,33.39,75.87,2
2025-08-13 12:41:11,tim@test.com,2025-08-13 11:33:22,True,33.64,17.16,38.82,3
2025-08-13 12:41:11,fran@test.com,2025-08-13 11:41:31,True,45.2,18.06,56.13,2
2025-08-13 12:41:11,delen@test.com,2025-08-13 10:51:24,True,57.95,13.35,52.41,4
2025-08-13 12:41:11,sera@test.com,2025-08-13 11:21:22,True,49.76,15.12,20.41,0
2025-08-13 12:41:11,jack@test.com,2025-08-13 10:48:24,True,24.49,19.84,10.6,0
2025-08-13 12:41:13,alice@test.com,2025-08-13 11:43:22,True,10.28,14.29,62.22,2
2025-08-13 12:41:13,bob@test.com,2025-08-13 12:19:24,True,58.4,48.06,71.42,5
2025-08-13 12:41:13,hanilee@test.com,2025-08-13 12:15:22,True,32.79,29.17,77.51,4
2025-08-13 12:41:13,tim@test.com,2025-08-13 11:33:22,True,32.05,8.18,38.45,2
2025-08-13 12:41:13,fran@test.com,2025-08-13 11:41:31,True,40.63,13.64,50.35,4
2025-08-13 12:41:13,delen@test.com,2025-08-13 10:51:24,True,53.24,17.05,48.84,4
2025-08-13 12:41:13,sera@test.com,2025-08-13 11:21:22,True,48.88,15.77,25.98,2
2025-08-13 12:41:13,jack@test.com,2025-08-13 10:48:24,True,22.02,14.0,10.11,0
2025-08-13 12:41:15,alice@test.com,2025-08-13 11:43:22,True,11.9,23.44,60.35,2
2025-08-13 12:41:15,bob@test.com,2025-08-13 12:19:24,True,63.38,41.54,68.94,4
2025-08-13 12:41:15,hanilee@test.com,2025-08-13 12:15:22,True,21.06,26.57,78.09,3
2025-08-13 12:41:15,tim@test.com,2025-08-13 11:33:22,True,30.09,10.74,36.7,0
2025-08-13 12:41:15,fran@test.com,2025-08-13 11:41:31,True,46.05,11.69,51.05,2
2025-08-13 12:41:15,delen@test.com,2025-08-13 10:51:24,True,48.25,11.75,46.95,5
2025-08-13 12:41:15,sera@test.com,2025-08-13 11:21:22,True,52.93,16.05,27.49,1
2025-08-13 12:41:15,jack@test.com,2025-08-13 10:48:24,True,19.85,18.78,9.87,1
2025-08-13 12:41:17,alice@test.com,2025-08-13 11:43:22,True,9.63,18.84,61.33,1
2025-08-13 12:41:17,bob@test.com,2025-08-13 12:19:24,True,57.89,43.36,69.37,8
2025-08-13 12:41:17,hanilee@test.com,2025-08-13 12:15:22,True,27.87,27.07,77.91,1
2025-08-13 12:41:17,tim@test.com,2025-08-13 11:33:22,True,30.09,14.96,38.82,1
2025-08-13 12:41:17,fran@test.com,2025-08-13 11:41:31,True,41.99,12.55,47.51,2
2025-08-13 12:41:17,delen@test.com,2025-08-13 10:51:24,True,48.69,14.09,51.63,4
2025-08-13 12:41:17,sera@test.com,2025-08-13 11:21:22,True,55.94,20.91,26.65,2
2025-08-13 12:41:17,jack@test.com,2025-08-13 10:48:24,True,17.7,24.05,9.92,1
2025-08-13 12:41:19,alice@test.com,2025-08-13 11:43:22,True,10.38,24.32,65.04,3
2025-08-13 12:41:19,bob@test.com,2025-08-13 12:19:24,True,60.01,48.47,65.72,4
2025-08-13 12:41:19,hanilee@test.com,2025-08-13 12:15:22,True,20.78,27.18,79.41,1
2025-08-13 12:41:19,tim@test.com,2025-08-13 11:33:22,True,35.9,15.51,38.38,3
2025-08-13 12:41:19,fran@test.com,2025-08-13 11:41:31,True,43.52,18.27,49.15,3
2025-08-13 12:41:19,delen@test.com,2025-08-13 10:51:24,True,52.96,12.02,51.13,4
2025-08-13 12:41:19,sera@test.com,2025-08-13 11:21:22,True,49.7,14.94,27.84,1
2025-08-13 12:41:19,jack@test.com,2025-08-13 10:48:24,True,16.22,19.26,11.38,0
2025-08-13 12:41:21,alice@test.com,2025-08-13 11:43:22,True,16.76,13.91,64.23,2
2025-08-13 12:41:21,bob@test.com,2025-08-13 12:19:24,True,57.53,46.24,67.75,8
2025-08-13 12:41:21,hanilee@test.com,2025-08-13 12:15:22,True,23.93,26.1,74.55,2
2025-08-13 12:41:21,tim@test.com,2025-08-13 11:33:22,True,36.58,10.11,37.91,2
2025-08-13 12:41:21,fran@test.com,2025-08-13 11:41:31,True,41.33,13.65,52.62,3
2025-08-13 12:41:21,delen@test.com,2025-08-13 10:51:24,True,58.17,13.38,51.57,3
2025-08-13 12:41:21,sera@test.com,2025-08-13 11:21:22,True,50.29,16.11,23.89,2
2025-08-13 12:41:21,jack@test.com,2025-08-13 10:48:24,True,16.89,17.79,10.99,0
2025-08-13 12:41:23,alice@test.com,2025-08-13 11:43:22,True,13.25,23.97,60.94,3
2025-08-13 12:41:23,bob@test.com,2025-08-13 12:19:24,True,63.1,47.33,69.86,3
2025-08-13 12:41:23,hanilee@test.com,2025-08-13 12:15:22,True,26.45,34.47,78.87,3
2025-08-13 12:41:23,tim@test.com,2025-08-13 11:33:22,True,35.58,14.57,38.43,2
2025-08-13 12:41:23,fran@test.com,2025-08-13 11:41:31,True,43.99,13.6,53.66,3
2025-08-13 12:41:23,delen@test.com,2025-08-13 10:51:24,True,56.02,11.43,48.0,3
2025-08-13 12:41:23,sera@test.com,2025-08-13 11:21:22,True,51.32,10.02,26.5,1
2025-08-13 12:41:23,jack@test.com,2025-08-13 10:48:24,True,23.97,16.82,5.92,3
2025-08-13 12:41:25,alice@test.com,2025-08-13 11:43:22,True,10.25,15.03,61.52,0
2025-08-13 12:41:25,bob@test.com,2025-08-13 12:19:24,True,57.14,40.0,70.33,5
2025-08-13 12:41:25,hanilee@test.com,2025-08-13 12:15:22,True,26.63,34.29,77.18,3
2025-08-13 12:41:25,tim@test.com,2025-08-13 11:33:22,True,37.2,11.35,39.2,1
2025-08-13 12:41:25,fran@test.com,2025-08-13 11:41:31,True,48.39,12.12,49.09,2
2025-08-13 12:41:25,delen@test.com,2025-08-13 10:51:24,True,56.92,12.62,52.46,2
2025-08-13 12:41:25,sera@test.com,2025-08-13 11:21:22,True,52.08,12.64,23.35,2
2025-08-13 12:41:25,jack@test.com,2025-08-13 10:48:24,True,28.36,18.23,8.55,0
2025-08-13 12:41:27,alice@test.com,2025-08-13 11:43:22,True,7.82,23.23,60.98,0
2025-08-13 12:41:27,bob@test.com,2025-08-13 12:19:24,True,63.4,42.36,65.87,6
2025-08-13 12:41:27,hanilee@test.com,2025-08-13 12:15:22,True,26.51,31.54,75.12,1
2025-08-13 12:41:27,tim@test.com,2025-08-13 11:33:22,True,32.56,13.66,39.04,2
2025-08-13 12:41:27,fran@test.com,2025-08-13 11:41:31,True,41.66,6.35,49.49,2
2025-08-13 12:41:27,delen@test.com,2025-08-13 10:51:24,True,55.42,12.06,49.93,4
2025-08-13 12:41:27,sera@test.com,2025-08-13 11:21:22,True,53.52,19.56,21.72,1
2025-08-13 12:41:27,jack@test.com,2025-08-13 10:48:24,True,20.38,19.08,6.83,1
2025-08-13 12:41:29,alice@test.com,2025-08-13 11:43:22,True,8.49,17.93,61.09,2
2025-08-13 12:41:29,bob@test.com,2025-08-13 12:19:24,True,63.84,42.1,72.83,6
2025-08-13 12:41:29,hanilee@test.com,2025-08-13 12:15:22,True,20.09,29.87,80.24,2
2025-08-13 12:41:29,tim@test.com,2025-08-13 11:33:22,True,38.95,16.11,39.96,0
2025-08-13 12:41:29,fran@test.com,2025-08-13 11:41:31,True,46.84,15.65,48.53,3
2025-08-13 12:41:29,delen@test.com,2025-08-13 10:51:24,True,52.55,18.69,50.06,4
2025-08-13 12:41:29,sera@test.com,2025-08-13 11:21:22,True,49.42,17.32,25.06,1
2025-08-13 12:41:29,jack@test.com,2025-08-13 10:48:24,True,19.84,18.57,9.87,0
2025-08-13 12:41:31,alice@test.com,2025-08-13 11:43:22,True,11.45,19.16,61.02,2
2025-08-13 12:41:31,bob@test.com,2025-08-13 12:19:24,True,57.52,42.32,69.3,3
2025-08-13 12:41:31,hanilee@test.com,2025-08-13 12:15:22,True,26.02,30.09,77.41,1
2025-08-13 12:41:31,tim@test.com,2025-08-13 11:33:22,True,30.34,7.7,41.76,2
2025-08-13 12:41:31,fran@test.com,2025-08-13 11:41:31,True,39.93,18.08,48.99,2
2025-08-13 12:41:31,delen@test.com,2025-08-13 10:51:24,True,50.7,13.21,48.1,2
2025-08-13 12:41:31,sera@test.com,2025-08-13 11:21:22,True,46.36,16.18,23.53,2
2025-08-13 12:41:31,jack@test.com,2025-08-13 10:48:24,True,28.86,20.08,10.4,1
2025-08-13 12:41:33,alice@test.com,2025-08-13 11:43:22,True,10.6,15.35,58.85,0
2025-08-13 12:41:33,bob@test.com,2025-08-13 12:19:24,True,61.93,45.05,71.52,7
2025-08-13 12:41:33,hanilee@test.com,2025-08-13 12:15:22,True,23.67,28.68,79.91,2
2025-08-13 12:41:33,tim@test.com,2025-08-13 11:33:22,True,35.76,14.74,38.94,1
2025-08-13 12:41:33,fran@test.com,2025-08-13 11:41:31,True,52.1,16.29,48.67,2
2025-08-13 12:41:33,delen@test.com,2025-08-13 10:51:24,True,58.82,16.92,50.45,5
2025-08-13 12:41:33,sera@test.com,2025-08-13 11:21:22,True,46.71,10.21,25.82,2
2025-08-13 12:41:33,jack@test.com,2025-08-13 10:48:24,True,21.86,17.69,11.16,1
2025-08-13 12:41:35,alice@test.com,2025-08-13 11:43:22,True,10.99,17.98,60.9,2
2025-08-13 12:41:35,bob@test.com,2025-08-13 12:19:24,True,62.97,46.87,66.63,5
2025-08-13 12:41:35,hanilee@test.com,2025-08-13 12:15:22,True,27.27,26.69,76.26,2
2025-08-13 12:41:35,tim@test.com,2025-08-13 11:33:22,True,36.41,12.6,36.24,0
2025-08-13 12:41:35,fran@test.com,2025-08-13 11:41:31,True,49.72,13.03,51.5,1
2025-08-13 12:41:35,delen@test.com,2025-08-13 10:51:24,True,58.77,10.36,52.6,2
2025-08-13 12:41:35,sera@test.com,2025-08-13 11:21:22,True,53.71,13.73,22.71,1
2025-08-13 12:41:35,jack@test.com,2025-08-13 10:48:24,True,22.89,18.66,13.3,0
2025-08-13 12:41:37,alice@test.com,2025-08-13 11:43:22,True,5.59,25.91,60.02,2
2025-08-13 12:41:37,bob@test.com,2025-08-13 12:19:24,True,56.34,39.7,73.13,5
2025-08-13 12:41:37,hanilee@test.com,2025-08-13 12:15:22,True,28.91,36.2,77.09,4
2025-08-13 12:41:37,tim@test.com,2025-08-13 11:33:22,True,40.87,6.91,40.08,2
2025-08-13 12:41:37,fran@test.com,2025-08-13 11:41:31,True,42.13,16.55,48.54,3
2025-08-13 12:41:37,delen@test.com,2025-08-13 10:51:24,True,53.85,12.56,50.28,3
2025-08-13 12:41:37,sera@test.com,2025-08-13 11:21:22,True,52.55,14.62,23.59,2
2025-08-13 12:41:37,jack@test.com,2025-08-13 10:48:24,True,17.2,19.87,13.0,0
2025-08-13 12:41:39,alice@test.com,2025-08-13 11:43:22,True,12.67,22.94,63.66,1
2025-08-13 12:41:39,bob@test.com,2025-08-13 12:19:24,True,58.48,47.98,66.82,7
2025-08-13 12:41:39,hanilee@test.com,2025-08-13 12:15:22,True,22.63,32.49,77.9,5
2025-08-13 12:41:39,tim@test.com,2025-08-13 11:33:22,True,33.79,11.53,41.02,2
2025-08-13 12:41:39,fran@test.com,2025-08-13 11:41:31,True,51.08,12.63,46.7,3
2025-08-13 12:41:39,delen@test.com,2025-08-13 10:51:24,True,57.22,20.75,52.28,4
2025-08-13 12:41:39,sera@test.com,2025-08-13 11:21:22,True,49.03,13.07,27.46,0
2025-08-13 12:41:39,jack@test.com,2025-08-13 10:48:24,True,18.43,16.42,9.96,0
2025-08-13 12:41:41,alice@test.com,2025-08-13 11:43:22,True,7.33,22.96,59.83,3
2025-08-13 12:41:41,bob@test.com,2025-08-13 12:19:24,True,61.79,44.8,69.87,5
2025-08-13 12:41:41,hanilee@test.com,2025-08-13 12:15:22,True,20.11,28.14,77.98,1
2025-08-13 12:41:41,tim@test.com,2025-08-13 11:33:22,True,31.46,5.07,41.67,3
2025-08-13 12:41:41,fran@test.com,2025-08-13 11:41:31,True,42.35,9.68,48.73,1
2025-08-13 12:41:41,delen@test.com,2025-08-13 10:51:24,True,53.21,12.73,49.41,2
2025-08-13 12:41:41,sera@test.com,2025-08-13 11:21:22,True,54.43,14.96,23.24,0
2025-08-13 12:41:41,jack@test.com,2025-08-13 10:48:24,True,21.03,15.66,8.49,2
2025-08-13 12:41:43,alice@test.com,2025-08-13 11:43:22,True,12.19,16.58,56.66,2
2025-08-13 12:41:43,bob@test.com,2025-08-13 12:19:24,True,57.54,42.58,72.72,5
2025-08-13 12:41:43,hanilee@test.com,2025-08-13 12:15:22,True,26.94,35.23,76.37,2
2025-08-13 12:41:43,tim@test.com,2025-08-13 11:33:22,True,37.64,11.64,43.14,2
2025-08-13 12:41:43,fran@test.com,2025-08-13 11:41:31,True,37.91,12.09,46.79,2
2025-08-13 12:41:43,delen@test.com,2025-08-13 10:51:24,True,57.24,16.51,50.92,4
2025-08-13 12:41:43,sera@test.com,2025-08-13 11:21:22,True,45.7,21.61,29.37,2
2025-08-13 12:41:43,jack@test.com,2025-08-13 10:48:24,True,23.02,18.71,10.79,1
2025-08-13 12:41:45,alice@test.com,2025-08-13 11:43:22,True,10.69,24.31,64.65,2
2025-08-13 12:41:45,bob@test.com,2025-08-13 12:19:24,True,56.51,46.64,66.68,5
2025-08-13 12:41:45,hanilee@test.com,2025-08-13 12:15:22,True,27.1,35.01,78.07,0
2025-08-13 12:41:45,tim@test.com,2025-08-13 11:33:22,True,35.81,14.98,40.16,0
2025-08-13 12:41:45,fran@test.com,2025-08-13 11:41:31,True,45.21,8.62,48.01,3
2025-08-13 12:41:45,delen@test.com,2025-08-13 10:51:24,True,56.49,15.79,49.91,3
2025-08-13 12:41:45,sera@test.com,2025-08-13 11:21:22,True,51.42,12.23,23.42,1
2025-08-13 12:41:45,jack@test.com,2025-08-13 10:48:24,True,14.34,16.67,11.68,2
2025-08-13 12:41:47,alice@test.com,2025-08-13 11:43:22,True,7.76,22.73,60.29,0
2025-08-13 12:41:47,bob@test.com,2025-08-13 12:19:24,True,55.91,44.87,71.28,4
2025-08-13 12:41:47,hanilee@test.com,2025-08-13 12:15:22,True,24.87,31.81,76.07,2
2025-08-13 12:41:47,tim@test.com,2025-08-13 11:33:22,True,31.01,8.84,39.86,1
2025-08-13 12:41:47,fran@test.com,2025-08-13 11:41:31,True,47.31,10.6,49.28,2
2025-08-13 12:41:47,delen@test.com,2025-08-13 10:51:24,True,54.36,16.52,50.53,2
2025-08-13 12:41:47,sera@test.com,2025-08-13 11:21:22,True,48.39,15.63,26.57,2
2025-08-13 12:41:47,jack@test.com,2025-08-13 10:48:24,True,16.32,8.48,9.39,0
2025-08-13 12:41:49,alice@test.com,2025-08-13 11:43:22,True,6.53,15.6,62.25,0
2025-08-13 12:41:49,bob@test.com,2025-08-13 12:19:24,True,55.3,44.32,71.12,7
2025-08-13 12:41:49,hanilee@test.com,2025-08-13 12:15:22,True,23.54,29.88,78.5,3
2025-08-13 12:41:49,tim@test.com,2025-08-13 11:33:22,True,32.36,15.95,41.04,1
2025-08-13 12:41:49,fran@test.com,2025-08-13 11:41:31,True,47.47,13.7,52.3,3
2025-08-13 12:41:49,delen@test.com,2025-08-13 10:51:24,True,55.42,17.89,49.85,3
2025-08-13 12:41:49,sera@test.com,2025-08-13 11:21:22,True,50.11,13.57,25.06,0
2025-08-13 12:41:49,jack@test.com,2025-08-13 10:48:24,True,16.91,22.65,8.33,0
2025-08-13 12:41:51,alice@test.com,2025-08-13 11:43:22,True,6.01,18.43,64.57,1
2025-08-13 12:41:51,bob@test.com,2025-08-13 12:19:24,True,52.93,50.4,67.46,5
2025-08-13 12:41:51,hanilee@test.com,2025-08-13 12:15:22,True,25.69,29.3,76.25,0
2025-08-13 12:41:51,tim@test.com,2025-08-13 11:33:22,True,32.71,8.49,42.83,0
2025-08-13 12:41:51,fran@test.com,2025-08-13 11:41:31,True,40.54,13.91,49.97,3
2025-08-13 12:41:51,delen@test.com,2025-08-13 10:51:24,True,51.99,13.94,49.91,1
2025-08-13 12:41:51,sera@test.com,2025-08-13 11:21:22,True,48.92,17.61,23.87,1
2025-08-13 12:41:51,jack@test.com,2025-08-13 10:48:24,True,17.45,10.39,15.02,2
2025-08-13 12:41:53,alice@test.com,2025-08-13 11:43:22,True,12.48,17.59,63.7,1
2025-08-13 12:41:53,bob@test.com,2025-08-13 12:19:24,True,63.36,41.59,71.82,6
2025-08-13 12:41:53,hanilee@test.com,2025-08-13 12:15:22,True,26.62,32.26,79.01,3
2025-08-13 12:41:53,tim@test.com,2025-08-13 11:33:22,True,34.89,14.51,37.16,1
2025-08-13 12:41:53,fran@test.com,2025-08-13 11:41:31,True,48.03,18.23,49.81,3
2025-08-13 12:41:53,delen@test.com,2025-08-13 10:51:24,True,52.97,14.2,47.8,5
2025-08-13 12:41:53,sera@test.com,2025-08-13 11:21:22,True,51.26,22.44,28.46,3
2025-08-13 12:41:53,jack@test.com,2025-08-13 10:48:24,True,18.75,17.79,6.53,0
2025-08-13 12:41:55,alice@test.com,2025-08-13 11:43:22,True,7.05,20.68,61.94,2
2025-08-13 12:41:55,bob@test.com,2025-08-13 12:19:24,True,63.6,42.09,71.84,6
2025-08-13 12:41:55,hanilee@test.com,2025-08-13 12:15:22,True,24.47,27.43,76.59,3
2025-08-13 12:41:55,tim@test.com,2025-08-13 11:33:22,True,36.56,11.99,39.38,1
2025-08-13 12:41:55,fran@test.com,2025-08-13 11:41:31,True,44.04,17.56,47.7,4
2025-08-13 12:41:55,delen@test.com,2025-08-13 10:51:24,True,59.28,9.57,51.88,3
2025-08-13 12:41:55,sera@test.com,2025-08-13 11:21:22,True,44.73,11.99,25.31,2
2025-08-13 12:41:55,jack@test.com,2025-08-13 10:48:24,True,23.73,18.15,12.55,1
2025-08-13 12:41:57,alice@test.com,2025-08-13 11:43:22,True,15.22,20.22,59.75,2
2025-08-13 12:41:57,bob@test.com,2025-08-13 12:19:24,True,59.44,48.2,70.36,7
2025-08-13 12:41:57,hanilee@test.com,2025-08-13 12:15:22,True,29.29,26.81,77.22,1
2025-08-13 12:41:57,tim@test.com,2025-08-13 11:33:22,True,33.62,7.2,37.86,0
2025-08-13 12:41:57,fran@test.com,2025-08-13 11:41:31,True,46.37,11.77,46.86,3
2025-08-13 12:41:57,delen@test.com,2025-08-13 10:51:24,True,52.93,17.3,48.55,4
2025-08-13 12:41:57,sera@test.com,2025-08-13 11:21:22,True,50.04,21.24,22.98,0
2025-08-13 12:41:57,jack@test.com,2025-08-13 10:48:24,True,22.73,22.67,9.27,0
2025-08-13 12:41:59,alice@test.com,2025-08-13 11:43:22,True,10.22,22.44,60.73,0
2025-08-13 12:41:59,bob@test.com,2025-08-13 12:19:24,True,59.33,47.73,70.84,6
2025-08-13 12:41:59,hanilee@test.com,2025-08-13 12:15:22,True,26.36,35.69,78.98,4
2025-08-13 12:41:59,tim@test.com,2025-08-13 11:33:22,True,33.57,20.74,37.18,0
2025-08-13 12:41:59,fran@test.com,2025-08-13 11:41:31,True,40.74,13.61,54.49,2
2025-08-13 12:41:59,delen@test.com,2025-08-13 10:51:24,True,52.05,9.89,48.5,6
2025-08-13 12:41:59,sera@test.com,2025-08-13 11:21:22,True,49.09,16.7,23.42,1
2025-08-13 12:41:59,jack@test.com,2025-08-13 10:48:24,True,21.67,16.42,9.65,0
2025-08-13 12:42:01,alice@test.com,2025-08-13 11:43:22,True,10.24,16.34,64.7,1
2025-08-13 12:42:01,bob@test.com,2025-08-13 12:19:24,True,57.69,43.37,72.9,6
2025-08-13 12:42:01,hanilee@test.com,2025-08-13 12:15:22,True,24.39,35.17,77.96,3
2025-08-13 12:42:01,tim@test.com,2025-08-13 11:33:22,True,28.4,11.64,39.44,2
2025-08-13 12:42:01,fran@test.com,2025-08-13 11:41:31,True,48.49,9.47,48.41,3
2025-08-13 12:42:01,delen@test.com,2025-08-13 10:51:24,True,51.49,13.58,52.07,3
2025-08-13 12:42:01,sera@test.com,2025-08-13 11:21:22,True,49.72,13.66,25.62,1
2025-08-13 12:42:01,jack@test.com,2025-08-13 10:48:24,True,25.49,13.92,9.91,2
2025-08-13 12:42:03,alice@test.com,2025-08-13 11:43:22,True,11.39,18.58,60.97,2
2025-08-13 12:42:03,bob@test.com,2025-08-13 12:19:24,True,61.02,45.66,70.07,6
2025-08-13 12:42:03,hanilee@test.com,2025-08-13 12:15:22,True,26.34,33.87,74.89,3
2025-08-13 12:42:03,tim@test.com,2025-08-13 11:33:22,True,36.4,11.72,40.91,1
2025-08-13 12:42:03,fran@test.com,2025-08-13 11:41:31,True,42.71,10.99,49.35,4
2025-08-13 12:42:03,delen@test.com,2025-08-13 10:51:24,True,50.94,13.31,48.17,2
2025-08-13 12:42:03,sera@test.com,2025-08-13 11:21:22,True,43.28,15.18,26.77,2
2025-08-13 12:42:03,jack@test.com,2025-08-13 10:48:24,True,15.23,17.64,9.28,0
2025-08-13 12:42:05,alice@test.com,2025-08-13 11:43:22,True,9.73,18.0,63.51,3
2025-08-13 12:42:05,bob@test.com,2025-08-13 12:19:24,True,54.83,47.47,72.28,5
2025-08-13 12:42:05,hanilee@test.com,2025-08-13 12:15:22,True,23.35,28.74,77.09,2
2025-08-13 12:42:05,tim@test.com,2025-08-13 11:33:22,True,33.48,14.95,37.81,2
2025-08-13 12:42:05,fran@test.com,2025-08-13 11:41:31,True,40.3,12.49,49.35,2
2025-08-13 12:42:05,delen@test.com,2025-08-13 10:51:24,True,50.67,9.98,49.1,2
2025-08-13 12:42:05,sera@test.com,2025-08-13 11:21:22,True,43.18,14.54,26.09,2
2025-08-13 12:42:05,jack@test.com,2025-08-13 10:48:24,True,20.26,19.54,8.33,1
2025-08-13 12:42:07,alice@test.com,2025-08-13 11:43:22,True,10.69,20.48,61.65,2
2025-08-13 12:42:07,bob@test.com,2025-08-13 12:19:24,True,58.4,45.07,67.11,6
2025-08-13 12:42:07,hanilee@test.com,2025-08-13 12:15:22,True,26.89,31.33,77.22,4
2025-08-13 12:42:07,tim@test.com,2025-08-13 11:33:22,True,34.54,14.23,43.38,0
2025-08-13 12:42:07,fran@test.com,2025-08-13 11:41:31,True,45.98,16.7,51.22,2
2025-08-13 12:42:07,delen@test.com,2025-08-13 10:51:24,True,55.17,15.76,47.54,2
2025-08-13 12:42:07,sera@test.com,2025-08-13 11:21:22,True,51.64,21.91,25.74,1
2025-08-13 12:42:07,jack@test.com,2025-08-13 10:48:24,True,22.2,13.73,8.97,1
2025-08-13 12:42:09,alice@test.com,2025-08-13 11:43:22,True,7.73,24.74,61.8,4
2025-08-13 12:42:09,bob@test.com,2025-08-13 12:19:24,True,56.3,40.81,70.11,6
2025-08-13 12:42:09,hanilee@test.com,2025-08-13 12:15:22,True,27.64,35.67,79.46,4
2025-08-13 12:42:09,tim@test.com,2025-08-13 11:33:22,True,37.81,11.0,40.99,1
2025-08-13 12:42:09,fran@test.com,2025-08-13 11:41:31,True,42.48,14.05,50.86,3
2025-08-13 12:42:09,delen@test.com,2025-08-13 10:51:24,True,52.51,11.06,51.82,3
2025-08-13 12:42:09,sera@test.com,2025-08-13 11:21:22,True,44.77,9.6,22.78,2
2025-08-13 12:42:09,jack@test.com,2025-08-13 10:48:24,True,17.12,14.34,10.26,0
2025-08-13 12:42:11,alice@test.com,2025-08-13 11:43:22,True,10.39,19.39,61.73,2
2025-08-13 12:42:11,bob@test.com,2025-08-13 12:19:24,True,58.48,47.54,70.3,6
2025-08-13 12:42:11,hanilee@test.com,2025-08-13 12:15:22,True,27.65,28.38,76.92,5
2025-08-13 12:42:11,tim@test.com,2025-08-13 11:33:22,True,30.44,13.3,40.51,2
2025-08-13 12:42:11,fran@test.com,2025-08-13 11:41:31,True,49.58,17.16,50.97,3
2025-08-13 12:42:11,delen@test.com,2025-08-13 10:51:24,True,66.15,18.75,49.82,2
2025-08-13 12:42:11,sera@test.com,2025-08-13 11:21:22,True,50.84,17.09,26.93,2
2025-08-13 12:42:11,jack@test.com,2025-08-13 10:48:24,True,16.76,21.37,10.65,0
2025-08-13 12:42:13,alice@test.com,2025-08-13 11:43:22,True,12.14,19.75,62.27,0
2025-08-13 12:42:13,bob@test.com,2025-08-13 12:19:24,True,59.29,45.57,70.55,6
2025-08-13 12:42:13,hanilee@test.com,2025-08-13 12:15:22,True,27.54,27.21,77.03,2
2025-08-13 12:42:13,tim@test.com,2025-08-13 11:33:22,True,30.69,13.29,43.66,0
2025-08-13 12:42:13,fran@test.com,2025-08-13 11:41:31,True,40.2,17.65,49.38,2
2025-08-13 12:42:13,delen@test.com,2025-08-13 10:51:24,True,55.44,7.76,51.7,3
2025-08-13 12:42:13,sera@test.com,2025-08-13 11:21:22,True,50.39,15.2,23.02,2
2025-08-13 12:42:13,jack@test.com,2025-08-13 10:48:24,True,21.56,16.78,9.0,0
2025-08-13 12:42:15,alice@test.com,2025-08-13 11:43:22,True,6.8,21.72,61.8,1
2025-08-13 12:42:15,bob@test.com,2025-08-13 12:19:24,True,63.77,44.24,68.62,6
2025-08-13 12:42:15,hanilee@test.com,2025-08-13 12:15:22,True,24.7,35.37,77.75,4
2025-08-13 12:42:15,tim@test.com,2025-08-13 11:33:22,True,33.28,15.5,38.45,2
2025-08-13 12:42:15,fran@test.com,2025-08-13 11:41:31,True,44.5,13.52,49.99,2
2025-08-13 12:42:15,delen@test.com,2025-08-13 10:51:24,True,51.34,14.14,51.51,5
2025-08-13 12:42:15,sera@test.com,2025-08-13 11:21:22,True,51.39,14.35,21.75,1
2025-08-13 12:42:15,jack@test.com,2025-08-13 10:48:24,True,21.77,23.15,12.45,0
2025-08-13 12:42:17,alice@test.com,2025-08-13 11:43:22,True,10.37,23.37,64.9,2
2025-08-13 12:42:17,bob@test.com,2025-08-13 12:19:24,True,57.55,46.41,72.1,3
2025-08-13 12:42:17,hanilee@test.com,2025-08-13 12:15:22,True,25.63,27.87,76.08,3
2025-08-13 12:42:17,tim@test.com,2025-08-13 11:33:22,True,38.26,11.59,40.19,1
2025-08-13 12:42:17,fran@test.com,2025-08-13 11:41:31,True,43.21,13.9,50.06,1
2025-08-13 12:42:17,delen@test.com,2025-08-13 10:51:24,True,50.45,14.34,45.34,2
2025-08-13 12:42:17,sera@test.com,2025-08-13 11:21:22,True,49.52,15.82,23.61,1
2025-08-13 12:42:17,jack@test.com,2025-08-13 10:48:24,True,18.93,17.25,8.18,0
2025-08-13 12:42:19,alice@test.com,2025-08-13 11:43:22,True,8.79,16.91,62.9,2
2025-08-13 12:42:19,bob@test.com,2025-08-13 12:19:24,True,59.45,46.36,67.99,6
2025-08-13 12:42:19,hanilee@test.com,2025-08-13 12:15:22,True,17.55,27.67,75.5,3
2025-08-13 12:42:19,tim@test.com,2025-08-13 11:33:22,True,35.05,11.61,40.65,1
2025-08-13 12:42:19,fran@test.com,2025-08-13 11:41:31,True,48.5,15.9,50.02,3
2025-08-13 12:42:19,delen@test.com,2025-08-13 10:51:24,True,53.83,13.03,49.88,2
2025-08-13 12:42:19,sera@test.com,2025-08-13 11:21:22,True,47.64,17.11,25.34,3
2025-08-13 12:42:19,jack@test.com,2025-08-13 10:48:24,True,17.28,17.65,7.91,0
2025-08-13 12:42:21,alice@test.com,2025-08-13 11:43:22,True,5.33,19.35,60.71,2
2025-08-13 12:42:21,bob@test.com,2025-08-13 12:19:24,True,62.17,47.43,68.07,7
2025-08-13 12:42:21,hanilee@test.com,2025-08-13 12:15:22,True,24.4,25.08,76.73,2
2025-08-13 12:42:21,tim@test.com,2025-08-13 11:33:22,True,30.71,11.24,42.54,2
2025-08-13 12:42:21,fran@test.com,2025-08-13 11:41:31,True,47.38,15.32,48.3,5
2025-08-13 12:42:21,delen@test.com,2025-08-13 10:51:24,True,54.76,18.34,46.87,4
2025-08-13 12:42:21,sera@test.com,2025-08-13 11:21:22,True,53.68,14.9,24.27,3
2025-08-13 12:42:21,jack@test.com,2025-08-13 10:48:24,True,19.27,18.32,11.4,1
2025-08-13 12:42:23,alice@test.com,2025-08-13 11:43:22,True,12.03,16.92,65.68,1
2025-08-13 12:42:23,bob@test.com,2025-08-13 12:19:24,True,60.61,44.98,71.1,5
2025-08-13 12:42:23,hanilee@test.com,2025-08-13 12:15:22,True,27.91,31.2,78.87,1
2025-08-13 12:42:23,tim@test.com,2025-08-13 11:33:22,True,34.53,13.32,41.32,1
2025-08-13 12:42:23,fran@test.com,2025-08-13 11:41:31,True,39.83,11.08,50.47,2
2025-08-13 12:42:23,delen@test.com,2025-08-13 10:51:24,True,55.85,10.4,48.99,3
2025-08-13 12:42:23,sera@test.com,2025-08-13 11:21:22,True,54.44,11.47,24.94,1
2025-08-13 12:42:23,jack@test.com,2025-08-13 10:48:24,True,22.27,12.96,7.23,0
2025-08-13 12:42:25,alice@test.com,2025-08-13 11:43:22,True,8.75,22.11,60.68,2
2025-08-13 12:42:25,bob@test.com,2025-08-13 12:19:24,True,62.13,45.54,68.13,4
2025-08-13 12:42:25,hanilee@test.com,2025-08-13 12:15:22,True,24.9,24.87,74.61,3
2025-08-13 12:42:25,tim@test.com,2025-08-13 11:33:22,True,36.19,8.0,39.99,1
2025-08-13 12:42:25,fran@test.com,2025-08-13 11:41:31,True,45.45,19.18,52.46,2
2025-08-13 12:42:25,delen@test.com,2025-08-13 10:51:24,True,55.17,15.51,53.14,3
2025-08-13 12:42:25,sera@test.com,2025-08-13 11:21:22,True,52.74,16.97,26.62,3
2025-08-13 12:42:25,jack@test.com,2025-08-13 10:48:24,True,19.32,18.06,8.08,1
2025-08-13 12:42:27,alice@test.com,2025-08-13 11:43:22,True,14.8,21.94,62.2,1
2025-08-13 12:42:27,bob@test.com,2025-08-13 12:19:24,True,62.21,50.01,68.19,5
2025-08-13 12:42:27,hanilee@test.com,2025-08-13 12:15:22,True,27.4,34.32,77.59,2
2025-08-13 12:42:27,tim@test.com,2025-08-13 11:33:22,True,34.1,11.32,41.09,1
2025-08-13 12:42:27,fran@test.com,2025-08-13 11:41:31,True,46.5,14.66,48.33,2
2025-08-13 12:42:27,delen@test.com,2025-08-13 10:51:24,True,56.04,16.48,52.56,4
2025-08-13 12:42:27,sera@test.com,2025-08-13 11:21:22,True,53.26,14.29,20.85,1
2025-08-13 12:42:27,jack@test.com,2025-08-13 10:48:24,True,22.46,11.39,9.78,2
2025-08-13 12:42:29,alice@test.com,2025-08-13 11:43:22,True,6.9,17.79,61.65,1
2025-08-13 12:42:29,bob@test.com,2025-08-13 12:19:24,True,63.36,45.19,67.86,5
2025-08-13 12:42:29,hanilee@test.com,2025-08-13 12:15:22,True,25.44,27.71,77.11,3
2025-08-13 12:42:29,tim@test.com,2025-08-13 11:33:22,True,31.83,18.53,39.02,1
2025-08-13 12:42:29,fran@test.com,2025-08-13 11:41:31,True,45.95,10.03,46.97,4
2025-08-13 12:42:29,delen@test.com,2025-08-13 10:51:24,True,55.63,13.45,52.49,3
2025-08-13 12:42:29,sera@test.com,2025-08-13 11:21:22,True,50.14,10.72,24.96,0
2025-08-13 12:42:29,jack@test.com,2025-08-13 10:48:24,True,23.38,13.43,10.01,1
2025-08-13 12:42:31,alice@test.com,2025-08-13 11:43:22,True,12.59,23.46,63.18,2
2025-08-13 12:42:31,bob@test.com,2025-08-13 12:19:24,True,60.05,47.8,68.2,6
2025-08-13 12:42:31,hanilee@test.com,2025-08-13 12:15:22,True,21.15,31.55,80.75,3
2025-08-13 12:42:31,tim@test.com,2025-08-13 11:33:22,True,36.66,11.93,37.59,1
2025-08-13 12:42:31,fran@test.com,2025-08-13 11:41:31,True,42.14,10.67,48.49,0
2025-08-13 12:42:31,delen@test.com,2025-08-13 10:51:24,True,55.39,12.87,51.53,4
2025-08-13 12:42:31,sera@test.com,2025-08-13 11:21:22,True,47.98,12.29,23.43,1
2025-08-13 12:42:31,jack@test.com,2025-08-13 10:48:24,True,19.67,15.5,12.23,0
2025-08-13 12:42:33,alice@test.com,2025-08-13 11:43:22,True,8.71,21.6,58.97,2
2025-08-13 12:42:33,bob@test.com,2025-08-13 12:19:24,True,58.03,41.67,72.5,5
2025-08-13 12:42:33,hanilee@test.com,2025-08-13 12:15:22,True,29.39,34.27,80.56,3
2025-08-13 12:42:33,tim@test.com,2025-08-13 11:33:22,True,34.14,8.82,38.9,0
2025-08-13 12:42:33,fran@test.com,2025-08-13 11:41:31,True,44.48,16.99,53.58,2
2025-08-13 12:42:33,delen@test.com,2025-08-13 10:51:24,True,54.48,9.84,52.95,4
2025-08-13 12:42:33,sera@test.com,2025-08-13 11:21:22,True,47.38,15.52,25.79,2
2025-08-13 12:42:33,jack@test.com,2025-08-13 10:48:24,True,21.61,20.89,8.99,0
2025-08-13 12:42:35,alice@test.com,2025-08-13 11:43:22,True,15.71,20.29,58.5,1
2025-08-13 12:42:35,bob@test.com,2025-08-13 12:19:24,True,59.56,42.48,71.66,5
2025-08-13 12:42:35,hanilee@test.com,2025-08-13 12:15:22,True,28.86,30.08,78.16,4
2025-08-13 12:42:35,tim@test.com,2025-08-13 11:33:22,True,29.88,8.54,40.25,2
2025-08-13 12:42:35,fran@test.com,2025-08-13 11:41:31,True,43.6,15.01,51.09,3
2025-08-13 12:42:35,delen@test.com,2025-08-13 10:51:24,True,57.33,17.11,51.18,4
2025-08-13 12:42:35,sera@test.com,2025-08-13 11:21:22,True,49.47,21.01,22.23,2
2025-08-13 12:42:35,jack@test.com,2025-08-13 10:48:24,True,18.67,18.91,7.39,0
2025-08-13 12:42:37,alice@test.com,2025-08-13 11:43:22,True,13.74,18.04,60.31,1
2025-08-13 12:42:37,bob@test.com,2025-08-13 12:19:24,True,60.81,52.62,74.86,7
2025-08-13 12:42:37,hanilee@test.com,2025-08-13 12:15:22,True,17.46,23.98,73.02,3
2025-08-13 12:42:37,tim@test.com,2025-08-13 11:33:22,True,40.07,15.53,36.84,0
2025-08-13 12:42:37,fran@test.com,2025-08-13 11:41:31,True,46.5,10.68,51.85,3
2025-08-13 12:42:37,delen@test.com,2025-08-13 10:51:24,True,52.36,8.02,48.22,5
2025-08-13 12:42:37,sera@test.com,2025-08-13 11:21:22,True,48.31,12.91,25.45,2
2025-08-13 12:42:37,jack@test.com,2025-08-13 10:48:24,True,22.44,23.08,10.44,0
2025-08-13 12:42:39,alice@test.com,2025-08-13 11:43:22,True,4.11,16.31,63.62,3
2025-08-13 12:42:39,bob@test.com,2025-08-13 12:19:24,True,61.06,46.79,72.43,4
2025-08-13 12:42:39,hanilee@test.com,2025-08-13 12:15:22,True,24.53,22.16,76.73,2
2025-08-13 12:42:39,tim@test.com,2025-08-13 11:33:22,True,38.74,5.3,39.73,0
2025-08-13 12:42:39,fran@test.com,2025-08-13 11:41:31,True,43.54,11.04,45.95,3
2025-08-13 12:42:39,delen@test.com,2025-08-13 10:51:24,True,52.59,14.53,46.67,4
2025-08-13 12:42:39,sera@test.com,2025-08-13 11:21:22,True,54.82,16.71,24.75,2
2025-08-13 12:42:39,jack@test.com,2025-08-13 10:48:24,True,20.27,12.62,8.96,0
2025-08-13 12:42:41,alice@test.com,2025-08-13 11:43:22,True,10.11,18.29,66.02,1
2025-08-13 12:42:41,bob@test.com,2025-08-13 12:19:24,True,58.92,44.02,73.24,5
2025-08-13 12:42:41,hanilee@test.com,2025-08-13 12:15:22,True,24.69,28.44,75.23,2
2025-08-13 12:42:41,tim@test.com,2025-08-13 11:33:22,True,32.39,13.97,37.96,1
2025-08-13 12:42:41,fran@test.com,2025-08-13 11:41:31,True,42.67,11.66,47.04,3
2025-08-13 12:42:41,delen@test.com,2025-08-13 10:51:24,True,57.26,15.11,52.59,3
2025-08-13 12:42:41,sera@test.com,2025-08-13 11:21:22,True,55.56,18.96,22.94,2
2025-08-13 12:42:41,jack@test.com,2025-08-13 10:48:24,True,20.69,15.07,13.23,0
2025-08-13 12:42:43,alice@test.com,2025-08-13 11:43:22,True,11.93,20.56,62.12,1
2025-08-13 12:42:43,bob@test.com,2025-08-13 12:19:24,True,63.34,43.05,66.49,6
2025-08-13 12:42:43,hanilee@test.com,2025-08-13 12:15:22,True,29.85,34.24,78.28,1
2025-08-13 12:42:43,tim@test.com,2025-08-13 11:33:22,True,28.68,12.83,38.21,3
2025-08-13 12:42:43,fran@test.com,2025-08-13 11:41:31,True,46.27,13.41,50.75,3
2025-08-13 12:42:43,delen@test.com,2025-08-13 10:51:24,True,52.6,11.69,50.46,4
2025-08-13 12:42:43,sera@test.com,2025-08-13 11:21:22,True,52.79,21.36,22.33,1
2025-08-13 12:42:43,jack@test.com,2025-08-13 10:48:24,True,20.13,16.08,6.05,0
2025-08-13 12:42:45,alice@test.com,2025-08-13 11:43:22,True,9.79,19.9,59.66,2
2025-08-13 12:42:45,bob@test.com,2025-08-13 12:19:24,True,56.24,45.4,66.21,4
2025-08-13 12:42:45,hanilee@test.com,2025-08-13 12:15:22,True,28.39,25.86,79.67,3
2025-08-13 12:42:45,tim@test.com,2025-08-13 11:33:22,True,38.78,15.02,41.46,2
2025-08-13 12:42:45,fran@test.com,2025-08-13 11:41:31,True,45.89,21.01,48.38,1
2025-08-13 12:42:45,delen@test.com,2025-08-13 10:51:24,True,56.62,17.33,46.29,2
2025-08-13 12:42:45,sera@test.com,2025-08-13 11:21:22,True,57.08,13.93,24.8,2
2025-08-13 12:42:45,jack@test.com,2025-08-13 10:48:24,True,21.62,15.89,11.98,1
2025-08-13 12:42:47,alice@test.com,2025-08-13 11:43:22,True,11.39,16.78,62.16,2
2025-08-13 12:42:47,bob@test.com,2025-08-13 12:19:24,True,66.14,44.08,68.55,6
2025-08-13 12:42:47,hanilee@test.com,2025-08-13 12:15:22,True,28.18,28.6,75.93,2
2025-08-13 12:42:47,tim@test.com,2025-08-13 11:33:22,True,34.34,16.23,38.02,2
2025-08-13 12:42:47,fran@test.com,2025-08-13 11:41:31,True,44.94,15.06,53.78,4
2025-08-13 12:42:47,delen@test.com,2025-08-13 10:51:24,True,51.43,11.95,52.13,4
2025-08-13 12:42:47,sera@test.com,2025-08-13 11:21:22,True,50.39,15.38,23.66,3
2025-08-13 12:42:47,jack@test.com,2025-08-13 10:48:24,True,21.95,17.96,11.65,0
2025-08-13 12:42:49,alice@test.com,2025-08-13 11:43:22,True,9.81,18.6,60.84,2
2025-08-13 12:42:49,bob@test.com,2025-08-13 12:19:24,True,60.04,42.63,72.59,6
2025-08-13 12:42:49,hanilee@test.com,2025-08-13 12:15:22,True,20.79,36.19,79.36,1
2025-08-13 12:42:49,tim@test.com,2025-08-13 11:33:22,True,32.1,7.95,40.12,2
2025-08-13 12:42:49,fran@test.com,2025-08-13 11:41:31,True,47.23,16.4,47.36,1
2025-08-13 12:42:49,delen@test.com,2025-08-13 10:51:24,True,57.23,13.05,49.28,3
2025-08-13 12:42:49,sera@test.com,2025-08-13 11:21:22,True,50.9,15.79,22.8,2
2025-08-13 12:42:49,jack@test.com,2025-08-13 10:48:24,True,20.41,15.96,7.95,0
2025-08-13 12:42:51,alice@test.com,2025-08-13 11:43:22,True,9.28,17.76,64.79,2
2025-08-13 12:42:51,bob@test.com,2025-08-13 12:19:24,True,62.17,44.24,70.77,6
2025-08-13 12:42:51,hanilee@test.com,2025-08-13 12:15:22,True,24.29,25.87,77.0,4
2025-08-13 12:42:51,tim@test.com,2025-08-13 11:33:22,True,36.16,13.9,40.69,3
2025-08-13 12:42:51,fran@test.com,2025-08-13 11:41:31,True,44.45,21.5,51.35,0
2025-08-13 12:42:51,delen@test.com,2025-08-13 10:51:24,True,53.16,14.74,50.29,6
2025-08-13 12:42:51,sera@test.com,2025-08-13 11:21:22,True,50.09,17.95,26.07,2
2025-08-13 12:42:51,jack@test.com,2025-08-13 10:48:24,True,17.29,16.68,10.99,0
2025-08-13 12:42:53,alice@test.com,2025-08-13 11:43:22,True,5.61,19.79,64.76,2
2025-08-13 12:42:53,bob@test.com,2025-08-13 12:19:24,True,62.41,50.14,69.9,6
2025-08-13 12:42:53,hanilee@test.com,2025-08-13 12:15:22,True,28.5,27.52,76.2,2
2025-08-13 12:42:53,tim@test.com,2025-08-13 11:33:22,True,29.94,8.51,41.95,0
2025-08-13 12:42:53,fran@test.com,2025-08-13 11:41:31,True,47.98,17.16,48.41,1
2025-08-13 12:42:53,delen@test.com,2025-08-13 10:51:24,True,50.44,17.0,49.9,4
2025-08-13 12:42:53,sera@test.com,2025-08-13 11:21:22,True,53.98,24.56,24.6,2
2025-08-13 12:42:53,jack@test.com,2025-08-13 10:48:24,True,25.19,19.84,9.02,0
2025-08-13 12:42:55,alice@test.com,2025-08-13 11:43:22,True,11.79,20.25,60.44,2
2025-08-13 12:42:55,bob@test.com,2025-08-13 12:19:24,True,61.96,40.26,72.25,8
2025-08-13 12:42:55,hanilee@test.com,2025-08-13 12:15:22,True,24.25,27.31,78.47,3
2025-08-13 12:42:55,tim@test.com,2025-08-13 11:33:22,True,35.08,9.42,38.91,2
2025-08-13 12:42:55,fran@test.com,2025-08-13 11:41:31,True,47.94,10.5,52.42,3
2025-08-13 12:42:55,delen@test.com,2025-08-13 10:51:24,True,53.87,6.75,50.19,3
2025-08-13 12:42:55,sera@test.com,2025-08-13 11:21:22,True,49.63,18.2,25.44,3
2025-08-13 12:42:55,jack@test.com,2025-08-13 10:48:24,True,18.62,17.12,10.12,0
2025-08-13 12:42:57,alice@test.com,2025-08-13 11:43:22,True,10.1,20.76,59.9,2
2025-08-13 12:42:57,bob@test.com,2025-08-13 12:19:24,True,65.14,47.37,67.6,6
2025-08-13 12:42:57,hanilee@test.com,2025-08-13 12:15:22,True,26.74,28.05,76.73,2
2025-08-13 12:42:57,tim@test.com,2025-08-13 11:33:22,True,40.02,12.87,37.12,2
2025-08-13 12:42:57,fran@test.com,2025-08-13 11:41:31,True,49.96,12.75,47.53,3
2025-08-13 12:42:57,delen@test.com,2025-08-13 10:51:24,True,52.92,19.12,46.4,3
2025-08-13 12:42:57,sera@test.com,2025-08-13 11:21:22,True,53.12,13.92,22.32,2
2025-08-13 12:42:57,jack@test.com,2025-08-13 10:48:24,True,13.26,20.48,7.82,2
2025-08-13 12:42:59,alice@test.com,2025-08-13 11:43:22,True,15.18,18.12,62.74,1
2025-08-13 12:42:59,bob@test.com,2025-08-13 12:19:24,True,61.04,46.94,68.35,5
2025-08-13 12:42:59,hanilee@test.com,2025-08-13 12:15:22,True,24.12,31.42,78.25,2
2025-08-13 12:42:59,tim@test.com,2025-08-13 11:33:22,True,32.65,14.45,37.71,1
2025-08-13 12:42:59,fran@test.com,2025-08-13 11:41:31,True,41.71,12.2,44.87,3
2025-08-13 12:42:59,delen@test.com,2025-08-13 10:51:24,True,56.98,15.13,50.11,3
2025-08-13 12:42:59,sera@test.com,2025-08-13 11:21:22,True,45.75,18.73,18.7,2
2025-08-13 12:42:59,jack@test.com,2025-08-13 10:48:24,True,20.98,15.9,7.3,2
2025-08-13 12:43:01,alice@test.com,2025-08-13 11:43:22,True,12.74,23.17,60.26,2
2025-08-13 12:43:01,bob@test.com,2025-08-13 12:19:24,True,60.45,41.55,66.04,7
2025-08-13 12:43:01,hanilee@test.com,2025-08-13 12:15:22,True,27.1,28.92,77.72,1
2025-08-13 12:43:01,tim@test.com,2025-08-13 11:33:22,True,36.55,13.78,40.35,3
2025-08-13 12:43:01,fran@test.com,2025-08-13 11:41:31,True,43.2,11.53,48.84,2
2025-08-13 12:43:01,delen@test.com,2025-08-13 10:51:24,True,52.59,16.84,50.92,2
2025-08-13 12:43:01,sera@test.com,2025-08-13 11:21:22,True,54.01,15.62,26.86,2
2025-08-13 12:43:01,jack@test.com,2025-08-13 10:48:24,True,20.5,15.77,8.18,0
2025-08-13 12:43:03,alice@test.com,2025-08-13 11:43:22,True,9.13,14.3,60.45,1
2025-08-13 12:43:03,bob@test.com,2025-08-13 12:19:24,True,61.12,45.71,68.32,6
2025-08-13 12:43:03,hanilee@test.com,2025-08-13 12:15:22,True,25.97,31.83,76.01,3
2025-08-13 12:43:03,tim@test.com,2025-08-13 11:33:22,True,35.56,17.48,40.8,2
2025-08-13 12:43:03,fran@test.com,2025-08-13 11:41:31,True,44.78,18.21,50.29,2
2025-08-13 12:43:03,delen@test.com,2025-08-13 10:51:24,True,56.78,15.7,49.76,4
2025-08-13 12:43:03,sera@test.com,2025-08-13 11:21:22,True,54.53,19.54,24.38,1
2025-08-13 12:43:03,jack@test.com,2025-08-13 10:48:24,True,22.63,19.19,9.18,0
2025-08-13 12:43:05,alice@test.com,2025-08-13 11:43:22,True,4.73,17.35,60.0,0
2025-08-13 12:43:05,bob@test.com,2025-08-13 12:19:24,True,55.92,43.96,70.42,6
2025-08-13 12:43:05,hanilee@test.com,2025-08-13 12:15:22,True,27.54,25.65,76.74,4
2025-08-13 12:43:05,tim@test.com,2025-08-13 11:33:22,True,35.88,7.01,40.41,2
2025-08-13 12:43:05,fran@test.com,2025-08-13 11:41:31,True,53.18,13.88,50.85,4
2025-08-13 12:43:05,delen@test.com,2025-08-13 10:51:24,True,57.15,20.68,47.98,2
2025-08-13 12:43:05,sera@test.com,2025-08-13 11:21:22,True,54.81,19.63,23.34,1
2025-08-13 12:43:05,jack@test.com,2025-08-13 10:48:24,True,20.49,17.15,9.89,0
2025-08-13 12:43:07,alice@test.com,2025-08-13 11:43:22,True,3.54,17.1,66.27,1
2025-08-13 12:43:07,bob@test.com,2025-08-13 12:19:24,True,60.13,44.39,70.1,5
2025-08-13 12:43:07,hanilee@test.com,2025-08-13 12:15:22,True,22.35,27.02,78.31,3
2025-08-13 12:43:07,tim@test.com,2025-08-13 11:33:22,True,35.43,7.18,40.84,3
2025-08-13 12:43:07,fran@test.com,2025-08-13 11:41:31,True,47.56,13.15,50.09,2
2025-08-13 12:43:07,delen@test.com,2025-08-13 10:51:24,True,57.37,18.48,52.83,3
2025-08-13 12:43:07,sera@test.com,2025-08-13 11:21:22,True,48.86,21.53,25.38,1
2025-08-13 12:43:07,jack@test.com,2025-08-13 10:48:24,True,21.89,19.8,8.02,2
2025-08-13 12:43:09,alice@test.com,2025-08-13 11:43:22,True,4.78,20.66,62.45,1
2025-08-13 12:43:09,bob@test.com,2025-08-13 12:19:24,True,62.56,51.85,71.59,5
2025-08-13 12:43:09,hanilee@test.com,2025-08-13 12:15:22,True,18.93,31.69,79.16,2
2025-08-13 12:43:09,tim@test.com,2025-08-13 11:33:22,True,37.06,14.29,40.74,3
2025-08-13 12:43:09,fran@test.com,2025-08-13 11:41:31,True,42.84,9.81,45.19,2
2025-08-13 12:43:09,delen@test.com,2025-08-13 10:51:24,True,55.11,18.73,48.55,1
2025-08-13 12:43:09,sera@test.com,2025-08-13 11:21:22,True,55.14,18.46,25.31,2
2025-08-13 12:43:09,jack@test.com,2025-08-13 10:48:24,True,18.58,17.78,9.9,0
2025-08-13 12:43:11,alice@test.com,2025-08-13 11:43:22,True,16.89,15.93,60.27,1
2025-08-13 12:43:11,bob@test.com,2025-08-13 12:19:24,True,61.53,51.76,73.7,4
2025-08-13 12:43:11,hanilee@test.com,2025-08-13 12:15:22,True,32.98,28.14,77.45,3
2025-08-13 12:43:11,tim@test.com,2025-08-13 11:33:22,True,31.91,10.5,40.96,3
2025-08-13 12:43:11,fran@test.com,2025-08-13 11:41:31,True,43.63,15.79,48.87,5
2025-08-13 12:43:11,delen@test.com,2025-08-13 10:51:24,True,57.99,19.06,50.4,4
2025-08-13 12:43:11,sera@test.com,2025-08-13 11:21:22,True,45.27,17.2,24.0,3
2025-08-13 12:43:11,jack@test.com,2025-08-13 10:48:24,True,20.38,17.16,11.92,1
2025-08-13 12:43:13,alice@test.com,2025-08-13 11:43:22,True,10.16,20.6,63.4,2
2025-08-13 12:43:13,bob@test.com,2025-08-13 12:19:24,True,63.01,45.28,72.22,5
2025-08-13 12:43:13,hanilee@test.com,2025-08-13 12:15:22,True,25.28,28.82,74.76,2
2025-08-13 12:43:13,tim@test.com,2025-08-13 11:33:22,True,39.02,15.43,35.18,0
2025-08-13 12:43:13,fran@test.com,2025-08-13 11:41:31,True,46.55,14.17,48.46,3
2025-08-13 12:43:13,delen@test.com,2025-08-13 10:51:24,True,52.43,11.01,46.11,3
2025-08-13 12:43:13,sera@test.com,2025-08-13 11:21:22,True,51.27,15.51,22.53,1
2025-08-13 12:43:13,jack@test.com,2025-08-13 10:48:24,True,19.78,12.73,11.25,0
2025-08-13 12:43:15,alice@test.com,2025-08-13 11:43:22,True,10.7,19.73,63.1,2
2025-08-13 12:43:15,bob@test.com,2025-08-13 12:19:24,True,59.1,43.16,71.88,5
2025-08-13 12:43:15,hanilee@test.com,2025-08-13 12:15:22,True,28.97,29.78,78.6,3
2025-08-13 12:43:15,tim@test.com,2025-08-13 11:33:22,True,33.78,16.82,40.34,0
2025-08-13 12:43:15,fran@test.com,2025-08-13 11:41:31,True,42.8,13.32,49.82,0
2025-08-13 12:43:15,delen@test.com,2025-08-13 10:51:24,True,54.36,15.28,52.3,3
2025-08-13 12:43:15,sera@test.com,2025-08-13 11:21:22,True,50.42,16.91,24.61,1
2025-08-13 12:43:15,jack@test.com,2025-08-13 10:48:24,True,23.15,13.95,11.03,1
2025-08-13 12:43:17,alice@test.com,2025-08-13 11:43:22,True,9.33,20.54,62.33,2
2025-08-13 12:43:17,bob@test.com,2025-08-13 12:19:24,True,62.5,40.78,73.52,5
2025-08-13 12:43:17,hanilee@test.com,2025-08-13 12:15:22,True,24.77,32.74,73.92,2
2025-08-13 12:43:17,tim@test.com,2025-08-13 11:33:22,True,34.15,9.94,43.21,1
2025-08-13 12:43:17,fran@test.com,2025-08-13 11:41:31,True,40.61,9.1,51.64,3
2025-08-13 12:43:17,delen@test.com,2025-08-13 10:51:24,True,51.4,13.7,48.38,4
2025-08-13 12:43:17,sera@test.com,2025-08-13 11:21:22,True,50.12,15.93,22.6,4
2025-08-13 12:43:17,jack@test.com,2025-08-13 10:48:24,True,20.64,18.89,7.69,0
2025-08-13 12:43:19,alice@test.com,2025-08-13 11:43:22,True,6.23,19.81,61.1,1
2025-08-13 12:43:19,bob@test.com,2025-08-13 12:19:24,True,55.01,46.77,71.61,6
2025-08-13 12:43:19,hanilee@test.com,2025-08-13 12:15:22,True,24.97,28.52,74.86,2
2025-08-13 12:43:19,tim@test.com,2025-08-13 11:33:22,True,33.31,12.86,38.59,3
2025-08-13 12:43:19,fran@test.com,2025-08-13 11:41:31,True,46.94,14.76,48.21,3
2025-08-13 12:43:19,delen@test.com,2025-08-13 10:51:24,True,57.65,14.62,48.77,4
2025-08-13 12:43:19,sera@test.com,2025-08-13 11:21:22,True,47.91,14.66,25.75,2
2025-08-13 12:43:19,jack@test.com,2025-08-13 10:48:24,True,20.16,17.54,8.97,2
2025-08-13 12:43:21,alice@test.com,2025-08-13 11:43:22,True,14.02,21.69,58.58,3
2025-08-13 12:43:21,bob@test.com,2025-08-13 12:19:24,True,62.1,45.99,68.84,7
2025-08-13 12:43:21,hanilee@test.com,2025-08-13 12:15:22,True,27.55,28.26,77.87,3
2025-08-13 12:43:21,tim@test.com,2025-08-13 11:33:22,True,30.75,8.72,38.49,1
2025-08-13 12:43:21,fran@test.com,2025-08-13 11:41:31,True,46.12,14.95,50.5,4
2025-08-13 12:43:21,delen@test.com,2025-08-13 10:51:24,True,51.63,20.95,50.09,3
2025-08-13 12:43:21,sera@test.com,2025-08-13 11:21:22,True,53.4,12.72,24.56,3
2025-08-13 12:43:21,jack@test.com,2025-08-13 10:48:24,True,21.25,15.98,11.48,0
2025-08-13 12:43:23,alice@test.com,2025-08-13 11:43:22,True,11.32,17.94,63.01,1
2025-08-13 12:43:23,bob@test.com,2025-08-13 12:19:24,True,64.3,48.45,67.72,6
2025-08-13 12:43:23,hanilee@test.com,2025-08-13 12:15:22,True,24.3,26.36,76.12,2
2025-08-13 12:43:23,tim@test.com,2025-08-13 11:33:22,True,28.47,11.98,37.85,1
2025-08-13 12:43:23,fran@test.com,2025-08-13 11:41:31,True,49.97,12.34,48.8,2
2025-08-13 12:43:23,delen@test.com,2025-08-13 10:51:24,True,55.17,11.43,51.01,5
2025-08-13 12:43:23,sera@test.com,2025-08-13 11:21:22,True,51.09,16.64,24.1,2
2025-08-13 12:43:23,jack@test.com,2025-08-13 10:48:24,True,19.07,16.13,12.74,1
2025-08-13 12:43:25,alice@test.com,2025-08-13 11:43:22,True,12.18,18.71,61.88,2
2025-08-13 12:43:25,bob@test.com,2025-08-13 12:19:24,True,53.26,47.72,65.53,6
2025-08-13 12:43:25,hanilee@test.com,2025-08-13 12:15:22,True,28.44,25.02,78.84,1
2025-08-13 12:43:25,tim@test.com,2025-08-13 11:33:22,True,36.61,8.23,36.84,3
2025-08-13 12:43:25,fran@test.com,2025-08-13 11:41:31,True,48.5,14.44,52.82,5
2025-08-13 12:43:25,delen@test.com,2025-08-13 10:51:24,True,51.49,23.35,51.0,3
2025-08-13 12:43:25,sera@test.com,2025-08-13 11:21:22,True,50.65,16.85,26.12,1
2025-08-13 12:43:25,jack@test.com,2025-08-13 10:48:24,True,20.15,12.32,7.82,0
2025-08-13 12:43:27,alice@test.com,2025-08-13 11:43:22,True,10.7,13.34,61.58,2
2025-08-13 12:43:27,bob@test.com,2025-08-13 12:19:24,True,56.69,42.84,68.94,7
2025-08-13 12:43:27,hanilee@test.com,2025-08-13 12:15:22,True,26.21,31.97,74.83,3
2025-08-13 12:43:27,tim@test.com,2025-08-13 11:33:22,True,33.99,13.39,39.14,2
2025-08-13 12:43:27,fran@test.com,2025-08-13 11:41:31,True,42.69,13.42,46.34,2
2025-08-13 12:43:27,delen@test.com,2025-08-13 10:51:24,True,57.35,15.73,51.01,3
2025-08-13 12:43:27,sera@test.com,2025-08-13 11:21:22,True,46.76,19.17,23.55,1
2025-08-13 12:43:27,jack@test.com,2025-08-13 10:48:24,True,19.01,18.52,10.7,0
2025-08-13 12:43:29,alice@test.com,2025-08-13 11:43:22,True,10.43,17.37,61.25,1
2025-08-13 12:43:29,bob@test.com,2025-08-13 12:19:24,True,60.06,40.79,69.51,6
2025-08-13 12:43:29,hanilee@test.com,2025-08-13 12:15:22,True,25.28,29.01,76.9,2
2025-08-13 12:43:29,tim@test.com,2025-08-13 11:33:22,True,35.51,9.33,37.97,2
2025-08-13 12:43:29,fran@test.com,2025-08-13 11:41:31,True,43.26,12.99,51.75,2
2025-08-13 12:43:29,delen@test.com,2025-08-13 10:51:24,True,62.76,13.52,48.29,3
2025-08-13 12:43:29,sera@test.com,2025-08-13 11:21:22,True,51.89,13.3,23.81,3
2025-08-13 12:43:29,jack@test.com,2025-08-13 10:48:24,True,21.44,15.21,7.51,0
2025-08-13 12:43:31,alice@test.com,2025-08-13 11:43:22,True,9.48,25.93,60.25,2
2025-08-13 12:43:31,bob@test.com,2025-08-13 12:19:24,True,62.5,48.71,71.36,5
2025-08-13 12:43:31,hanilee@test.com,2025-08-13 12:15:22,True,23.65,31.55,77.59,3
2025-08-13 12:43:31,tim@test.com,2025-08-13 11:33:22,True,36.88,14.3,41.92,3
2025-08-13 12:43:31,fran@test.com,2025-08-13 11:41:31,True,44.93,13.66,50.21,2
2025-08-13 12:43:31,delen@test.com,2025-08-13 10:51:24,True,54.62,21.11,47.63,5
2025-08-13 12:43:31,sera@test.com,2025-08-13 11:21:22,True,51.16,17.16,26.44,4
2025-08-13 12:43:31,jack@test.com,2025-08-13 10:48:24,True,19.84,16.94,9.56,1
2025-08-13 12:43:33,alice@test.com,2025-08-13 11:43:22,True,7.74,25.69,62.74,1
2025-08-13 12:43:33,bob@test.com,2025-08-13 12:19:24,True,58.49,51.99,70.31,6
2025-08-13 12:43:33,hanilee@test.com,2025-08-13 12:15:22,True,29.26,28.37,73.91,3
2025-08-13 12:43:33,tim@test.com,2025-08-13 11:33:22,True,35.72,8.96,37.18,0
2025-08-13 12:43:33,fran@test.com,2025-08-13 11:41:31,True,42.97,13.48,50.51,2
2025-08-13 12:43:33,delen@test.com,2025-08-13 10:51:24,True,57.71,13.6,45.63,4
2025-08-13 12:43:33,sera@test.com,2025-08-13 11:21:22,True,50.75,13.61,25.53,2
2025-08-13 12:43:33,jack@test.com,2025-08-13 10:48:24,True,21.79,21.93,10.19,1
2025-08-13 12:43:35,alice@test.com,2025-08-13 11:43:22,True,7.57,23.31,67.12,3
2025-08-13 12:43:35,bob@test.com,2025-08-13 12:19:24,True,59.98,42.5,70.27,4
2025-08-13 12:43:35,hanilee@test.com,2025-08-13 12:15:22,True,22.71,31.11,73.03,2
2025-08-13 12:43:35,tim@test.com,2025-08-13 11:33:22,True,38.31,14.6,41.53,1
2025-08-13 12:43:35,fran@test.com,2025-08-13 11:41:31,True,48.51,13.71,51.37,3
2025-08-13 12:43:35,delen@test.com,2025-08-13 10:51:24,True,58.1,15.98,50.32,5
2025-08-13 12:43:35,sera@test.com,2025-08-13 11:21:22,True,53.23,19.07,25.14,1
2025-08-13 12:43:35,jack@test.com,2025-08-13 10:48:24,True,18.78,17.3,6.66,0
2025-08-13 12:43:37,alice@test.com,2025-08-13 11:43:22,True,2.03,22.29,63.29,2
2025-08-13 12:43:37,bob@test.com,2025-08-13 12:19:24,True,60.36,46.01,68.51,7
2025-08-13 12:43:37,hanilee@test.com,2025-08-13 12:15:22,True,26.29,27.6,75.59,2
2025-08-13 12:43:37,tim@test.com,2025-08-13 11:33:22,True,36.99,6.16,39.81,2
2025-08-13 12:43:37,fran@test.com,2025-08-13 11:41:31,True,45.31,12.82,47.12,2
2025-08-13 12:43:37,delen@test.com,2025-08-13 10:51:24,True,54.86,8.82,49.98,4
2025-08-13 12:43:37,sera@test.com,2025-08-13 11:21:22,True,47.84,12.45,30.68,3
2025-08-13 12:43:37,jack@test.com,2025-08-13 10:48:24,True,19.87,24.08,12.56,0
2025-08-13 12:43:39,alice@test.com,2025-08-13 11:43:22,True,8.06,17.75,63.23,0
2025-08-13 12:43:39,bob@test.com,2025-08-13 12:19:24,True,56.23,50.35,70.82,6
2025-08-13 12:43:39,hanilee@test.com,2025-08-13 12:15:22,True,22.22,27.64,77.34,2
2025-08-13 12:43:39,tim@test.com,2025-08-13 11:33:22,True,34.46,11.4,41.55,3
2025-08-13 12:43:39,fran@test.com,2025-08-13 11:41:31,True,44.06,11.56,48.87,3
2025-08-13 12:43:39,delen@test.com,2025-08-13 10:51:24,True,53.78,16.44,48.45,5
2025-08-13 12:43:39,sera@test.com,2025-08-13 11:21:22,True,55.88,14.43,24.11,1
2025-08-13 12:43:39,jack@test.com,2025-08-13 10:48:24,True,22.75,21.55,10.07,1
2025-08-13 12:43:41,alice@test.com,2025-08-13 11:43:22,True,13.35,17.37,60.92,1
2025-08-13 12:43:41,bob@test.com,2025-08-13 12:19:24,True,61.33,44.24,69.7,4
2025-08-13 12:43:41,hanilee@test.com,2025-08-13 12:15:22,True,26.13,29.86,75.94,5
2025-08-13 12:43:41,tim@test.com,2025-08-13 11:33:22,True,39.55,14.06,37.3,2
2025-08-13 12:43:41,fran@test.com,2025-08-13 11:41:31,True,40.21,13.99,47.46,4
2025-08-13 12:43:41,delen@test.com,2025-08-13 10:51:24,True,55.15,12.18,51.03,3
2025-08-13 12:43:41,sera@test.com,2025-08-13 11:21:22,True,47.12,15.81,25.23,1
2025-08-13 12:43:41,jack@test.com,2025-08-13 10:48:24,True,19.17,18.42,8.38,1
2025-08-13 12:43:43,alice@test.com,2025-08-13 11:43:22,True,7.62,21.52,65.91,0
2025-08-13 12:43:43,bob@test.com,2025-08-13 12:19:24,True,61.35,40.44,69.32,5
2025-08-13 12:43:43,hanilee@test.com,2025-08-13 12:15:22,True,24.35,27.33,75.47,2
2025-08-13 12:43:43,tim@test.com,2025-08-13 11:33:22,True,38.31,17.0,40.71,1
2025-08-13 12:43:43,fran@test.com,2025-08-13 11:41:31,True,46.97,17.66,47.63,1
2025-08-13 12:43:43,delen@test.com,2025-08-13 10:51:24,True,58.01,16.39,51.79,4
2025-08-13 12:43:43,sera@test.com,2025-08-13 11:21:22,True,52.17,20.17,24.29,0
2025-08-13 12:43:43,jack@test.com,2025-08-13 10:48:24,True,20.72,14.51,8.93,1
2025-08-13 12:43:45,alice@test.com,2025-08-13 11:43:22,True,7.99,12.72,64.39,1
2025-08-13 12:43:45,bob@test.com,2025-08-13 12:19:24,True,54.69,46.91,71.48,4
2025-08-13 12:43:45,hanilee@test.com,2025-08-13 12:15:22,True,24.76,28.42,77.4,3
2025-08-13 12:43:45,tim@test.com,2025-08-13 11:33:22,True,33.1,10.66,37.35,1
2025-08-13 12:43:45,fran@test.com,2025-08-13 11:41:31,True,50.75,16.37,46.73,2
2025-08-13 12:43:45,delen@test.com,2025-08-13 10:51:24,True,51.89,13.96,49.66,2
2025-08-13 12:43:45,sera@test.com,2025-08-13 11:21:22,True,48.67,14.86,24.29,0
2025-08-13 12:43:45,jack@test.com,2025-08-13 10:48:24,True,15.82,20.41,10.63,1
2025-08-13 12:43:47,alice@test.com,2025-08-13 11:43:22,True,11.64,21.57,64.59,1
2025-08-13 12:43:47,bob@test.com,2025-08-13 12:19:24,True,58.67,47.52,69.14,5
2025-08-13 12:43:47,hanilee@test.com,2025-08-13 12:15:22,True,27.65,31.98,76.1,2
2025-08-13 12:43:47,tim@test.com,2025-08-13 11:33:22,True,35.3,15.53,36.85,1
2025-08-13 12:43:47,fran@test.com,2025-08-13 11:41:31,True,44.75,16.34,51.01,2
2025-08-13 12:43:47,delen@test.com,2025-08-13 10:51:24,True,53.49,19.62,53.23,4
2025-08-13 12:43:47,sera@test.com,2025-08-13 11:21:22,True,53.41,15.73,25.1,1
2025-08-13 12:43:47,jack@test.com,2025-08-13 10:48:24,True,20.4,18.38,9.6,0
2025-08-13 12:43:49,alice@test.com,2025-08-13 11:43:22,True,11.38,23.15,61.39,2
2025-08-13 12:43:49,bob@test.com,2025-08-13 12:19:24,True,58.57,48.71,74.85,6
2025-08-13 12:43:49,hanilee@test.com,2025-08-13 12:15:22,True,23.89,30.23,74.92,2
2025-08-13 12:43:49,tim@test.com,2025-08-13 11:33:22,True,34.87,17.06,41.45,2
2025-08-13 12:43:49,fran@test.com,2025-08-13 11:41:31,True,47.06,14.09,50.9,4
2025-08-13 12:43:49,delen@test.com,2025-08-13 10:51:24,True,53.72,16.01,45.94,3
2025-08-13 12:43:49,sera@test.com,2025-08-13 11:21:22,True,43.27,20.58,23.35,3
2025-08-13 12:43:49,jack@test.com,2025-08-13 10:48:24,True,16.28,16.84,8.84,1
2025-08-13 12:43:51,alice@test.com,2025-08-13 11:43:22,True,8.07,19.08,62.66,3
2025-08-13 12:43:51,bob@test.com,2025-08-13 12:19:24,True,59.98,45.35,70.23,6
2025-08-13 12:43:51,hanilee@test.com,2025-08-13 12:15:22,True,17.75,34.34,76.8,3
2025-08-13 12:43:51,tim@test.com,2025-08-13 11:33:22,True,34.73,11.43,40.19,0
2025-08-13 12:43:51,fran@test.com,2025-08-13 11:41:31,True,50.48,13.06,48.63,2
2025-08-13 12:43:51,delen@test.com,2025-08-13 10:51:24,True,53.22,17.65,50.27,1
2025-08-13 12:43:51,sera@test.com,2025-08-13 11:21:22,True,49.87,11.43,24.42,0
2025-08-13 12:43:51,jack@test.com,2025-08-13 10:48:24,True,20.59,19.1,8.28,0
2025-08-13 12:43:53,alice@test.com,2025-08-13 11:43:22,True,11.51,18.46,62.4,2
2025-08-13 12:43:53,bob@test.com,2025-08-13 12:19:24,True,62.2,45.84,69.68,5
2025-08-13 12:43:53,hanilee@test.com,2025-08-13 12:15:22,True,23.37,26.95,79.86,3
2025-08-13 12:43:53,tim@test.com,2025-08-13 11:33:22,True,31.4,10.72,40.25,1
2025-08-13 12:43:53,fran@test.com,2025-08-13 11:41:31,True,47.69,13.54,47.61,1
2025-08-13 12:43:53,delen@test.com,2025-08-13 10:51:24,True,50.6,14.28,46.77,4
2025-08-13 12:43:53,sera@test.com,2025-08-13 11:21:22,True,51.17,17.28,24.1,1
2025-08-13 12:43:53,jack@test.com,2025-08-13 10:48:24,True,24.17,18.72,11.48,0
2025-08-13 12:43:55,alice@test.com,2025-08-13 11:43:22,True,11.03,23.47,61.77,3
2025-08-13 12:43:55,bob@test.com,2025-08-13 12:19:24,True,57.49,43.24,70.34,6
2025-08-13 12:43:55,hanilee@test.com,2025-08-13 12:15:22,True,20.59,23.84,77.28,3
2025-08-13 12:43:55,tim@test.com,2025-08-13 11:33:22,True,38.86,11.29,41.81,3
2025-08-13 12:43:55,fran@test.com,2025-08-13 11:41:31,True,48.18,16.24,50.44,4
2025-08-13 12:43:55,delen@test.com,2025-08-13 10:51:24,True,54.95,13.14,52.32,2
2025-08-13 12:43:55,sera@test.com,2025-08-13 11:21:22,True,47.76,14.3,26.83,2
2025-08-13 12:43:55,jack@test.com,2025-08-13 10:48:24,True,17.93,17.9,10.85,1
2025-08-13 12:43:57,alice@test.com,2025-08-13 11:43:22,True,8.32,15.64,60.04,2
2025-08-13 12:43:57,bob@test.com,2025-08-13 12:19:24,True,56.56,38.44,66.76,8
2025-08-13 12:43:57,hanilee@test.com,2025-08-13 12:15:22,True,25.13,28.66,73.27,3
2025-08-13 12:43:57,tim@test.com,2025-08-13 11:33:22,True,34.29,8.17,36.69,2
2025-08-13 12:43:57,fran@test.com,2025-08-13 11:41:31,True,51.97,11.27,50.93,1
2025-08-13 12:43:57,delen@test.com,2025-08-13 10:51:24,True,58.34,12.48,50.55,4
2025-08-13 12:43:57,sera@test.com,2025-08-13 11:21:22,True,53.58,11.06,23.22,2
2025-08-13 12:43:57,jack@test.com,2025-08-13 10:48:24,True,22.34,20.11,6.69,0
2025-08-13 12:43:59,alice@test.com,2025-08-13 11:43:22,True,12.04,28.08,63.24,2
2025-08-13 12:43:59,bob@test.com,2025-08-13 12:19:24,True,58.9,44.73,66.71,5
2025-08-13 12:43:59,hanilee@test.com,2025-08-13 12:15:22,True,22.52,31.96,77.83,3
2025-08-13 12:43:59,tim@test.com,2025-08-13 11:33:22,True,33.78,6.94,38.58,2
2025-08-13 12:43:59,fran@test.com,2025-08-13 11:41:31,True,42.97,19.24,50.5,3
2025-08-13 12:43:59,delen@test.com,2025-08-13 10:51:24,True,55.23,12.01,49.79,4
2025-08-13 12:43:59,sera@test.com,2025-08-13 11:21:22,True,55.23,16.48,22.07,1
2025-08-13 12:43:59,jack@test.com,2025-08-13 10:48:24,True,21.54,17.69,10.13,0
2025-08-13 12:44:01,alice@test.com,2025-08-13 11:43:22,True,6.34,19.48,65.2,3
2025-08-13 12:44:01,bob@test.com,2025-08-13 12:19:24,True,64.49,45.33,69.28,5
2025-08-13 12:44:01,hanilee@test.com,2025-08-13 12:15:22,True,27.01,35.14,82.26,2
2025-08-13 12:44:01,tim@test.com,2025-08-13 11:33:22,True,36.01,15.38,38.37,1
2025-08-13 12:44:01,fran@test.com,2025-08-13 11:41:31,True,40.3,8.41,52.29,2
2025-08-13 12:44:01,delen@test.com,2025-08-13 10:51:24,True,57.44,17.29,53.47,6
2025-08-13 12:44:01,sera@test.com,2025-08-13 11:21:22,True,47.99,13.78,23.24,2
2025-08-13 12:44:01,jack@test.com,2025-08-13 10:48:24,True,20.02,17.4,5.85,1
2025-08-13 12:44:03,alice@test.com,2025-08-13 11:43:22,True,11.65,22.32,62.72,3
2025-08-13 12:44:03,bob@test.com,2025-08-13 12:19:24,True,60.21,42.3,68.34,7
2025-08-13 12:44:03,hanilee@test.com,2025-08-13 12:15:22,True,28.12,26.81,76.62,2
2025-08-13 12:44:03,tim@test.com,2025-08-13 11:33:22,True,29.61,11.52,40.72,4
2025-08-13 12:44:03,fran@test.com,2025-08-13 11:41:31,True,45.74,14.1,49.58,2
2025-08-13 12:44:03,delen@test.com,2025-08-13 10:51:24,True,57.59,16.75,51.69,3
2025-08-13 12:44:03,sera@test.com,2025-08-13 11:21:22,True,50.13,16.5,26.15,2
2025-08-13 12:44:03,jack@test.com,2025-08-13 10:48:24,True,23.11,17.14,12.32,2
2025-08-13 12:44:05,alice@test.com,2025-08-13 11:43:22,True,7.87,24.22,61.45,2
2025-08-13 12:44:05,bob@test.com,2025-08-13 12:19:24,True,53.69,44.91,68.55,6
2025-08-13 12:44:05,hanilee@test.com,2025-08-13 12:15:22,True,21.8,27.89,74.59,2
2025-08-13 12:44:05,tim@test.com,2025-08-13 11:33:22,True,33.12,16.94,40.31,1
2025-08-13 12:44:05,fran@test.com,2025-08-13 11:41:31,True,40.75,15.4,52.07,3
2025-08-13 12:44:05,delen@test.com,2025-08-13 10:51:24,True,61.19,13.2,51.95,4
2025-08-13 12:44:05,sera@test.com,2025-08-13 11:21:22,True,44.0,15.55,23.26,2
2025-08-13 12:44:05,jack@test.com,2025-08-13 10:48:24,True,20.35,14.82,5.37,1
2025-08-13 12:44:07,alice@test.com,2025-08-13 11:43:22,True,7.1,19.44,60.82,2
2025-08-13 12:44:07,bob@test.com,2025-08-13 12:19:24,True,59.8,42.29,69.23,3
2025-08-13 12:44:07,hanilee@test.com,2025-08-13 12:15:22,True,24.58,28.64,76.46,1
2025-08-13 12:44:07,tim@test.com,2025-08-13 11:33:22,True,33.27,10.84,38.62,1
2025-08-13 12:44:07,fran@test.com,2025-08-13 11:41:31,True,47.32,15.33,46.5,3
2025-08-13 12:44:07,delen@test.com,2025-08-13 10:51:24,True,55.05,15.23,49.58,5
2025-08-13 12:44:07,sera@test.com,2025-08-13 11:21:22,True,49.76,15.99,20.93,3
2025-08-13 12:44:07,jack@test.com,2025-08-13 10:48:24,True,18.66,19.82,7.66,1
2025-08-13 12:44:09,alice@test.com,2025-08-13 11:43:22,True,12.44,18.28,59.2,0
2025-08-13 12:44:09,bob@test.com,2025-08-13 12:19:24,True,56.96,42.25,73.36,5
2025-08-13 12:44:09,hanilee@test.com,2025-08-13 12:15:22,True,23.86,29.77,76.04,3
2025-08-13 12:44:09,tim@test.com,2025-08-13 11:33:22,True,34.52,12.87,42.07,2
2025-08-13 12:44:09,fran@test.com,2025-08-13 11:41:31,True,50.24,16.14,52.65,3
2025-08-13 12:44:09,delen@test.com,2025-08-13 10:51:24,True,58.35,11.93,49.81,1
2025-08-13 12:44:09,sera@test.com,2025-08-13 11:21:22,True,48.07,17.73,25.25,2
2025-08-13 12:44:09,jack@test.com,2025-08-13 10:48:24,True,22.74,15.57,10.97,0
2025-08-13 12:44:11,alice@test.com,2025-08-13 11:43:22,True,5.03,23.92,64.23,0
2025-08-13 12:44:11,bob@test.com,2025-08-13 12:19:24,True,58.86,44.32,70.02,4
2025-08-13 12:44:11,hanilee@test.com,2025-08-13 12:15:22,True,31.15,32.99,73.83,1
2025-08-13 12:44:11,tim@test.com,2025-08-13 11:33:22,True,39.19,14.71,38.17,1
2025-08-13 12:44:11,fran@test.com,2025-08-13 11:41:31,True,39.72,13.22,50.47,3
2025-08-13 12:44:11,delen@test.com,2025-08-13 10:51:24,True,55.79,17.53,47.1,4
2025-08-13 12:44:11,sera@test.com,2025-08-13 11:21:22,True,47.71,12.42,24.37,1
2025-08-13 12:44:11,jack@test.com,2025-08-13 10:48:24,True,14.81,18.7,6.9,0
2025-08-13 12:44:13,alice@test.com,2025-08-13 11:43:22,True,9.63,19.31,61.54,0
2025-08-13 12:44:13,bob@test.com,2025-08-13 12:19:24,True,62.32,46.89,69.74,6
2025-08-13 12:44:13,hanilee@test.com,2025-08-13 12:15:22,True,22.31,29.99,74.73,2
2025-08-13 12:44:13,tim@test.com,2025-08-13 11:33:22,True,33.91,14.39,40.11,3
2025-08-13 12:44:13,fran@test.com,2025-08-13 11:41:31,True,43.44,11.31,50.45,3
2025-08-13 12:44:13,delen@test.com,2025-08-13 10:51:24,True,55.88,15.97,51.25,5
2025-08-13 12:44:13,sera@test.com,2025-08-13 11:21:22,True,48.51,19.15,21.68,0
2025-08-13 12:44:13,jack@test.com,2025-08-13 10:48:24,True,15.41,16.09,10.34,0
2025-08-13 12:44:15,alice@test.com,2025-08-13 11:43:22,True,6.29,17.21,61.81,0
2025-08-13 12:44:15,bob@test.com,2025-08-13 12:19:24,True,53.4,44.49,70.43,6
2025-08-13 12:44:15,hanilee@test.com,2025-08-13 12:15:22,True,26.38,27.33,76.83,2
2025-08-13 12:44:15,tim@test.com,2025-08-13 11:33:22,True,34.45,15.58,40.84,1
2025-08-13 12:44:15,fran@test.com,2025-08-13 11:41:31,True,45.16,13.47,49.59,2
2025-08-13 12:44:15,delen@test.com,2025-08-13 10:51:24,True,56.44,10.89,51.11,2
2025-08-13 12:44:15,sera@test.com,2025-08-13 11:21:22,True,45.7,15.57,24.1,1
2025-08-13 12:44:15,jack@test.com,2025-08-13 10:48:24,True,20.74,22.32,9.19,0
2025-08-13 12:44:17,alice@test.com,2025-08-13 11:43:22,True,7.8,22.59,61.35,2
2025-08-13 12:44:17,bob@test.com,2025-08-13 12:19:24,True,58.22,50.34,74.58,3
2025-08-13 12:44:17,hanilee@test.com,2025-08-13 12:15:22,True,20.12,34.58,78.16,3
2025-08-13 12:44:17,tim@test.com,2025-08-13 11:33:22,True,35.49,11.76,41.08,2
2025-08-13 12:44:17,fran@test.com,2025-08-13 11:41:31,True,50.18,10.72,54.23,3
2025-08-13 12:44:17,delen@test.com,2025-08-13 10:51:24,True,56.4,15.5,48.0,2
2025-08-13 12:44:17,sera@test.com,2025-08-13 11:21:22,True,52.63,16.79,28.4,2
2025-08-13 12:44:17,jack@test.com,2025-08-13 10:48:24,True,24.56,19.05,11.19,1
2025-08-13 12:44:19,alice@test.com,2025-08-13 11:43:22,True,4.78,22.01,61.74,1
2025-08-13 12:44:19,bob@test.com,2025-08-13 12:19:24,True,62.62,45.43,67.72,5
2025-08-13 12:44:19,hanilee@test.com,2025-08-13 12:15:22,True,26.55,33.82,85.1,1
2025-08-13 12:44:19,tim@test.com,2025-08-13 11:33:22,True,33.17,12.18,38.28,0
2025-08-13 12:44:19,fran@test.com,2025-08-13 11:41:31,True,45.59,6.97,48.7,2
2025-08-13 12:44:19,delen@test.com,2025-08-13 10:51:24,True,59.64,12.21,46.02,4
2025-08-13 12:44:19,sera@test.com,2025-08-13 11:21:22,True,50.51,16.88,28.47,2
2025-08-13 12:44:19,jack@test.com,2025-08-13 10:48:24,True,18.89,15.82,8.02,0
2025-08-13 12:44:21,alice@test.com,2025-08-13 11:43:22,True,10.41,18.73,63.07,3
2025-08-13 12:44:21,bob@test.com,2025-08-13 12:19:24,True,59.29,46.3,68.71,6
2025-08-13 12:44:21,hanilee@test.com,2025-08-13 12:15:22,True,27.9,30.54,76.23,1
2025-08-13 12:44:21,tim@test.com,2025-08-13 11:33:22,True,33.76,9.66,39.23,1
2025-08-13 12:44:21,fran@test.com,2025-08-13 11:41:31,True,45.27,15.24,46.96,2
2025-08-13 12:44:21,delen@test.com,2025-08-13 10:51:24,True,57.44,17.51,48.7,3
2025-08-13 12:44:21,sera@test.com,2025-08-13 11:21:22,True,49.82,19.28,29.02,2
2025-08-13 12:44:21,jack@test.com,2025-08-13 10:48:24,True,16.36,16.85,9.86,0
2025-08-13 12:44:23,alice@test.com,2025-08-13 11:43:22,True,10.86,17.24,61.09,2
2025-08-13 12:44:23,bob@test.com,2025-08-13 12:19:24,True,65.95,45.88,68.61,6
2025-08-13 12:44:23,hanilee@test.com,2025-08-13 12:15:22,True,27.96,30.0,78.65,4
2025-08-13 12:44:23,tim@test.com,2025-08-13 11:33:22,True,32.47,14.73,39.84,3
2025-08-13 12:44:23,fran@test.com,2025-08-13 11:41:31,True,43.03,14.27,51.79,1
2025-08-13 12:44:23,delen@test.com,2025-08-13 10:51:24,True,52.05,8.95,49.32,3
2025-08-13 12:44:23,sera@test.com,,False,0.0,0.0,0.0,0
2025-08-13 12:44:23,jack@test.com,2025-08-13 10:48:24,True,21.1,18.85,12.24,0
2025-08-13 12:44:25,alice@test.com,2025-08-13 11:43:22,True,12.31,21.15,64.28,2
2025-08-13 12:44:25,bob@test.com,2025-08-13 12:19:24,True,60.82,44.96,72.72,6
2025-08-13 12:44:25,hanilee@test.com,2025-08-13 12:15:22,True,31.32,30.32,80.19,2
2025-08-13 12:44:25,tim@test.com,2025-08-13 11:33:22,True,35.88,12.64,36.77,1
2025-08-13 12:44:25,fran@test.com,2025-08-13 11:41:31,True,47.01,12.32,48.81,2
2025-08-13 12:44:25,delen@test.com,2025-08-13 10:51:24,True,56.99,13.91,49.68,5
2025-08-13 12:44:25,sera@test.com,,False,0.0,0.0,0.0,0
2025-08-13 12:44:25,jack@test.com,2025-08-13 10:48:24,True,22.3,14.3,10.85,1
2025-08-13 12:44:27,alice@test.com,2025-08-13 11:43:22,True,6.98,24.98,64.82,2
2025-08-13 12:44:27,bob@test.com,2025-08-13 12:19:24,True,62.86,44.9,68.48,7
2025-08-13 12:44:27,hanilee@test.com,2025-08-13 12:15:22,True,25.67,31.06,78.08,1
2025-08-13 12:44:27,tim@test.com,2025-08-13 11:33:22,True,38.02,10.61,39.76,2
2025-08-13 12:44:27,fran@test.com,2025-08-13 11:41:31,True,45.28,12.09,53.65,2
2025-08-13 12:44:27,delen@test.com,2025-08-13 10:51:24,True,49.22,13.68,49.62,3
2025-08-13 12:44:27,sera@test.com,2025-08-13 11:01:27,True,54.57,12.8,22.5,4
2025-08-13 12:44:27,jack@test.com,2025-08-13 10:48:24,True,16.89,17.78,10.47,1
2025-08-13 12:44:29,alice@test.com,2025-08-13 11:43:22,True,7.56,17.96,63.01,2
2025-08-13 12:44:29,bob@test.com,2025-08-13 12:19:24,True,65.79,41.08,73.0,7
2025-08-13 12:44:29,hanilee@test.com,2025-08-13 12:15:22,True,24.01,25.13,75.71,3
2025-08-13 12:44:29,tim@test.com,2025-08-13 11:33:22,True,34.75,17.61,40.15,0
2025-08-13 12:44:29,fran@test.com,2025-08-13 11:41:31,True,40.52,16.15,50.26,1
2025-08-13 12:44:29,delen@test.com,2025-08-13 10:51:24,True,56.58,15.25,50.85,4
2025-08-13 12:44:29,sera@test.com,2025-08-13 11:01:27,True,45.19,10.97,25.76,3
2025-08-13 12:44:29,jack@test.com,2025-08-13 10:48:24,True,19.97,14.16,11.4,3
2025-08-13 12:44:31,alice@test.com,2025-08-13 11:43:22,True,10.9,21.12,59.32,2
2025-08-13 12:44:31,bob@test.com,2025-08-13 12:19:24,True,61.15,48.77,68.72,6
2025-08-13 12:44:31,hanilee@test.com,2025-08-13 12:15:22,True,23.18,31.31,73.65,1
2025-08-13 12:44:31,tim@test.com,2025-08-13 11:33:22,True,31.63,15.38,40.05,1
2025-08-13 12:44:31,fran@test.com,2025-08-13 11:41:31,True,44.39,13.97,51.91,1
2025-08-13 12:44:31,delen@test.com,2025-08-13 10:51:24,True,56.36,11.98,52.89,5
2025-08-13 12:44:31,sera@test.com,2025-08-13 11:01:27,True,53.31,15.0,27.83,2
2025-08-13 12:44:31,jack@test.com,2025-08-13 10:48:24,True,24.24,19.43,10.33,0
2025-08-13 12:44:33,alice@test.com,2025-08-13 11:43:22,True,12.33,23.87,62.68,1
2025-08-13 12:44:33,bob@test.com,2025-08-13 12:19:24,True,64.21,46.91,69.97,8
2025-08-13 12:44:33,hanilee@test.com,2025-08-13 12:15:22,True,25.12,34.71,80.97,4
2025-08-13 12:44:33,tim@test.com,2025-08-13 11:33:22,True,36.35,10.3,42.37,0
2025-08-13 12:44:33,fran@test.com,2025-08-13 11:41:31,True,40.39,15.5,49.74,4
2025-08-13 12:44:33,delen@test.com,2025-08-13 10:51:24,True,57.36,14.3,49.32,4
2025-08-13 12:44:33,sera@test.com,2025-08-13 11:01:27,True,49.85,13.6,23.83,1
2025-08-13 12:44:33,jack@test.com,2025-08-13 10:48:24,True,19.07,22.65,9.39,1
2025-08-13 12:44:35,alice@test.com,2025-08-13 11:43:22,True,15.51,22.32,61.73,3
2025-08-13 12:44:35,bob@test.com,2025-08-13 12:19:24,True,62.02,42.14,69.91,7
2025-08-13 12:44:35,hanilee@test.com,2025-08-13 12:15:22,True,24.73,33.95,75.25,3
2025-08-13 12:44:35,tim@test.com,2025-08-13 11:33:22,True,35.52,11.82,38.67,1
2025-08-13 12:44:35,fran@test.com,2025-08-13 11:41:31,True,41.99,12.12,46.03,2
2025-08-13 12:44:35,delen@test.com,2025-08-13 10:51:24,True,56.34,10.92,48.31,3
2025-08-13 12:44:35,sera@test.com,2025-08-13 11:01:27,True,53.37,22.94,26.3,0
2025-08-13 12:44:35,jack@test.com,2025-08-13 10:48:24,True,18.05,13.38,11.1,0
2025-08-13 12:44:37,alice@test.com,2025-08-13 11:43:22,True,14.7,24.73,62.72,1
2025-08-13 12:44:37,bob@test.com,2025-08-13 12:19:24,True,60.37,45.44,70.6,4
2025-08-13 12:44:37,hanilee@test.com,2025-08-13 12:15:22,True,28.95,30.83,73.38,2
2025-08-13 12:44:37,tim@test.com,2025-08-13 11:33:22,True,35.09,9.54,35.96,0
2025-08-13 12:44:37,fran@test.com,2025-08-13 11:41:31,True,41.2,13.7,50.11,1
2025-08-13 12:44:37,delen@test.com,2025-08-13 10:51:24,True,57.86,11.78,50.73,3
2025-08-13 12:44:37,sera@test.com,2025-08-13 11:01:27,True,48.7,15.87,23.51,1
2025-08-13 12:44:37,jack@test.com,2025-08-13 10:48:24,True,20.51,16.64,7.16,0
2025-08-13 12:44:39,alice@test.com,2025-08-13 11:43:22,True,9.27,23.18,64.66,0
2025-08-13 12:44:39,bob@test.com,2025-08-13 12:19:24,True,56.81,45.67,70.18,6
2025-08-13 12:44:39,hanilee@test.com,2025-08-13 12:15:22,True,20.31,30.56,76.38,2
2025-08-13 12:44:39,tim@test.com,2025-08-13 11:33:22,True,39.6,8.15,41.1,0
2025-08-13 12:44:39,fran@test.com,2025-08-13 11:41:31,True,41.29,10.84,50.5,0
2025-08-13 12:44:39,delen@test.com,2025-08-13 10:51:24,True,56.26,14.62,48.33,2
2025-08-13 12:44:39,sera@test.com,2025-08-13 11:01:27,True,57.84,13.6,26.1,2
2025-08-13 12:44:39,jack@test.com,2025-08-13 10:48:24,True,22.5,16.65,9.87,1
2025-08-13 12:44:41,alice@test.com,2025-08-13 11:43:22,True,11.29,21.85,62.05,4
2025-08-13 12:44:41,bob@test.com,2025-08-13 12:19:24,True,59.72,46.78,70.48,6
2025-08-13 12:44:41,hanilee@test.com,2025-08-13 12:15:22,True,21.32,22.6,75.96,3
2025-08-13 12:44:41,tim@test.com,2025-08-13 11:33:22,True,35.84,10.32,36.16,1
2025-08-13 12:44:41,fran@test.com,2025-08-13 11:41:31,True,49.15,11.49,48.42,2
2025-08-13 12:44:41,delen@test.com,2025-08-13 10:51:24,True,58.93,15.71,50.56,3
2025-08-13 12:44:41,sera@test.com,2025-08-13 11:01:27,True,46.12,16.67,24.03,0
2025-08-13 12:44:41,jack@test.com,2025-08-13 10:48:24,True,25.34,13.17,10.99,0
2025-08-13 12:44:43,alice@test.com,2025-08-13 11:43:22,True,7.93,19.73,65.47,1
2025-08-13 12:44:43,bob@test.com,2025-08-13 12:19:24,True,62.35,43.14,65.64,8
2025-08-13 12:44:43,hanilee@test.com,2025-08-13 12:15:22,True,27.68,28.09,73.26,3
2025-08-13 12:44:43,tim@test.com,2025-08-13 11:33:22,True,31.35,13.86,37.96,2
2025-08-13 12:44:43,fran@test.com,2025-08-13 11:41:31,True,40.37,18.9,46.57,3
2025-08-13 12:44:43,delen@test.com,2025-08-13 10:51:24,True,53.57,17.5,51.28,2
2025-08-13 12:44:43,sera@test.com,2025-08-13 11:01:27,True,45.98,16.68,25.65,1
2025-08-13 12:44:43,jack@test.com,2025-08-13 10:48:24,True,23.46,18.15,10.47,0
2025-08-13 12:44:45,alice@test.com,2025-08-13 11:43:22,True,8.23,22.41,62.81,2
2025-08-13 12:44:45,bob@test.com,2025-08-13 12:19:24,True,55.12,41.69,71.36,4
2025-08-13 12:44:45,hanilee@test.com,2025-08-13 12:15:22,True,23.9,30.5,81.1,2
2025-08-13 12:44:45,tim@test.com,2025-08-13 11:33:22,True,36.33,10.5,39.04,3
2025-08-13 12:44:45,fran@test.com,2025-08-13 11:41:31,True,42.57,14.69,47.28,2
2025-08-13 12:44:45,delen@test.com,2025-08-13 10:51:24,True,57.28,14.16,49.29,4
2025-08-13 12:44:45,sera@test.com,2025-08-13 11:01:27,True,51.05,13.58,23.38,1
2025-08-13 12:44:45,jack@test.com,2025-08-13 10:48:24,True,27.13,18.47,10.67,1
2025-08-13 12:44:47,alice@test.com,2025-08-13 11:43:22,True,12.77,19.94,61.92,2
2025-08-13 12:44:47,bob@test.com,2025-08-13 12:19:24,True,53.45,48.66,68.07,7
2025-08-13 12:44:47,hanilee@test.com,2025-08-13 12:15:22,True,24.84,29.24,80.48,4
2025-08-13 12:44:47,tim@test.com,2025-08-13 11:33:22,True,33.97,15.26,41.07,2
2025-08-13 12:44:47,fran@test.com,2025-08-13 11:41:31,True,42.74,10.28,49.71,0
2025-08-13 12:44:47,delen@test.com,2025-08-13 10:51:24,True,54.49,16.09,50.05,4
2025-08-13 12:44:47,sera@test.com,2025-08-13 11:01:27,True,52.19,20.27,25.03,2
2025-08-13 12:44:47,jack@test.com,2025-08-13 10:48:24,True,22.71,16.39,6.7,2
2025-08-13 12:44:49,alice@test.com,2025-08-13 11:43:22,True,12.88,22.03,61.66,3
2025-08-13 12:44:49,bob@test.com,2025-08-13 12:19:24,True,59.96,50.65,71.06,6
2025-08-13 12:44:49,hanilee@test.com,2025-08-13 12:15:22,True,24.52,30.73,76.02,3
2025-08-13 12:44:49,tim@test.com,2025-08-13 11:33:22,True,32.72,18.97,41.83,2
2025-08-13 12:44:49,fran@test.com,2025-08-13 11:41:31,True,41.53,17.82,53.38,3
2025-08-13 12:44:49,delen@test.com,2025-08-13 10:51:24,True,57.73,12.43,48.2,3
2025-08-13 12:44:49,sera@test.com,2025-08-13 11:01:27,True,49.87,18.69,22.51,2
2025-08-13 12:44:49,jack@test.com,2025-08-13 10:48:24,True,12.76,18.23,12.82,0
2025-08-13 12:44:51,alice@test.com,2025-08-13 11:43:22,True,11.22,22.05,60.74,3
2025-08-13 12:44:51,bob@test.com,2025-08-13 12:19:24,True,62.54,44.7,74.02,7
2025-08-13 12:44:51,hanilee@test.com,2025-08-13 12:15:22,True,24.49,23.17,79.77,2
2025-08-13 12:44:51,tim@test.com,2025-08-13 11:33:22,True,33.06,12.1,42.07,2
2025-08-13 12:44:51,fran@test.com,2025-08-13 11:41:31,True,43.62,12.45,45.44,2
2025-08-13 12:44:51,delen@test.com,2025-08-13 10:51:24,True,56.25,13.28,49.81,4
2025-08-13 12:44:51,sera@test.com,2025-08-13 11:01:27,True,48.53,15.44,27.59,2
2025-08-13 12:44:51,jack@test.com,2025-08-13 10:48:24,True,23.87,20.32,8.86,0
2025-08-13 12:44:53,alice@test.com,2025-08-13 11:43:22,True,10.94,20.8,62.02,2
2025-08-13 12:44:53,bob@test.com,2025-08-13 12:19:24,True,61.0,42.94,71.32,7
2025-08-13 12:44:53,hanilee@test.com,2025-08-13 12:15:22,True,26.58,30.49,74.15,1
2025-08-13 12:44:53,tim@test.com,2025-08-13 11:33:22,True,34.43,9.13,39.75,3
2025-08-13 12:44:53,fran@test.com,2025-08-13 11:41:31,True,40.91,17.04,49.8,3
2025-08-13 12:44:53,delen@test.com,2025-08-13 10:51:24,True,62.26,13.92,46.88,3
2025-08-13 12:44:53,sera@test.com,2025-08-13 11:01:27,True,52.54,22.58,26.56,1
2025-08-13 12:44:53,jack@test.com,2025-08-13 10:48:24,True,24.09,9.99,11.07,0
2025-08-13 12:44:55,alice@test.com,2025-08-13 11:43:22,True,11.47,18.76,61.3,0
2025-08-13 12:44:55,bob@test.com,2025-08-13 12:19:24,True,65.81,42.62,71.24,6
2025-08-13 12:44:55,hanilee@test.com,2025-08-13 12:15:22,True,21.07,27.66,79.86,3
2025-08-13 12:44:55,tim@test.com,2025-08-13 11:33:22,True,34.38,14.27,38.25,2
2025-08-13 12:44:55,fran@test.com,2025-08-13 11:41:31,True,48.51,18.5,50.55,3
2025-08-13 12:44:55,delen@test.com,2025-08-13 10:51:24,True,56.19,9.34,52.74,4
2025-08-13 12:44:55,sera@test.com,2025-08-13 11:01:27,True,45.3,13.94,25.64,0
2025-08-13 12:44:55,jack@test.com,2025-08-13 10:48:24,True,22.06,16.07,8.95,1
2025-08-13 12:44:57,alice@test.com,2025-08-13 11:43:22,True,13.1,16.93,63.12,2
2025-08-13 12:44:57,bob@test.com,2025-08-13 12:19:24,True,63.29,47.29,70.19,7
2025-08-13 12:44:57,hanilee@test.com,2025-08-13 12:15:22,True,21.79,28.21,76.97,3
2025-08-13 12:44:57,tim@test.com,2025-08-13 11:33:22,True,34.98,8.39,44.28,3
2025-08-13 12:44:57,fran@test.com,2025-08-13 11:41:31,True,45.29,13.27,47.32,3
2025-08-13 12:44:57,delen@test.com,2025-08-13 10:51:24,True,55.05,17.71,51.99,4
2025-08-13 12:44:57,sera@test.com,2025-08-13 11:01:27,True,50.02,10.64,24.37,1
2025-08-13 12:44:57,jack@test.com,2025-08-13 10:48:24,True,16.63,20.62,11.73,1
2025-08-13 12:44:59,alice@test.com,2025-08-13 11:43:22,True,12.16,19.6,60.35,0
2025-08-13 12:44:59,bob@test.com,2025-08-13 12:19:24,True,62.81,45.56,72.61,5
2025-08-13 12:44:59,hanilee@test.com,2025-08-13 12:15:22,True,22.5,30.41,75.01,3
2025-08-13 12:44:59,tim@test.com,2025-08-13 11:33:22,True,35.62,10.99,38.37,2
2025-08-13 12:44:59,fran@test.com,2025-08-13 11:41:31,True,40.06,12.03,49.6,3
2025-08-13 12:44:59,delen@test.com,2025-08-13 10:51:24,True,53.73,18.5,52.83,4
2025-08-13 12:44:59,sera@test.com,2025-08-13 11:01:27,True,47.47,15.89,25.65,0
2025-08-13 12:44:59,jack@test.com,2025-08-13 10:48:24,True,19.03,14.07,6.65,2
2025-08-13 12:45:01,alice@test.com,2025-08-13 11:43:22,True,11.13,20.18,61.49,3
2025-08-13 12:45:01,bob@test.com,2025-08-13 12:19:24,True,60.52,43.42,74.17,8
2025-08-13 12:45:01,hanilee@test.com,2025-08-13 12:15:22,True,30.24,27.9,76.47,3
2025-08-13 12:45:01,tim@test.com,2025-08-13 11:33:22,True,33.21,12.87,38.65,0
2025-08-13 12:45:01,fran@test.com,2025-08-13 11:41:31,True,46.05,13.94,52.65,2
2025-08-13 12:45:01,delen@test.com,2025-08-13 10:51:24,True,60.89,16.19,49.57,4
2025-08-13 12:45:01,sera@test.com,2025-08-13 11:01:27,True,49.84,12.81,21.33,2
2025-08-13 12:45:01,jack@test.com,2025-08-13 10:48:24,True,17.16,14.05,11.83,0
2025-08-13 12:45:03,alice@test.com,2025-08-13 11:43:22,True,11.22,20.04,60.74,1
2025-08-13 12:45:03,bob@test.com,2025-08-13 12:19:24,True,58.61,42.58,71.87,4
2025-08-13 12:45:03,hanilee@test.com,2025-08-13 12:15:22,True,24.36,27.94,77.7,3
2025-08-13 12:45:03,tim@test.com,2025-08-13 11:33:22,True,35.47,12.85,39.05,1
2025-08-13 12:45:03,fran@test.com,2025-08-13 11:41:31,True,43.19,11.32,53.25,2
2025-08-13 12:45:03,delen@test.com,2025-08-13 10:51:24,True,53.48,16.81,51.59,5
2025-08-13 12:45:03,sera@test.com,2025-08-13 11:01:27,True,51.75,16.19,27.17,1
2025-08-13 12:45:03,jack@test.com,2025-08-13 10:48:24,True,20.28,22.21,9.77,0
2025-08-13 12:45:05,alice@test.com,2025-08-13 11:43:22,True,8.35,20.73,61.49,3
2025-08-13 12:45:05,bob@test.com,2025-08-13 12:19:24,True,61.62,45.61,68.3,6
2025-08-13 12:45:05,hanilee@test.com,2025-08-13 12:15:22,True,28.01,31.55,77.82,2
2025-08-13 12:45:05,tim@test.com,2025-08-13 11:33:22,True,39.96,8.02,39.81,2
2025-08-13 12:45:05,fran@test.com,2025-08-13 11:41:31,True,48.88,17.06,52.82,3
2025-08-13 12:45:05,delen@test.com,2025-08-13 10:51:24,True,56.21,14.62,48.93,2
2025-08-13 12:45:05,sera@test.com,2025-08-13 11:01:27,True,47.26,20.83,30.74,2
2025-08-13 12:45:05,jack@test.com,2025-08-13 10:48:24,True,19.53,14.43,9.35,0
2025-08-13 12:45:07,alice@test.com,2025-08-13 11:43:22,True,7.31,20.22,63.97,0
2025-08-13 12:45:07,bob@test.com,2025-08-13 12:19:24,True,60.26,47.62,68.37,6
2025-08-13 12:45:07,hanilee@test.com,2025-08-13 12:15:22,True,23.87,30.04,78.87,2
2025-08-13 12:45:07,tim@test.com,2025-08-13 11:33:22,True,32.46,7.94,41.08,2
2025-08-13 12:45:07,fran@test.com,2025-08-13 11:41:31,True,38.78,18.65,53.23,3
2025-08-13 12:45:07,delen@test.com,2025-08-13 10:51:24,True,55.75,9.19,47.83,5
2025-08-13 12:45:07,sera@test.com,2025-08-13 11:01:27,True,52.57,9.39,27.18,1
2025-08-13 12:45:07,jack@test.com,2025-08-13 10:48:24,True,24.93,14.46,13.73,1
2025-08-13 12:45:09,alice@test.com,2025-08-13 11:43:22,True,11.12,14.1,60.87,1
2025-08-13 12:45:09,bob@test.com,2025-08-13 12:19:24,True,57.42,40.88,69.66,5
2025-08-13 12:45:09,hanilee@test.com,2025-08-13 12:15:22,True,17.27,30.65,77.38,3
2025-08-13 12:45:09,tim@test.com,2025-08-13 11:33:22,True,24.4,10.0,40.96,1
2025-08-13 12:45:09,fran@test.com,2025-08-13 11:41:31,True,47.21,15.13,48.23,2
2025-08-13 12:45:09,delen@test.com,2025-08-13 10:51:24,True,49.79,11.49,51.81,4
2025-08-13 12:45:09,sera@test.com,2025-08-13 11:01:27,True,48.63,10.14,24.41,1
2025-08-13 12:45:09,jack@test.com,2025-08-13 10:48:24,True,17.61,19.3,7.83,0
2025-08-13 12:45:11,alice@test.com,2025-08-13 11:43:22,True,11.4,24.11,64.67,3
2025-08-13 12:45:11,bob@test.com,2025-08-13 12:19:24,True,63.67,41.82,70.49,7
2025-08-13 12:45:11,hanilee@test.com,2025-08-13 12:15:22,True,25.59,29.94,78.22,3
2025-08-13 12:45:11,tim@test.com,2025-08-13 11:33:22,True,36.16,14.79,41.66,2
2025-08-13 12:45:11,fran@test.com,2025-08-13 11:41:31,True,47.47,18.28,53.87,0
2025-08-13 12:45:11,delen@test.com,2025-08-13 10:51:24,True,58.46,12.15,50.08,3
2025-08-13 12:45:11,sera@test.com,2025-08-13 11:01:27,True,51.23,20.56,24.76,1
2025-08-13 12:45:11,jack@test.com,2025-08-13 10:48:24,True,20.1,13.9,13.7,2
2025-08-13 12:45:13,alice@test.com,2025-08-13 11:43:22,True,13.04,19.12,62.74,1
2025-08-13 12:45:13,bob@test.com,2025-08-13 12:19:24,True,57.75,43.33,67.11,5
2025-08-13 12:45:13,hanilee@test.com,2025-08-13 12:15:22,True,21.78,28.84,74.05,2
2025-08-13 12:45:13,tim@test.com,2025-08-13 11:33:22,True,36.15,14.56,43.69,1
2025-08-13 12:45:13,fran@test.com,2025-08-13 11:41:31,True,43.87,5.23,49.51,1
2025-08-13 12:45:13,delen@test.com,2025-08-13 10:51:24,True,51.76,8.49,50.82,4
2025-08-13 12:45:13,sera@test.com,2025-08-13 11:01:27,True,47.3,17.55,25.11,1
2025-08-13 12:45:13,jack@test.com,2025-08-13 10:48:24,True,21.77,20.21,11.83,0
2025-08-13 12:45:15,alice@test.com,2025-08-13 11:43:22,True,17.17,17.66,63.19,1
2025-08-13 12:45:15,bob@test.com,2025-08-13 12:19:24,True,61.06,47.77,71.11,6
2025-08-13 12:45:15,hanilee@test.com,2025-08-13 12:15:22,True,18.62,27.94,80.33,2
2025-08-13 12:45:15,tim@test.com,2025-08-13 11:33:22,True,35.12,12.78,40.2,1
2025-08-13 12:45:15,fran@test.com,2025-08-13 11:41:31,True,44.92,13.85,52.78,0
2025-08-13 12:45:15,delen@test.com,2025-08-13 10:51:24,True,51.34,16.2,49.92,2
2025-08-13 12:45:15,sera@test.com,2025-08-13 11:01:27,True,45.5,14.2,22.2,0
2025-08-13 12:45:15,jack@test.com,2025-08-13 10:48:24,True,26.3,17.52,8.22,1
2025-08-13 12:45:17,alice@test.com,2025-08-13 11:43:22,True,10.75,20.09,61.79,2
2025-08-13 12:45:17,bob@test.com,2025-08-13 12:19:24,True,65.68,45.34,68.35,5
2025-08-13 12:45:17,hanilee@test.com,2025-08-13 12:15:22,True,25.24,28.26,76.14,3
2025-08-13 12:45:17,tim@test.com,2025-08-13 11:33:22,True,35.24,9.9,41.47,2
2025-08-13 12:45:17,fran@test.com,2025-08-13 11:41:31,True,44.81,13.58,49.09,3
2025-08-13 12:45:17,delen@test.com,2025-08-13 10:51:24,True,53.81,12.75,49.57,3
2025-08-13 12:45:17,sera@test.com,2025-08-13 11:01:27,True,49.09,22.73,24.33,1
2025-08-13 12:45:17,jack@test.com,2025-08-13 10:48:24,True,20.1,15.87,9.21,0
2025-08-13 12:45:19,alice@test.com,2025-08-13 11:43:22,True,10.23,13.51,61.14,3
2025-08-13 12:45:19,bob@test.com,2025-08-13 12:19:24,True,64.35,45.02,71.71,5
2025-08-13 12:45:19,hanilee@test.com,2025-08-13 12:15:22,True,21.12,33.84,77.53,0
2025-08-13 12:45:19,tim@test.com,2025-08-13 11:33:22,True,32.25,12.12,39.16,1
2025-08-13 12:45:19,fran@test.com,2025-08-13 11:41:31,True,45.45,9.66,49.08,3
2025-08-13 12:45:19,delen@test.com,2025-08-13 10:51:24,True,53.29,18.48,48.78,2
2025-08-13 12:45:19,sera@test.com,2025-08-13 11:01:27,True,49.86,18.18,27.01,3
2025-08-13 12:45:19,jack@test.com,2025-08-13 10:48:24,True,18.38,20.18,10.59,1
2025-08-13 12:45:21,alice@test.com,2025-08-13 11:43:22,True,14.85,24.35,61.15,1
2025-08-13 12:45:21,bob@test.com,2025-08-13 12:19:24,True,61.52,43.03,71.23,5
2025-08-13 12:45:21,hanilee@test.com,2025-08-13 12:15:22,True,23.06,30.53,80.2,2
2025-08-13 12:45:21,tim@test.com,2025-08-13 11:33:22,True,34.91,10.5,39.88,4
2025-08-13 12:45:21,fran@test.com,2025-08-13 11:41:31,True,43.16,14.58,49.89,2
2025-08-13 12:45:21,delen@test.com,2025-08-13 10:51:24,True,53.35,12.47,49.25,1
2025-08-13 12:45:21,sera@test.com,2025-08-13 11:01:27,True,51.25,13.15,20.35,1
2025-08-13 12:45:21,jack@test.com,2025-08-13 10:48:24,True,25.8,19.24,7.46,0
2025-08-13 12:45:23,alice@test.com,2025-08-13 11:43:22,True,9.59,17.78,59.39,0
2025-08-13 12:45:23,bob@test.com,2025-08-13 12:19:24,True,59.0,40.09,67.52,5
2025-08-13 12:45:23,hanilee@test.com,2025-08-13 12:15:22,True,26.56,29.61,78.18,3
2025-08-13 12:45:23,tim@test.com,2025-08-13 11:33:22,True,39.32,12.18,38.46,2
2025-08-13 12:45:23,fran@test.com,2025-08-13 11:41:31,True,40.45,12.41,45.92,1
2025-08-13 12:45:23,delen@test.com,2025-08-13 10:51:24,True,56.33,11.05,48.81,2
2025-08-13 12:45:23,sera@test.com,2025-08-13 11:01:27,True,49.72,20.59,22.98,1
2025-08-13 12:45:23,jack@test.com,2025-08-13 10:48:24,True,23.98,17.54,9.57,0
2025-08-13 12:45:25,alice@test.com,2025-08-13 11:43:22,True,7.26,21.5,66.38,1
2025-08-13 12:45:25,bob@test.com,2025-08-13 12:19:24,True,55.84,47.78,71.77,6
2025-08-13 12:45:25,hanilee@test.com,2025-08-13 12:15:22,True,22.34,27.02,75.09,2
2025-08-13 12:45:25,tim@test.com,2025-08-13 11:33:22,True,35.98,5.9,37.98,1
2025-08-13 12:45:25,fran@test.com,2025-08-13 11:41:31,True,46.17,17.19,52.77,3
2025-08-13 12:45:25,delen@test.com,2025-08-13 10:51:24,True,54.47,18.92,52.46,3
2025-08-13 12:45:25,sera@test.com,2025-08-13 11:01:27,True,44.93,24.67,26.31,2
2025-08-13 12:45:25,jack@test.com,2025-08-13 10:48:24,True,21.32,13.76,11.82,0
2025-08-13 12:45:27,alice@test.com,2025-08-13 11:43:22,True,12.06,14.69,59.13,2
2025-08-13 12:45:27,bob@test.com,2025-08-13 12:19:24,True,65.52,45.01,69.55,5
2025-08-13 12:45:27,hanilee@test.com,2025-08-13 12:15:22,True,27.93,30.6,77.44,2
2025-08-13 12:45:27,tim@test.com,2025-08-13 11:33:22,True,30.82,12.45,39.13,2
2025-08-13 12:45:27,fran@test.com,2025-08-13 11:41:31,True,44.26,18.21,48.84,1
2025-08-13 12:45:27,delen@test.com,2025-08-13 10:51:24,True,58.4,14.93,49.99,2
2025-08-13 12:45:27,sera@test.com,2025-08-13 11:01:27,True,54.5,16.59,25.5,1
2025-08-13 12:45:27,jack@test.com,2025-08-13 10:48:24,True,20.13,17.1,10.8,0
2025-08-13 12:45:29,alice@test.com,2025-08-13 11:43:22,True,11.97,24.17,61.25,3
2025-08-13 12:45:29,bob@test.com,2025-08-13 12:19:24,True,56.13,50.9,70.4,6
2025-08-13 12:45:29,hanilee@test.com,2025-08-13 12:15:22,True,29.68,28.03,77.39,0
2025-08-13 12:45:29,tim@test.com,2025-08-13 11:33:22,True,34.94,12.75,41.6,3
2025-08-13 12:45:29,fran@test.com,2025-08-13 11:41:31,True,42.97,13.69,52.69,1
2025-08-13 12:45:29,delen@test.com,2025-08-13 10:51:24,True,53.12,13.91,51.15,2
2025-08-13 12:45:29,sera@test.com,2025-08-13 11:01:27,True,47.24,13.39,25.96,2
2025-08-13 12:45:29,jack@test.com,2025-08-13 10:48:24,True,20.82,14.65,11.19,1
2025-08-13 12:45:31,alice@test.com,2025-08-13 11:43:22,True,9.65,19.82,64.56,1
2025-08-13 12:45:31,bob@test.com,2025-08-13 12:19:24,True,62.95,45.08,71.27,6
2025-08-13 12:45:31,hanilee@test.com,2025-08-13 12:15:22,True,26.62,26.52,78.63,3
2025-08-13 12:45:31,tim@test.com,2025-08-13 11:33:22,True,37.55,8.68,38.83,2
2025-08-13 12:45:31,fran@test.com,2025-08-13 11:41:31,True,45.38,11.52,46.74,3
2025-08-13 12:45:31,delen@test.com,2025-08-13 10:51:24,True,57.44,15.85,50.12,2
2025-08-13 12:45:31,sera@test.com,2025-08-13 11:01:27,True,49.13,15.11,21.39,0
2025-08-13 12:45:31,jack@test.com,2025-08-13 10:48:24,True,15.12,13.25,7.54,2
2025-08-13 12:45:33,alice@test.com,2025-08-13 11:43:22,True,10.23,17.31,62.31,2
2025-08-13 12:45:33,bob@test.com,2025-08-13 12:19:24,True,58.58,43.93,66.5,6
2025-08-13 12:45:33,hanilee@test.com,2025-08-13 12:15:22,True,22.6,27.96,76.39,2
2025-08-13 12:45:33,tim@test.com,2025-08-13 11:33:22,True,34.17,10.25,38.44,0
2025-08-13 12:45:33,fran@test.com,2025-08-13 11:41:31,True,41.55,12.72,46.83,3
2025-08-13 12:45:33,delen@test.com,2025-08-13 10:51:24,True,54.63,11.5,51.12,2
2025-08-13 12:45:33,sera@test.com,2025-08-13 11:01:27,True,51.38,17.71,21.95,1
2025-08-13 12:45:33,jack@test.com,2025-08-13 10:48:24,True,17.09,17.09,11.3,0
2025-08-13 12:45:35,alice@test.com,2025-08-13 11:43:22,True,13.56,18.86,62.31,2
2025-08-13 12:45:35,bob@test.com,2025-08-13 12:19:24,True,58.01,43.3,70.63,4
2025-08-13 12:45:35,hanilee@test.com,2025-08-13 12:15:22,True,16.51,28.59,78.97,2
2025-08-13 12:45:35,tim@test.com,2025-08-13 11:33:22,True,33.99,11.28,40.01,1
2025-08-13 12:45:35,fran@test.com,2025-08-13 11:41:31,True,51.1,12.52,48.26,3
2025-08-13 12:45:35,delen@test.com,2025-08-13 10:51:24,True,58.65,12.34,50.38,3
2025-08-13 12:45:35,sera@test.com,2025-08-13 11:01:27,True,48.48,17.27,27.05,1
2025-08-13 12:45:35,jack@test.com,2025-08-13 10:48:24,True,20.58,19.78,12.74,0
2025-08-13 12:45:37,alice@test.com,2025-08-13 11:43:22,True,6.38,18.0,65.79,1
2025-08-13 12:45:37,bob@test.com,2025-08-13 12:19:24,True,59.28,45.9,70.54,5
2025-08-13 12:45:37,hanilee@test.com,2025-08-13 12:15:22,True,26.45,28.09,78.04,3
2025-08-13 12:45:37,tim@test.com,2025-08-13 11:33:22,True,33.97,11.19,42.34,2
2025-08-13 12:45:37,fran@test.com,2025-08-13 11:41:31,True,42.11,13.59,50.45,2
2025-08-13 12:45:37,delen@test.com,2025-08-13 10:51:24,True,59.04,12.48,49.47,5
2025-08-13 12:45:37,sera@test.com,2025-08-13 11:01:27,True,47.26,12.77,22.74,3
2025-08-13 12:45:37,jack@test.com,2025-08-13 10:48:24,True,24.0,17.45,11.81,1
2025-08-13 12:45:39,alice@test.com,2025-08-13 11:43:22,True,8.5,17.18,60.03,1
2025-08-13 12:45:39,bob@test.com,2025-08-13 12:19:24,True,60.11,45.39,73.48,5
2025-08-13 12:45:39,hanilee@test.com,2025-08-13 12:15:22,True,24.4,27.16,77.33,2
2025-08-13 12:45:39,tim@test.com,2025-08-13 11:33:22,True,33.91,11.14,37.12,3
2025-08-13 12:45:39,fran@test.com,2025-08-13 11:41:31,True,38.48,14.86,50.85,2
2025-08-13 12:45:39,delen@test.com,2025-08-13 10:51:24,True,56.32,15.8,49.84,4
2025-08-13 12:45:39,sera@test.com,2025-08-13 11:01:27,True,48.67,17.63,29.88,2
2025-08-13 12:45:39,jack@test.com,2025-08-13 10:48:24,True,22.01,18.73,12.86,1
